SUBDIVISION,YEAR,JJAS,jjas_pct_departure,spring_oni,spring_iod,spring_soi,risk_flag,zone
Andaman & Nicobar Islands,1950,1578.4,-7.355030203948002,-1.18,-0.49166666666666664,,Normal,East
Andaman & Nicobar Islands,1951,1747.4,2.564508503307945,0.18,-0.131,-0.3666666666666667,Normal,East
Andaman & Nicobar Islands,1952,1824.8,7.107539840240543,0.29,0.01733333333333334,0.3666666666666667,Normal,East
Andaman & Nicobar Islands,1953,1627.1,-4.496559582389642,0.66,0.15,-0.5666666666666667,Normal,East
Andaman & Nicobar Islands,1954,2419.4,42.00788135109491,-0.41,-0.2406666666666667,0.4666666666666666,Excess (flood risk),East
Andaman & Nicobar Islands,1955,1648.3,-3.2522150818344557,-0.8,-0.24033333333333332,0.5,Normal,East
Andaman & Nicobar Islands,1956,1604.4,-5.828947325908626,-0.54,-0.29033333333333333,1.2,Normal,East
Andaman & Nicobar Islands,1957,1833.6,7.624060198961559,0.72,-0.27466666666666667,-0.09999999999999998,Normal,East
Andaman & Nicobar Islands,1958,1710.4,0.3927751768672939,0.93,-0.4056666666666667,0.06666666666666665,Normal,East
Andaman & Nicobar Islands,1959,2271.7,33.33855669392505,0.33,-0.5406666666666666,0.7333333333333334,Excess (flood risk),East
Andaman & Nicobar Islands,1960,1563.0,-8.258940831709792,0.03,-0.6389999999999999,0.7666666666666666,Normal,East
Andaman & Nicobar Islands,1961,1857.3,9.015143437789764,0.09,-0.391,-0.2333333333333333,Normal,East
Andaman & Nicobar Islands,1962,1671.9,-1.8670013925371673,-0.26,-0.016000000000000014,0.46666666666666673,Normal,East
Andaman & Nicobar Islands,1963,1953.5,14.661650086535458,0.27,-0.06133333333333333,0.7666666666666667,Excess (flood risk),East
Andaman & Nicobar Islands,1964,1745.9,2.476465260344135,-0.33,-0.35200000000000004,0.8000000000000002,Normal,East
Andaman & Nicobar Islands,1965,1774.3,4.1434173271256,0.18,-0.337,0.16666666666666666,Normal,East
Andaman & Nicobar Islands,1966,1372.1,-19.46391088623737,0.66,-0.39966666666666667,-0.5,Deficient (drought risk),East
Andaman & Nicobar Islands,1967,1796.4,5.440587773459078,-0.45,-0.060000000000000005,0.39999999999999997,Normal,East
Andaman & Nicobar Islands,1968,1803.3,5.845586691092596,-0.44,0.03433333333333333,0.43333333333333335,Normal,East
Andaman & Nicobar Islands,1969,1539.1,-9.661763169599839,0.77,-0.05200000000000001,-0.06666666666666667,Normal,East
Andaman & Nicobar Islands,1970,1738.2,2.02450994646324,0.19,0.15633333333333335,0.3,Normal,East
Andaman & Nicobar Islands,1971,1613.7,-5.283079219533005,-0.85,0.12466666666666665,1.6333333333333335,Normal,East
Andaman & Nicobar Islands,1972,1844.0,8.234493350177315,0.41,0.106,-0.3666666666666667,Normal,East
Andaman & Nicobar Islands,1973,1587.8,-6.803292548041466,-0.1,-0.011000000000000001,0.39999999999999997,Normal,East
Andaman & Nicobar Islands,1974,1378.7,-19.0765206171966,-1.03,-0.014333333333333328,1.4333333333333333,Deficient (drought risk),East
Andaman & Nicobar Islands,1975,1589.1,-6.7269884041395,-0.73,-0.10366666666666667,1.1333333333333333,Normal,East
Andaman & Nicobar Islands,1976,1698.2,-0.3233098659050316,-0.47,0.04599999999999999,0.7999999999999999,Normal,East
Andaman & Nicobar Islands,1977,1492.9,-12.373495052885183,0.23,-0.06533333333333334,-0.4666666666666666,Deficient (drought risk),East
Andaman & Nicobar Islands,1978,1775.9,4.237330119620339,-0.18,-0.44333333333333336,0.3,Normal,East
Andaman & Nicobar Islands,1979,1242.5,-27.070847078310567,0.28,-0.22833333333333336,0.16666666666666666,Deficient (drought risk),East
Andaman & Nicobar Islands,1980,1946.3,14.239042520309168,0.38,-0.19333333333333336,-0.3333333333333333,Excess (flood risk),East
Andaman & Nicobar Islands,1981,1908.0,11.99100504996655,-0.37,0.033666666666666664,-0.20000000000000004,Excess (flood risk),East
Andaman & Nicobar Islands,1982,1575.8,-7.507638491751948,0.47,0.132,0.13333333333333333,Normal,East
Andaman & Nicobar Islands,1983,1892.4,11.07535532314293,1.29,-0.45533333333333337,-0.8999999999999999,Excess (flood risk),East
Andaman & Nicobar Islands,1984,1280.7,-24.828679157498865,-0.43,-0.12533333333333332,0.09999999999999999,Deficient (drought risk),East
Andaman & Nicobar Islands,1985,1557.0,-8.611113803565033,-0.78,-0.32133333333333336,0.7999999999999999,Normal,East
Andaman & Nicobar Islands,1986,1473.6,-13.506318112352883,-0.2,-0.21333333333333335,0.20000000000000004,Deficient (drought risk),East
Andaman & Nicobar Islands,1987,1434.5,-15.801311978942865,0.95,-0.04333333333333334,-1.3333333333333333,Deficient (drought risk),East
Andaman & Nicobar Islands,1988,1810.5,6.268194257318887,-0.31,-0.318,0.5333333333333333,Normal,East
Andaman & Nicobar Islands,1989,1424.1,-16.41174513015862,-0.83,-0.46433333333333326,1.3,Deficient (drought risk),East
Andaman & Nicobar Islands,1990,1108.0,-34.96539119739888,0.29,-0.29233333333333333,0.3333333333333333,Deficient (drought risk),East
Andaman & Nicobar Islands,1991,1689.3,-0.8456997741569774,0.26,0.21,-0.7666666666666666,Normal,East
Andaman & Nicobar Islands,1992,1436.2,-15.701529636917211,1.29,-0.5910000000000001,-0.9,Deficient (drought risk),East
Andaman & Nicobar Islands,1993,1312.5,-22.962162406666092,0.67,-0.16766666666666666,-0.6666666666666666,Deficient (drought risk),East
Andaman & Nicobar Islands,1994,2191.5,28.631177970126675,0.31,0.36566666666666664,-0.9,Excess (flood risk),East
Andaman & Nicobar Islands,1995,1933.9,13.511218378475009,0.3,-0.17400000000000002,-0.09999999999999998,Excess (flood risk),East
Andaman & Nicobar Islands,1996,1764.3,3.556462374033532,-0.39,-0.24,0.7333333333333334,Normal,East
Andaman & Nicobar Islands,1997,1988.8,16.733601070950456,0.28,0.041,-0.7666666666666666,Excess (flood risk),East
Andaman & Nicobar Islands,1998,1561.2,-8.364592723266362,0.99,0.044000000000000004,-1.1666666666666667,Normal,East
Andaman & Nicobar Islands,1999,1358.0,-20.291517370097186,-0.98,-0.028333333333333335,0.9666666666666668,Deficient (drought risk),East
Andaman & Nicobar Islands,2000,1244.2,-26.971064736284912,-0.81,0.13166666666666665,0.9666666666666667,Deficient (drought risk),East
Andaman & Nicobar Islands,2001,1515.4,-11.05284640842803,-0.34,0.08766666666666667,0.20000000000000004,Deficient (drought risk),East
Andaman & Nicobar Islands,2002,1525.6,-10.45415235627413,0.2,-0.22433333333333336,-0.3666666666666667,Deficient (drought risk),East
Andaman & Nicobar Islands,2003,1406.1,-17.46826404572434,-0.04,-0.10066666666666668,-0.2333333333333333,Deficient (drought risk),East
Andaman & Nicobar Islands,2004,1392.2,-18.284131430522308,0.17,-0.18899999999999997,0.16666666666666666,Deficient (drought risk),East
Andaman & Nicobar Islands,2005,1700.4,-0.19417977622477398,0.43,-0.12733333333333333,-0.3666666666666667,Normal,East
Andaman & Nicobar Islands,2006,1314.9,-22.82129321792399,-0.37,-0.14966666666666664,0.8000000000000002,Deficient (drought risk),East
Andaman & Nicobar Islands,2007,1793.1,5.246892638938685,-0.32,0.16166666666666668,0.0,Normal,East
Andaman & Nicobar Islands,2008,1783.1,4.659937685846616,-1.01,0.041,0.6666666666666665,Normal,East
Andaman & Nicobar Islands,2009,1627.1,-4.496559582389642,-0.33,0.161,0.3666666666666667,Normal,East
Andaman & Nicobar Islands,2010,1797.8,5.522761466891959,0.35,0.26633333333333337,0.4666666666666666,Normal,East
Andaman & Nicobar Islands,2011,2165.0,27.075747344432692,-0.62,0.14400000000000002,1.6000000000000003,Excess (flood risk),East
Andaman & Nicobar Islands,2012,2014.0,18.212727552742468,-0.36,-0.205,0.13333333333333333,Excess (flood risk),East
Andaman & Nicobar Islands,2013,2152.1,26.31857545494392,-0.19,-0.24,0.8333333333333334,Excess (flood risk),East
Andaman & Nicobar Islands,2014,1618.7,-4.989601742986971,0.15,-0.10033333333333333,0.13333333333333333,Normal,East
Andaman & Nicobar Islands,2015,1678.6,-1.4737415739654927,0.81,-0.0030000000000000027,-0.4666666666666666,Normal,East
Andaman & Nicobar Islands,2016,1562.6,-8.282419029833479,1.05,0.008333333333333326,-0.3,Normal,East
Andaman & Nicobar Islands,2017,1526.0,-10.430674158150444,0.31,0.46366666666666667,0.3333333333333333,Deficient (drought risk),East
Arunachal Pradesh,1950,,,-1.18,-0.49166666666666664,,Normal,East
Arunachal Pradesh,1951,1974.7,-12.554805639708032,0.18,-0.131,-0.3666666666666667,Deficient (drought risk),East
Arunachal Pradesh,1952,1446.7,-35.93611045676083,0.29,0.01733333333333334,0.3666666666666667,Deficient (drought risk),East
Arunachal Pradesh,1953,1617.5,-28.372612610638452,0.66,0.15,-0.5666666666666667,Deficient (drought risk),East
Arunachal Pradesh,1957,2875.9,27.35283053667072,0.72,-0.27466666666666667,-0.09999999999999998,Excess (flood risk),East
Arunachal Pradesh,1958,3338.7,47.84689847101168,0.93,-0.4056666666666667,0.06666666666666665,Excess (flood risk),East
Arunachal Pradesh,1959,2792.6,23.664075439586433,0.33,-0.5406666666666666,0.7333333333333334,Excess (flood risk),East
Arunachal Pradesh,1960,3236.8,43.334483772417606,0.03,-0.6389999999999999,0.7666666666666666,Excess (flood risk),East
Arunachal Pradesh,1961,2137.9,-5.327856878073532,0.09,-0.391,-0.2333333333333333,Normal,East
Arunachal Pradesh,1962,3475.2,53.891497159511125,-0.26,-0.016000000000000014,0.46666666666666673,Excess (flood risk),East
Arunachal Pradesh,1963,3138.5,38.9814870612125,0.27,-0.06133333333333333,0.7666666666666667,Excess (flood risk),East
Arunachal Pradesh,1964,3896.1,72.53011685174128,-0.33,-0.35200000000000004,0.8000000000000002,Excess (flood risk),East
Arunachal Pradesh,1965,1244.7,-44.88123086025451,0.18,-0.337,0.16666666666666666,Deficient (drought risk),East
Arunachal Pradesh,1966,1515.1,-32.9071686963699,0.66,-0.39966666666666667,-0.5,Deficient (drought risk),East
Arunachal Pradesh,1967,1121.2,-50.35015348318258,-0.45,-0.060000000000000005,0.39999999999999997,Deficient (drought risk),East
Arunachal Pradesh,1968,1385.9,-38.62850313266388,-0.44,0.03433333333333333,0.43333333333333335,Deficient (drought risk),East
Arunachal Pradesh,1969,1392.7,-38.32738026759577,0.77,-0.05200000000000001,-0.06666666666666667,Deficient (drought risk),East
Arunachal Pradesh,1970,1320.2,-41.53788140251306,0.19,0.15633333333333335,0.3,Deficient (drought risk),East
Arunachal Pradesh,1971,1359.3,-39.80642492837147,-0.85,0.12466666666666665,1.6333333333333335,Deficient (drought risk),East
Arunachal Pradesh,1972,1357.9,-39.86842081235607,0.41,0.106,-0.3666666666666667,Deficient (drought risk),East
Arunachal Pradesh,1973,1385.5,-38.64621624237377,-0.1,-0.011000000000000001,0.39999999999999997,Deficient (drought risk),East
Arunachal Pradesh,1974,2023.5,-10.39380625510164,-1.03,-0.014333333333333328,1.4333333333333333,Deficient (drought risk),East
Arunachal Pradesh,1975,1177.7,-47.84817673666083,-0.73,-0.10366666666666667,1.1333333333333333,Deficient (drought risk),East
Arunachal Pradesh,1976,1416.7,-37.26459368500247,-0.47,0.04599999999999999,0.7999999999999999,Deficient (drought risk),East
Arunachal Pradesh,1977,1950.2,-13.639733609438704,0.23,-0.06533333333333334,-0.4666666666666666,Deficient (drought risk),East
Arunachal Pradesh,1978,1417.4,-37.23359574301016,-0.18,-0.44333333333333336,0.3,Deficient (drought risk),East
Arunachal Pradesh,1979,1619.2,-28.297331894371425,0.28,-0.22833333333333336,0.16666666666666666,Deficient (drought risk),East
Arunachal Pradesh,1980,1957.1,-13.334182466943133,0.38,-0.19333333333333336,-0.3333333333333333,Deficient (drought risk),East
Arunachal Pradesh,1981,1667.4,-26.16290217432986,-0.37,0.033666666666666664,-0.20000000000000004,Deficient (drought risk),East
Arunachal Pradesh,1982,1746.4,-22.664563006626885,0.47,0.132,0.13333333333333333,Deficient (drought risk),East
Arunachal Pradesh,1983,1980.6,-12.293537271487185,1.29,-0.45533333333333337,-0.8999999999999999,Deficient (drought risk),East
Arunachal Pradesh,1984,1853.0,-17.94401926894161,-0.43,-0.12533333333333332,0.09999999999999999,Deficient (drought risk),East
Arunachal Pradesh,1985,1992.2,-11.779857089900412,-0.78,-0.32133333333333336,0.7999999999999999,Deficient (drought risk),East
Arunachal Pradesh,1986,1599.1,-29.187415657293325,-0.2,-0.21333333333333335,0.20000000000000004,Deficient (drought risk),East
Arunachal Pradesh,1987,2461.9,9.019761986936139,0.95,-0.04333333333333334,-1.3333333333333333,Normal,East
Arunachal Pradesh,1988,2457.0,8.802776392990001,-0.31,-0.318,0.5333333333333333,Normal,East
Arunachal Pradesh,1989,1956.8,-13.34746729922555,-0.83,-0.46433333333333326,1.3,Deficient (drought risk),East
Arunachal Pradesh,1990,2369.5,4.9280336439518955,0.29,-0.29233333333333333,0.3333333333333333,Normal,East
Arunachal Pradesh,1991,2303.9,2.023083651530188,0.26,0.21,-0.7666666666666666,Normal,East
Arunachal Pradesh,1992,1702.7,-24.599720242432202,1.29,-0.5910000000000001,-0.9,Deficient (drought risk),East
Arunachal Pradesh,1993,2203.7,-2.4140503307968886,0.67,-0.16766666666666666,-0.6666666666666666,Normal,East
Arunachal Pradesh,1994,1154.4,-48.87996537726183,0.31,0.36566666666666664,-0.9,Deficient (drought risk),East
Arunachal Pradesh,1995,2155.2,-4.561764883120867,0.3,-0.17400000000000002,-0.09999999999999998,Normal,East
Arunachal Pradesh,1996,1472.5,-34.79361488047303,-0.39,-0.24,0.7333333333333334,Deficient (drought risk),East
Arunachal Pradesh,1997,1583.7,-29.86937038112403,0.28,0.041,-0.7666666666666666,Deficient (drought risk),East
Arunachal Pradesh,1998,2707.4,19.891183071380194,0.99,0.044000000000000004,-1.1666666666666667,Excess (flood risk),East
Arunachal Pradesh,1999,1519.0,-32.734465876698486,-0.98,-0.028333333333333335,0.9666666666666668,Deficient (drought risk),East
Arunachal Pradesh,2000,1650.0,-26.933422446710008,-0.81,0.13166666666666665,0.9666666666666667,Deficient (drought risk),East
Arunachal Pradesh,2001,1147.8,-49.172231687475005,-0.34,0.08766666666666667,0.20000000000000004,Deficient (drought risk),East
Arunachal Pradesh,2002,1549.4,-31.38826953874696,0.2,-0.22433333333333336,-0.3666666666666667,Deficient (drought risk),East
Arunachal Pradesh,2003,1656.6,-26.641156136496857,-0.04,-0.10066666666666668,-0.2333333333333333,Deficient (drought risk),East
Arunachal Pradesh,2004,1578.7,-30.09078425249763,0.17,-0.18899999999999997,0.16666666666666666,Deficient (drought risk),East
Arunachal Pradesh,2005,1343.7,-40.497236207057114,0.43,-0.12733333333333333,-0.3666666666666667,Deficient (drought risk),East
Arunachal Pradesh,2006,1393.5,-38.291954048176,-0.37,-0.14966666666666664,0.8000000000000002,Deficient (drought risk),East
Arunachal Pradesh,2007,2185.1,-3.237709932306699,-0.32,0.16166666666666668,0.0,Normal,East
Arunachal Pradesh,2008,1508.7,-33.190578451728115,-1.01,0.041,0.6666666666666665,Deficient (drought risk),East
Arunachal Pradesh,2009,1111.8,-50.76641156136497,-0.33,0.161,0.3666666666666667,Deficient (drought risk),East
Arunachal Pradesh,2010,1653.6,-26.77400445932102,0.35,0.26633333333333337,0.4666666666666666,Deficient (drought risk),East
Arunachal Pradesh,2011,1384.2,-38.703783848930904,-0.62,0.14400000000000002,1.6000000000000003,Deficient (drought risk),East
Arunachal Pradesh,2012,2325.6,2.98401985329163,-0.36,-0.205,0.13333333333333333,Normal,East
Arunachal Pradesh,2013,1165.9,-48.37071347310255,-0.19,-0.24,0.8333333333333334,Deficient (drought risk),East
Arunachal Pradesh,2014,1750.8,-22.469718799818118,0.15,-0.10033333333333333,0.13333333333333333,Deficient (drought risk),East
Arunachal Pradesh,2015,1936.9,-14.228694507292495,0.81,-0.0030000000000000027,-0.4666666666666666,Deficient (drought risk),East
Arunachal Pradesh,2016,1678.2,-25.68464821216287,1.05,0.008333333333333326,-0.3,Deficient (drought risk),East
Arunachal Pradesh,2017,1583.5,-29.878226935978976,0.31,0.46366666666666667,0.3333333333333333,Deficient (drought risk),East
Assam & Meghalaya,1950,1643.1,-4.3256882217837225,-1.18,-0.49166666666666664,,Normal,East
Assam & Meghalaya,1951,1736.3,1.101154853944938,0.18,-0.131,-0.3666666666666667,Normal,East
Assam & Meghalaya,1952,1785.2,3.948500630802576,0.29,0.01733333333333334,0.3666666666666667,Normal,East
Assam & Meghalaya,1953,1603.4,-6.637337042668129,0.66,0.15,-0.5666666666666667,Normal,East
Assam & Meghalaya,1954,1812.6,5.543945912722796,-0.41,-0.2406666666666667,0.4666666666666666,Normal,East
Assam & Meghalaya,1955,1812.6,5.543945912722796,-0.8,-0.24033333333333332,0.5,Normal,East
Assam & Meghalaya,1956,1706.7,-0.6223918739688792,-0.54,-0.29033333333333333,1.2,Normal,East
Assam & Meghalaya,1957,1428.6,-16.815579206159228,0.72,-0.27466666666666667,-0.09999999999999998,Deficient (drought risk),East
Assam & Meghalaya,1958,1579.8,-8.011516190599428,0.93,-0.4056666666666667,0.06666666666666665,Normal,East
Assam & Meghalaya,1959,1424.6,-17.048490926147583,0.33,-0.5406666666666666,0.7333333333333334,Deficient (drought risk),East
Assam & Meghalaya,1960,1837.0,6.9647074046517625,0.03,-0.6389999999999999,0.7666666666666666,Normal,East
Assam & Meghalaya,1961,1261.7,-26.53382072267331,0.09,-0.391,-0.2333333333333333,Deficient (drought risk),East
Assam & Meghalaya,1962,1587.3,-7.574806715621264,-0.26,-0.016000000000000014,0.46666666666666673,Normal,East
Assam & Meghalaya,1963,1797.1,4.641412997767922,0.27,-0.06133333333333333,0.7666666666666667,Normal,East
Assam & Meghalaya,1964,1824.8,6.25432665868728,-0.33,-0.35200000000000004,0.8000000000000002,Normal,East
Assam & Meghalaya,1965,1626.7,-5.280626273735967,0.18,-0.337,0.16666666666666666,Normal,East
Assam & Meghalaya,1966,2053.9,19.594345421020286,0.66,-0.39966666666666667,-0.5,Excess (flood risk),East
Assam & Meghalaya,1967,1452.9,-15.400640507229966,-0.45,-0.060000000000000005,0.39999999999999997,Deficient (drought risk),East
Assam & Meghalaya,1968,1666.8,-2.9456862808527196,-0.44,0.03433333333333333,0.43333333333333335,Normal,East
Assam & Meghalaya,1969,1660.3,-3.324167825833796,0.77,-0.05200000000000001,-0.06666666666666667,Normal,East
Assam & Meghalaya,1970,1913.5,11.41914404942904,0.19,0.15633333333333335,0.3,Excess (flood risk),East
Assam & Meghalaya,1971,1551.3,-9.671012195516452,-0.85,0.12466666666666665,1.6333333333333335,Normal,East
Assam & Meghalaya,1972,1515.3,-11.767217675411642,0.41,0.106,-0.3666666666666667,Deficient (drought risk),East
Assam & Meghalaya,1973,1742.6,1.4679908129265937,-0.1,-0.011000000000000001,0.39999999999999997,Normal,East
Assam & Meghalaya,1974,2356.3,37.20247145213988,-1.03,-0.014333333333333328,1.4333333333333333,Excess (flood risk),East
Assam & Meghalaya,1975,1473.9,-14.177853977291102,-0.73,-0.10366666666666667,1.1333333333333333,Deficient (drought risk),East
Assam & Meghalaya,1976,1407.8,-18.02672015009867,-0.47,0.04599999999999999,0.7999999999999999,Deficient (drought risk),East
Assam & Meghalaya,1977,1505.2,-12.355319768382232,0.23,-0.06533333333333334,-0.4666666666666666,Deficient (drought risk),East
Assam & Meghalaya,1978,1478.2,-13.927473878303626,-0.18,-0.44333333333333336,0.3,Deficient (drought risk),East
Assam & Meghalaya,1979,1542.6,-10.177595186491127,0.28,-0.22833333333333336,0.16666666666666666,Deficient (drought risk),East
Assam & Meghalaya,1980,1537.1,-10.497848801475113,0.38,-0.19333333333333336,-0.3333333333333333,Deficient (drought risk),East
Assam & Meghalaya,1981,1431.8,-16.62924983016854,-0.37,0.033666666666666664,-0.20000000000000004,Deficient (drought risk),East
Assam & Meghalaya,1982,1720.6,0.1869763529906444,0.47,0.132,0.13333333333333333,Normal,East
Assam & Meghalaya,1983,1844.2,7.383948500630804,1.29,-0.45533333333333337,-0.8999999999999999,Normal,East
Assam & Meghalaya,1984,2292.5,33.48752951832562,-0.43,-0.12533333333333332,0.09999999999999999,Excess (flood risk),East
Assam & Meghalaya,1985,1895.1,10.347750137482606,-0.78,-0.32133333333333336,0.7999999999999999,Excess (flood risk),East
Assam & Meghalaya,1986,1726.6,0.5363439329731761,-0.2,-0.21333333333333335,0.20000000000000004,Normal,East
Assam & Meghalaya,1987,2170.6,26.389544851680512,0.95,-0.04333333333333334,-1.3333333333333333,Excess (flood risk),East
Assam & Meghalaya,1988,2151.0,25.248277423737587,-0.31,-0.318,0.5333333333333333,Excess (flood risk),East
Assam & Meghalaya,1989,1929.5,12.350790929382459,-0.83,-0.46433333333333326,1.3,Excess (flood risk),East
Assam & Meghalaya,1990,1750.2,1.9105230809044749,0.29,-0.29233333333333333,0.3333333333333333,Normal,East
Assam & Meghalaya,1991,1783.8,3.866981528806647,0.26,0.21,-0.7666666666666666,Normal,East
Assam & Meghalaya,1992,1578.5,-8.08721249959564,1.29,-0.5910000000000001,-0.9,Normal,East
Assam & Meghalaya,1993,1969.9,14.703199301264844,0.67,-0.16766666666666666,-0.6666666666666666,Excess (flood risk),East
Assam & Meghalaya,1994,1273.4,-25.852553941707367,0.31,0.36566666666666664,-0.9,Deficient (drought risk),East
Assam & Meghalaya,1995,2169.0,26.29638016368518,0.3,-0.17400000000000002,-0.09999999999999998,Excess (flood risk),East
Assam & Meghalaya,1996,1543.5,-10.125190049493742,-0.39,-0.24,0.7333333333333334,Deficient (drought risk),East
Assam & Meghalaya,1997,1763.4,2.679131756866047,0.28,0.041,-0.7666666666666666,Normal,East
Assam & Meghalaya,1998,1947.4,13.393070876330352,0.99,0.044000000000000004,-1.1666666666666667,Excess (flood risk),East
Assam & Meghalaya,1999,1710.2,-0.4185941189790691,-0.98,-0.028333333333333335,0.9666666666666668,Normal,East
Assam & Meghalaya,2000,1666.6,-2.9573318668521402,-0.81,0.13166666666666665,0.9666666666666667,Normal,East
Assam & Meghalaya,2001,1413.2,-17.712289328114384,-0.34,0.08766666666666667,0.20000000000000004,Deficient (drought risk),East
Assam & Meghalaya,2002,1589.8,-7.429236890628542,0.2,-0.22433333333333336,-0.3666666666666667,Normal,East
Assam & Meghalaya,2003,1573.3,-8.389997735580504,-0.04,-0.10066666666666668,-0.2333333333333333,Normal,East
Assam & Meghalaya,2004,1849.7,7.704202115614792,0.17,-0.18899999999999997,0.16666666666666666,Normal,East
Assam & Meghalaya,2005,1525.2,-11.19076116844046,0.43,-0.12733333333333333,-0.3666666666666667,Deficient (drought risk),East
Assam & Meghalaya,2006,1208.1,-29.65483777051727,-0.37,-0.14966666666666664,0.8000000000000002,Deficient (drought risk),East
Assam & Meghalaya,2007,1975.1,15.005984537249695,-0.32,0.16166666666666668,0.0,Excess (flood risk),East
Assam & Meghalaya,2008,1683.9,-1.9499886779024966,-1.01,0.041,0.6666666666666665,Normal,East
Assam & Meghalaya,2009,1473.5,-14.201145149289943,-0.33,0.161,0.3666666666666667,Deficient (drought risk),East
Assam & Meghalaya,2010,1690.2,-1.5831527189208412,0.35,0.26633333333333337,0.4666666666666666,Normal,East
Assam & Meghalaya,2011,1236.0,-28.03027852359849,-0.62,0.14400000000000002,1.6000000000000003,Deficient (drought risk),East
Assam & Meghalaya,2012,1874.8,9.16572315854171,-0.36,-0.205,0.13333333333333333,Normal,East
Assam & Meghalaya,2013,1172.9,-31.704460906414774,-0.19,-0.24,0.8333333333333334,Deficient (drought risk),East
Assam & Meghalaya,2014,1705.5,-0.6922653899653882,0.15,-0.10033333333333333,0.13333333333333333,Normal,East
Assam & Meghalaya,2015,1729.3,0.6935593439653178,0.81,-0.0030000000000000027,-0.4666666666666666,Normal,East
Assam & Meghalaya,2016,1323.9,-22.912043476854393,1.05,0.008333333333333326,-0.3,Deficient (drought risk),East
Assam & Meghalaya,2017,1742.7,1.4738136059263105,0.31,0.46366666666666667,0.3333333333333333,Normal,East
Naga Mani Mizo Tripura,1950,1647.5,2.4204830870643868,-1.18,-0.49166666666666664,,Normal,East
Naga Mani Mizo Tripura,1951,1562.7,-2.8512965583274528,0.18,-0.131,-0.3666666666666667,Normal,East
Naga Mani Mizo Tripura,1952,1742.7,8.338801745570326,0.29,0.01733333333333334,0.3666666666666667,Normal,East
Naga Mani Mizo Tripura,1953,1825.9,13.511113850483078,0.66,0.15,-0.5666666666666667,Excess (flood risk),East
Naga Mani Mizo Tripura,1954,2031.2,26.274042638206485,-0.41,-0.2406666666666667,0.4666666666666666,Excess (flood risk),East
Naga Mani Mizo Tripura,1955,1789.0,11.217143698184028,-0.8,-0.24033333333333332,0.5,Excess (flood risk),East
Naga Mani Mizo Tripura,1956,2015.7,25.31045083981529,-0.54,-0.29033333333333333,1.2,Excess (flood risk),East
Naga Mani Mizo Tripura,1957,1618.3,0.6052004733209666,0.72,-0.27466666666666667,-0.09999999999999998,Normal,East
Naga Mani Mizo Tripura,1958,1119.0,-30.43488887743548,0.93,-0.4056666666666667,0.06666666666666665,Deficient (drought risk),East
Naga Mani Mizo Tripura,1959,1371.2,-14.7563178094187,0.33,-0.5406666666666666,0.7333333333333334,Deficient (drought risk),East
Naga Mani Mizo Tripura,1960,1323.5,-17.721693859951614,0.03,-0.6389999999999999,0.7666666666666666,Deficient (drought risk),East
Naga Mani Mizo Tripura,1961,1250.5,-22.259900394310158,0.09,-0.391,-0.2333333333333333,Deficient (drought risk),East
Naga Mani Mizo Tripura,1962,1352.4,-15.925061410048022,-0.26,-0.016000000000000014,0.46666666666666673,Deficient (drought risk),East
Naga Mani Mizo Tripura,1963,2075.9,29.052917050341104,0.27,-0.06133333333333333,0.7666666666666667,Excess (flood risk),East
Naga Mani Mizo Tripura,1964,1297.4,-19.344258114016785,-0.33,-0.35200000000000004,0.8000000000000002,Deficient (drought risk),East
Naga Mani Mizo Tripura,1965,1479.1,-8.048475548359985,0.18,-0.337,0.16666666666666666,Normal,East
Naga Mani Mizo Tripura,1966,1832.6,13.927634176239263,0.66,-0.39966666666666667,-0.5,Excess (flood risk),East
Naga Mani Mizo Tripura,1967,1374.9,-14.526299122060799,-0.45,-0.060000000000000005,0.39999999999999997,Deficient (drought risk),East
Naga Mani Mizo Tripura,1968,1497.4,-6.910815554130366,-0.44,0.03433333333333333,0.43333333333333335,Normal,East
Naga Mani Mizo Tripura,1969,3050.2,89.62243248082778,0.77,-0.05200000000000001,-0.06666666666666667,Excess (flood risk),East
Naga Mani Mizo Tripura,1970,2841.3,76.63570172702644,0.19,0.15633333333333335,0.3,Excess (flood risk),East
Naga Mani Mizo Tripura,1971,2141.5,33.13108620998385,-0.85,0.12466666666666665,1.6333333333333335,Excess (flood risk),East
Naga Mani Mizo Tripura,1972,898.7,-44.13032585715037,0.41,0.106,-0.3666666666666667,Deficient (drought risk),East
Naga Mani Mizo Tripura,1973,1183.8,-26.406453488032284,-0.1,-0.011000000000000001,0.39999999999999997,Deficient (drought risk),East
Naga Mani Mizo Tripura,1974,1590.3,-1.1354814850631323,-1.03,-0.014333333333333328,1.4333333333333333,Normal,East
Naga Mani Mizo Tripura,1975,1407.1,-12.524514869919095,-0.73,-0.10366666666666667,1.1333333333333333,Deficient (drought risk),East
Naga Mani Mizo Tripura,1976,1909.0,18.67720923411588,-0.47,0.04599999999999999,0.7999999999999999,Excess (flood risk),East
Naga Mani Mizo Tripura,1977,1389.9,-13.593790930069316,0.23,-0.06533333333333334,-0.4666666666666666,Deficient (drought risk),East
Naga Mani Mizo Tripura,1978,1405.5,-12.623982410398183,-0.18,-0.44333333333333336,0.3,Deficient (drought risk),East
Naga Mani Mizo Tripura,1979,1314.4,-18.28741549642644,0.28,-0.22833333333333336,0.16666666666666666,Deficient (drought risk),East
Naga Mani Mizo Tripura,1980,1377.3,-14.377097811342171,0.38,-0.19333333333333336,-0.3333333333333333,Deficient (drought risk),East
Naga Mani Mizo Tripura,1981,1214.2,-24.51657021892954,-0.37,0.033666666666666664,-0.20000000000000004,Deficient (drought risk),East
Naga Mani Mizo Tripura,1982,1496.3,-6.97919948820975,0.47,0.132,0.13333333333333333,Normal,East
Naga Mani Mizo Tripura,1983,1343.0,-16.509433210362687,1.29,-0.45533333333333337,-0.8999999999999999,Deficient (drought risk),East
Naga Mani Mizo Tripura,1984,1407.3,-12.512081427359206,-0.43,-0.12533333333333332,0.09999999999999999,Deficient (drought risk),East
Naga Mani Mizo Tripura,1985,1364.2,-15.191488299014724,-0.78,-0.32133333333333336,0.7999999999999999,Deficient (drought risk),East
Naga Mani Mizo Tripura,1986,1422.8,-11.548489628968008,-0.2,-0.21333333333333335,0.20000000000000004,Deficient (drought risk),East
Naga Mani Mizo Tripura,1987,1679.4,4.403617175366277,0.95,-0.04333333333333334,-1.3333333333333333,Normal,East
Naga Mani Mizo Tripura,1988,1712.4,6.455135197747536,-0.31,-0.318,0.5333333333333333,Normal,East
Naga Mani Mizo Tripura,1989,1607.6,-0.05998870363295971,-0.83,-0.46433333333333326,1.3,Normal,East
Naga Mani Mizo Tripura,1990,1452.0,-9.73320701522459,0.29,-0.29233333333333333,0.3333333333333333,Normal,East
Naga Mani Mizo Tripura,1991,1467.2,-8.788265380673218,0.26,0.21,-0.7666666666666666,Normal,East
Naga Mani Mizo Tripura,1992,1503.6,-6.525378834773898,1.29,-0.5910000000000001,-0.9,Normal,East
Naga Mani Mizo Tripura,1993,1802.3,12.043967628416473,0.67,-0.16766666666666666,-0.6666666666666666,Excess (flood risk),East
Naga Mani Mizo Tripura,1994,1059.2,-34.15248820284151,0.31,0.36566666666666664,-0.9,Deficient (drought risk),East
Naga Mani Mizo Tripura,1995,1637.9,1.8236778441898442,0.3,-0.17400000000000002,-0.09999999999999998,Normal,East
Naga Mani Mizo Tripura,1996,1413.9,-12.101777822882946,-0.39,-0.24,0.7333333333333334,Deficient (drought risk),East
Naga Mani Mizo Tripura,1997,1567.9,-2.528027051770403,0.28,0.041,-0.7666666666666666,Normal,East
Naga Mani Mizo Tripura,1998,1367.9,-14.961469611656822,0.99,0.044000000000000004,-1.1666666666666667,Deficient (drought risk),East
Naga Mani Mizo Tripura,1999,1510.9,-6.071558181338032,-0.98,-0.028333333333333335,0.9666666666666668,Normal,East
Naga Mani Mizo Tripura,2000,1357.9,-15.583141739651143,-0.81,0.13166666666666665,0.9666666666666667,Deficient (drought risk),East
Naga Mani Mizo Tripura,2001,1332.6,-17.155972223476788,-0.34,0.08766666666666667,0.20000000000000004,Deficient (drought risk),East
Naga Mani Mizo Tripura,2002,1397.8,-13.102669948953812,0.2,-0.22433333333333336,-0.3666666666666667,Deficient (drought risk),East
Naga Mani Mizo Tripura,2003,1423.4,-11.511189301288342,-0.04,-0.10066666666666668,-0.2333333333333333,Deficient (drought risk),East
Naga Mani Mizo Tripura,2004,1643.2,2.1531640720268315,0.17,-0.18899999999999997,0.16666666666666666,Normal,East
Naga Mani Mizo Tripura,2005,1141.1,-29.060993474568036,0.43,-0.12733333333333333,-0.3666666666666667,Deficient (drought risk),East
Naga Mani Mizo Tripura,2006,1253.2,-22.09204891975169,-0.37,-0.14966666666666664,0.8000000000000002,Deficient (drought risk),East
Naga Mani Mizo Tripura,2007,1676.6,4.229548979527855,-0.32,0.16166666666666668,0.0,Normal,East
Naga Mani Mizo Tripura,2008,1243.0,-22.7261544903059,-1.01,0.041,0.6666666666666665,Deficient (drought risk),East
Naga Mani Mizo Tripura,2009,1219.9,-24.162217105972775,-0.33,0.161,0.3666666666666667,Deficient (drought risk),East
Naga Mani Mizo Tripura,2010,1482.0,-7.868190631241625,0.35,0.26633333333333337,0.4666666666666666,Normal,East
Naga Mani Mizo Tripura,2011,1313.4,-18.349582709225874,-0.62,0.14400000000000002,1.6000000000000003,Deficient (drought risk),East
Naga Mani Mizo Tripura,2012,1267.6,-21.196841055439876,-0.36,-0.205,0.13333333333333333,Deficient (drought risk),East
Naga Mani Mizo Tripura,2013,995.2,-38.13118982200517,-0.19,-0.24,0.8333333333333334,Deficient (drought risk),East
Naga Mani Mizo Tripura,2014,1237.2,-23.0867243245426,0.15,-0.10033333333333333,0.13333333333333333,Deficient (drought risk),East
Naga Mani Mizo Tripura,2015,1287.7,-19.947280078171282,0.81,-0.0030000000000000027,-0.4666666666666666,Deficient (drought risk),East
Naga Mani Mizo Tripura,2016,1229.0,-23.596495469497945,1.05,0.008333333333333326,-0.3,Deficient (drought risk),East
Naga Mani Mizo Tripura,2017,1829.8,13.753565980400856,0.31,0.46366666666666667,0.3333333333333333,Excess (flood risk),East
Sub Himalayan West Bengal & Sikkim,1950,2324.5,9.403900568568096,-1.18,-0.49166666666666664,,Normal,East
Sub Himalayan West Bengal & Sikkim,1951,2154.5,1.4027549042718694,0.18,-0.131,-0.3666666666666667,Normal,East
Sub Himalayan West Bengal & Sikkim,1952,2404.3,13.159732474514213,0.29,0.01733333333333334,0.3666666666666667,Excess (flood risk),East
Sub Himalayan West Bengal & Sikkim,1953,2039.1,-4.028611034903337,0.66,0.15,-0.5666666666666667,Normal,East
Sub Himalayan West Bengal & Sikkim,1954,2549.9,20.01247840817027,-0.41,-0.2406666666666667,0.4666666666666666,Excess (flood risk),East
Sub Himalayan West Bengal & Sikkim,1955,2596.9,22.22455985653452,-0.8,-0.24033333333333332,0.5,Excess (flood risk),East
Sub Himalayan West Bengal & Sikkim,1956,1991.4,-6.273638377179387,-0.54,-0.29033333333333333,1.2,Normal,East
Sub Himalayan West Bengal & Sikkim,1957,1824.6,-14.124174240735929,0.72,-0.27466666666666667,-0.09999999999999998,Deficient (drought risk),East
Sub Himalayan West Bengal & Sikkim,1958,2239.4,5.398621180146871,0.93,-0.4056666666666667,0.06666666666666665,Normal,East
Sub Himalayan West Bengal & Sikkim,1959,1734.2,-18.378901111632267,0.33,-0.5406666666666666,0.7333333333333334,Deficient (drought risk),East
Sub Himalayan West Bengal & Sikkim,1960,2182.0,2.6970578793786117,0.03,-0.6389999999999999,0.7666666666666666,Normal,East
Sub Himalayan West Bengal & Sikkim,1961,1780.8,-16.185645888360483,0.09,-0.391,-0.2333333333333333,Deficient (drought risk),East
Sub Himalayan West Bengal & Sikkim,1962,1996.4,-6.038310563523616,-0.26,-0.016000000000000014,0.46666666666666673,Normal,East
Sub Himalayan West Bengal & Sikkim,1963,1965.1,-7.511462677008754,0.27,-0.06133333333333333,0.7666666666666667,Normal,East
Sub Himalayan West Bengal & Sikkim,1964,2504.7,17.885114972722086,-0.33,-0.35200000000000004,0.8000000000000002,Excess (flood risk),East
Sub Himalayan West Bengal & Sikkim,1965,2318.2,9.107387523361814,0.18,-0.337,0.16666666666666666,Normal,East
Sub Himalayan West Bengal & Sikkim,1966,2069.1,-2.6166441529687097,0.66,-0.39966666666666667,-0.5,Normal,East
Sub Himalayan West Bengal & Sikkim,1967,2312.6,8.843820372067354,-0.45,-0.060000000000000005,0.39999999999999997,Normal,East
Sub Himalayan West Bengal & Sikkim,1968,2583.3,21.584468203390827,-0.44,0.03433333333333333,0.43333333333333335,Excess (flood risk),East
Sub Himalayan West Bengal & Sikkim,1969,1934.6,-8.946962340308959,0.77,-0.05200000000000001,-0.06666666666666667,Normal,East
Sub Himalayan West Bengal & Sikkim,1970,2273.9,7.022383094371692,0.19,0.15633333333333335,0.3,Normal,East
Sub Himalayan West Bengal & Sikkim,1971,2274.4,7.04591587573727,-0.85,0.12466666666666665,1.6333333333333335,Normal,East
Sub Himalayan West Bengal & Sikkim,1972,1789.7,-15.766762380053207,0.41,0.106,-0.3666666666666667,Deficient (drought risk),East
Sub Himalayan West Bengal & Sikkim,1973,2005.1,-5.628840167762583,-0.1,-0.011000000000000001,0.39999999999999997,Normal,East
Sub Himalayan West Bengal & Sikkim,1974,2489.4,17.165011862935437,-1.03,-0.014333333333333328,1.4333333333333333,Excess (flood risk),East
Sub Himalayan West Bengal & Sikkim,1975,2080.8,-2.065977069014192,-0.73,-0.10366666666666667,1.1333333333333333,Normal,East
Sub Himalayan West Bengal & Sikkim,1976,2140.8,0.7579566948550643,-0.47,0.04599999999999999,0.7999999999999999,Normal,East
Sub Himalayan West Bengal & Sikkim,1977,1912.7,-9.97769816412123,0.23,-0.06533333333333334,-0.4666666666666666,Normal,East
Sub Himalayan West Bengal & Sikkim,1978,1711.1,-19.46611561072194,-0.18,-0.44333333333333336,0.3,Deficient (drought risk),East
Sub Himalayan West Bengal & Sikkim,1979,1862.9,-12.32156318813271,0.28,-0.22833333333333336,0.16666666666666666,Deficient (drought risk),East
Sub Himalayan West Bengal & Sikkim,1980,2430.4,14.388143661797336,0.38,-0.19333333333333336,-0.3333333333333333,Excess (flood risk),East
Sub Himalayan West Bengal & Sikkim,1981,2295.9,8.057825474457086,-0.37,0.033666666666666664,-0.20000000000000004,Normal,East
Sub Himalayan West Bengal & Sikkim,1982,1895.7,-10.777812730550854,0.47,0.132,0.13333333333333333,Deficient (drought risk),East
Sub Himalayan West Bengal & Sikkim,1983,2147.6,1.0780025214269007,1.29,-0.45533333333333337,-0.8999999999999999,Normal,East
Sub Himalayan West Bengal & Sikkim,1984,1982.1,-6.711348110579131,-0.43,-0.12533333333333332,0.09999999999999999,Normal,East
Sub Himalayan West Bengal & Sikkim,1985,2277.3,7.1824060076576215,-0.78,-0.32133333333333336,0.7999999999999999,Normal,East
Sub Himalayan West Bengal & Sikkim,1986,1838.9,-13.451136693680413,-0.2,-0.21333333333333335,0.20000000000000004,Deficient (drought risk),East
Sub Himalayan West Bengal & Sikkim,1987,2609.8,22.831705615766413,0.95,-0.04333333333333334,-1.3333333333333333,Excess (flood risk),East
Sub Himalayan West Bengal & Sikkim,1988,2573.6,21.127932244898616,-0.31,-0.318,0.5333333333333333,Excess (flood risk),East
Sub Himalayan West Bengal & Sikkim,1989,2182.5,2.7205906607441888,-0.83,-0.46433333333333326,1.3,Normal,East
Sub Himalayan West Bengal & Sikkim,1990,2726.0,28.300724005126533,0.29,-0.29233333333333333,0.3333333333333333,Excess (flood risk),East
Sub Himalayan West Bengal & Sikkim,1991,2474.4,16.459028421968124,0.26,0.21,-0.7666666666666666,Excess (flood risk),East
Sub Himalayan West Bengal & Sikkim,1992,1798.8,-15.338465759199707,1.29,-0.5910000000000001,-0.9,Deficient (drought risk),East
Sub Himalayan West Bengal & Sikkim,1993,2047.3,-3.6426734205078706,0.67,-0.16766666666666666,-0.6666666666666666,Normal,East
Sub Himalayan West Bengal & Sikkim,1994,1443.6,-32.0561536413057,0.31,0.36566666666666664,-0.9,Deficient (drought risk),East
Sub Himalayan West Bengal & Sikkim,1995,2812.0,32.3483624000058,0.3,-0.17400000000000002,-0.09999999999999998,Excess (flood risk),East
Sub Himalayan West Bengal & Sikkim,1996,2081.3,-2.0424442876486144,-0.39,-0.24,0.7333333333333334,Normal,East
Sub Himalayan West Bengal & Sikkim,1997,2024.2,-4.729887919597529,0.28,0.041,-0.7666666666666666,Normal,East
Sub Himalayan West Bengal & Sikkim,1998,2846.8,33.98624398304998,0.99,0.044000000000000004,-1.1666666666666667,Excess (flood risk),East
Sub Himalayan West Bengal & Sikkim,1999,2537.9,19.447691655396422,-0.98,-0.028333333333333335,0.9666666666666668,Excess (flood risk),East
Sub Himalayan West Bengal & Sikkim,2000,2187.8,2.9700381432193153,-0.81,0.13166666666666665,0.9666666666666667,Normal,East
Sub Himalayan West Bengal & Sikkim,2001,1730.5,-18.55304369373754,-0.34,0.08766666666666667,0.20000000000000004,Deficient (drought risk),East
Sub Himalayan West Bengal & Sikkim,2002,1897.2,-10.70721438645412,0.2,-0.22433333333333336,-0.3666666666666667,Deficient (drought risk),East
Sub Himalayan West Bengal & Sikkim,2003,1895.1,-10.806052068189551,-0.04,-0.10066666666666668,-0.2333333333333333,Deficient (drought risk),East
Sub Himalayan West Bengal & Sikkim,2004,1980.1,-6.80547923604144,0.17,-0.18899999999999997,0.16666666666666666,Normal,East
Sub Himalayan West Bengal & Sikkim,2005,1945.1,-8.452773931631839,0.43,-0.12733333333333333,-0.3666666666666667,Normal,East
Sub Himalayan West Bengal & Sikkim,2006,1668.2,-21.48522825188845,-0.37,-0.14966666666666664,0.8000000000000002,Deficient (drought risk),East
Sub Himalayan West Bengal & Sikkim,2007,2042.5,-3.8685881216174085,-0.32,0.16166666666666668,0.0,Normal,East
Sub Himalayan West Bengal & Sikkim,2008,2117.3,-0.3480840293270609,-1.01,0.041,0.6666666666666665,Normal,East
Sub Himalayan West Bengal & Sikkim,2009,1549.6,-27.06720399180335,-0.33,0.161,0.3666666666666667,Deficient (drought risk),East
Sub Himalayan West Bengal & Sikkim,2010,1920.8,-9.596467105998885,0.35,0.26633333333333337,0.4666666666666666,Normal,East
Sub Himalayan West Bengal & Sikkim,2011,1858.6,-12.523945107876683,-0.62,0.14400000000000002,1.6000000000000003,Deficient (drought risk),East
Sub Himalayan West Bengal & Sikkim,2012,2056.0,-3.233203024746826,-0.36,-0.205,0.13333333333333333,Normal,East
Sub Himalayan West Bengal & Sikkim,2013,1717.6,-19.160189452969433,-0.19,-0.24,0.8333333333333334,Deficient (drought risk),East
Sub Himalayan West Bengal & Sikkim,2014,1862.6,-12.335682856952065,0.15,-0.10033333333333333,0.13333333333333333,Deficient (drought risk),East
Sub Himalayan West Bengal & Sikkim,2015,1883.0,-11.375545377236513,0.81,-0.0030000000000000027,-0.4666666666666666,Deficient (drought risk),East
Sub Himalayan West Bengal & Sikkim,2016,2007.1,-5.534709042300274,1.05,0.008333333333333326,-0.3,Normal,East
Sub Himalayan West Bengal & Sikkim,2017,2047.3,-3.6426734205078706,0.31,0.46366666666666667,0.3333333333333333,Normal,East
Gangetic West Bengal,1950,1259.5,11.365582369713959,-1.18,-0.49166666666666664,,Excess (flood risk),East
Gangetic West Bengal,1951,894.5,-20.90788929757115,0.18,-0.131,-0.3666666666666667,Deficient (drought risk),East
Gangetic West Bengal,1952,1032.2,-8.732390534324134,0.29,0.01733333333333334,0.3666666666666667,Normal,East
Gangetic West Bengal,1953,1291.0,14.150827184835823,0.66,0.15,-0.5666666666666667,Excess (flood risk),East
Gangetic West Bengal,1954,875.0,-22.63208846883707,-0.41,-0.2406666666666667,0.4666666666666666,Deficient (drought risk),East
Gangetic West Bengal,1955,953.4,-15.699923595644872,-0.8,-0.24033333333333332,0.5,Deficient (drought risk),East
Gangetic West Bengal,1956,1283.7,13.505357751490124,-0.54,-0.29033333333333333,1.2,Excess (flood risk),East
Gangetic West Bengal,1957,984.4,-12.958889015683669,0.72,-0.27466666666666667,-0.09999999999999998,Deficient (drought risk),East
Gangetic West Bengal,1958,885.1,-21.739041718591643,0.93,-0.4056666666666667,0.06666666666666665,Deficient (drought risk),East
Gangetic West Bengal,1959,1297.7,14.74324433598873,0.33,-0.5406666666666666,0.7333333333333334,Excess (flood risk),East
Gangetic West Bengal,1960,1017.7,-10.014487353983407,0.03,-0.6389999999999999,0.7666666666666666,Deficient (drought risk),East
Gangetic West Bengal,1961,990.1,-12.45489233485209,0.09,-0.391,-0.2333333333333333,Deficient (drought risk),East
Gangetic West Bengal,1962,869.7,-23.10071696154011,-0.26,-0.016000000000000014,0.46666666666666673,Deficient (drought risk),East
Gangetic West Bengal,1963,974.4,-13.84309371889696,0.27,-0.06133333333333333,0.7666666666666667,Deficient (drought risk),East
Gangetic West Bengal,1964,971.6,-14.090671035796678,-0.33,-0.35200000000000004,0.8000000000000002,Deficient (drought risk),East
Gangetic West Bengal,1965,1024.5,-9.413228155798373,0.18,-0.337,0.16666666666666666,Normal,East
Gangetic West Bengal,1966,888.5,-21.438412119499127,0.66,-0.39966666666666667,-0.5,Deficient (drought risk),East
Gangetic West Bengal,1967,1074.4,-5.001046686764044,-0.45,-0.060000000000000005,0.39999999999999997,Normal,East
Gangetic West Bengal,1968,1374.3,21.516252362602533,-0.44,0.03433333333333333,0.43333333333333335,Excess (flood risk),East
Gangetic West Bengal,1969,1134.9,0.34839176767636454,0.77,-0.05200000000000001,-0.06666666666666667,Normal,East
Gangetic West Bengal,1970,1300.7,15.00850574695272,0.19,0.15633333333333335,0.3,Excess (flood risk),East
Gangetic West Bengal,1971,1559.0,37.84751323095201,-0.85,0.12466666666666665,1.6333333333333335,Excess (flood risk),East
Gangetic West Bengal,1972,1179.9,4.327312932136172,0.41,0.106,-0.3666666666666667,Normal,East
Gangetic West Bengal,1973,1245.7,10.145379879279622,-0.1,-0.011000000000000001,0.39999999999999997,Excess (flood risk),East
Gangetic West Bengal,1974,1114.6,-1.4465437798466316,-1.03,-0.014333333333333328,1.4333333333333333,Normal,East
Gangetic West Bengal,1975,1138.9,0.7020736489616808,-0.73,-0.10366666666666667,1.1333333333333333,Normal,East
Gangetic West Bengal,1976,922.6,-18.423274081541802,-0.47,0.04599999999999999,0.7999999999999999,Deficient (drought risk),East
Gangetic West Bengal,1977,1361.0,20.34026010732886,0.23,-0.06533333333333334,-0.4666666666666666,Excess (flood risk),East
Gangetic West Bengal,1978,1467.9,29.792408384678943,-0.18,-0.44333333333333336,0.3,Excess (flood risk),East
Gangetic West Bengal,1979,975.9,-13.710463013414968,0.28,-0.22833333333333336,0.16666666666666666,Deficient (drought risk),East
Gangetic West Bengal,1980,1131.2,0.021236027487442962,0.38,-0.19333333333333336,-0.3333333333333333,Normal,East
Gangetic West Bengal,1981,1316.7,16.423233272093984,-0.37,0.033666666666666664,-0.20000000000000004,Excess (flood risk),East
Gangetic West Bengal,1982,830.4,-26.575641445168348,0.47,0.132,0.13333333333333333,Deficient (drought risk),East
Gangetic West Bengal,1983,1009.4,-10.748377257650443,1.29,-0.45533333333333337,-0.8999999999999999,Deficient (drought risk),East
Gangetic West Bengal,1984,1568.4,38.678665651972516,-0.43,-0.12533333333333332,0.09999999999999999,Excess (flood risk),East
Gangetic West Bengal,1985,1109.1,-1.9328563666139416,-0.78,-0.32133333333333336,0.7999999999999999,Normal,East
Gangetic West Bengal,1986,1244.8,10.065801455990417,-0.2,-0.21333333333333335,0.20000000000000004,Excess (flood risk),East
Gangetic West Bengal,1987,1309.9,15.821974073908951,0.95,-0.04333333333333334,-1.3333333333333333,Excess (flood risk),East
Gangetic West Bengal,1988,1308.4,15.68934336842696,-0.31,-0.318,0.5333333333333333,Excess (flood risk),East
Gangetic West Bengal,1989,1308.3,15.680501321394813,-0.83,-0.46433333333333326,1.3,Excess (flood risk),East
Gangetic West Bengal,1990,1325.4,17.192491363889552,0.29,-0.29233333333333333,0.3333333333333333,Excess (flood risk),East
Gangetic West Bengal,1991,1219.0,7.784553321700131,0.26,0.21,-0.7666666666666666,Normal,East
Gangetic West Bengal,1992,1128.3,-0.23518333644441938,1.29,-0.5910000000000001,-0.9,Normal,East
Gangetic West Bengal,1993,1387.6,22.692244617876202,0.67,-0.16766666666666666,-0.6666666666666666,Excess (flood risk),East
Gangetic West Bengal,1994,1196.8,5.821618880566621,0.31,0.36566666666666664,-0.9,Normal,East
Gangetic West Bengal,1995,1411.0,24.76128362339531,0.3,-0.17400000000000002,-0.09999999999999998,Excess (flood risk),East
Gangetic West Bengal,1996,1202.7,6.343299655462471,-0.39,-0.24,0.7333333333333334,Normal,East
Gangetic West Bengal,1997,1288.1,13.894407820903961,0.28,0.041,-0.7666666666666666,Excess (flood risk),East
Gangetic West Bengal,1998,1011.5,-10.562694269975651,0.99,0.044000000000000004,-1.1666666666666667,Deficient (drought risk),East
Gangetic West Bengal,1999,1517.2,34.151537571520464,-0.98,-0.028333333333333335,0.9666666666666668,Excess (flood risk),East
Gangetic West Bengal,2000,1153.9,2.028380703781617,-0.81,0.13166666666666665,0.9666666666666667,Normal,East
Gangetic West Bengal,2001,1108.0,-2.030118883967395,-0.34,0.08766666666666667,0.20000000000000004,Normal,East
Gangetic West Bengal,2002,1244.9,10.074643503022562,0.2,-0.22433333333333336,-0.3666666666666667,Excess (flood risk),East
Gangetic West Bengal,2003,928.2,-17.928119447742358,-0.04,-0.10066666666666668,-0.2333333333333333,Deficient (drought risk),East
Gangetic West Bengal,2004,1192.3,5.423726764120641,0.17,-0.18899999999999997,0.16666666666666666,Normal,East
Gangetic West Bengal,2005,1002.6,-11.349636455835476,0.43,-0.12733333333333333,-0.3666666666666667,Deficient (drought risk),East
Gangetic West Bengal,2006,1408.8,24.566758588688383,-0.37,-0.14966666666666664,0.8000000000000002,Excess (flood risk),East
Gangetic West Bengal,2007,1624.2,43.61252789590267,-0.32,0.16166666666666668,0.0,Excess (flood risk),East
Gangetic West Bengal,2008,1272.3,12.497364389826966,-1.01,0.041,0.6666666666666665,Excess (flood risk),East
Gangetic West Bengal,2009,974.6,-13.825409624832691,-0.33,0.161,0.3666666666666667,Deficient (drought risk),East
Gangetic West Bengal,2010,770.7,-31.854343523351687,0.35,0.26633333333333337,0.4666666666666666,Deficient (drought risk),East
Gangetic West Bengal,2011,1393.6,23.22276743980418,-0.62,0.14400000000000002,1.6000000000000003,Excess (flood risk),East
Gangetic West Bengal,2012,969.9,-14.240985835342942,-0.36,-0.205,0.13333333333333333,Deficient (drought risk),East
Gangetic West Bengal,2013,1152.0,1.8603818101710836,-0.19,-0.24,0.8333333333333334,Normal,East
Gangetic West Bengal,2014,1014.4,-10.306274906043798,0.15,-0.10033333333333333,0.13333333333333333,Deficient (drought risk),East
Gangetic West Bengal,2015,1304.9,15.379871722302305,0.81,-0.0030000000000000027,-0.4666666666666666,Excess (flood risk),East
Gangetic West Bengal,2016,1157.8,2.373220538034788,1.05,0.008333333333333326,-0.3,Normal,East
Gangetic West Bengal,2017,1138.9,0.7020736489616808,0.31,0.46366666666666667,0.3333333333333333,Normal,East
Orissa,1950,1051.6,-9.09606748795334,-1.18,-0.49166666666666664,,Normal,East
Orissa,1951,1026.6,-11.257153749650913,0.18,-0.131,-0.3666666666666667,Deficient (drought risk),East
Orissa,1952,1203.4,4.026048293074333,0.29,0.01733333333333334,0.3666666666666667,Normal,East
Orissa,1953,1245.3,7.648028867679452,0.66,0.15,-0.5666666666666667,Normal,East
Orissa,1954,990.8,-14.351829276401832,-0.41,-0.2406666666666667,0.4666666666666666,Deficient (drought risk),East
Orissa,1955,1167.0,0.87950669604266,-0.8,-0.24033333333333332,0.5,Normal,East
Orissa,1956,1499.5,29.621953976620368,-0.54,-0.29033333333333333,1.2,Excess (flood risk),East
Orissa,1957,1112.7,-3.8143726643644627,0.72,-0.27466666666666667,-0.09999999999999998,Normal,East
Orissa,1958,1212.6,4.821328037379023,0.93,-0.4056666666666667,0.06666666666666665,Normal,East
Orissa,1959,1218.2,5.305411359999292,0.33,-0.5406666666666666,0.7333333333333334,Normal,East
Orissa,1960,1331.8,15.12538733315305,0.03,-0.6389999999999999,0.7666666666666666,Excess (flood risk),East
Orissa,1961,1542.1,33.30444496655302,0.09,-0.391,-0.2333333333333333,Excess (flood risk),East
Orissa,1962,1072.2,-7.315332408314529,-0.26,-0.016000000000000014,0.46666666666666673,Normal,East
Orissa,1963,1198.1,3.5678980055944316,0.27,-0.06133333333333333,0.7666666666666667,Normal,East
Orissa,1964,1138.3,-1.6014203323861567,-0.33,-0.35200000000000004,0.8000000000000002,Normal,East
Orissa,1965,926.2,-19.93607617662835,0.18,-0.337,0.16666666666666666,Deficient (drought risk),East
Orissa,1966,1013.4,-12.398207295827223,0.66,-0.39966666666666667,-0.5,Deficient (drought risk),East
Orissa,1967,1171.0,1.2252804979142715,-0.45,-0.060000000000000005,0.39999999999999997,Normal,East
Orissa,1968,1070.3,-7.479574964203552,-0.44,0.03433333333333333,0.43333333333333335,Normal,East
Orissa,1969,1082.3,-6.4422535585887175,0.77,-0.05200000000000001,-0.06666666666666667,Normal,East
Orissa,1970,1170.5,1.1820587726803202,0.19,0.15633333333333335,0.3,Normal,East
Orissa,1971,1164.2,0.6374650347325359,-0.85,0.12466666666666665,1.6333333333333335,Normal,East
Orissa,1972,1133.8,-1.9904158594917194,0.41,0.106,-0.3666666666666667,Normal,East
Orissa,1973,1185.4,2.470066184652081,-0.1,-0.011000000000000001,0.39999999999999997,Normal,East
Orissa,1974,790.4,-31.67509675016957,-1.03,-0.014333333333333328,1.4333333333333333,Deficient (drought risk),East
Orissa,1975,1161.4,0.3954233734224118,-0.73,-0.10366666666666667,1.1333333333333333,Normal,East
Orissa,1976,1002.5,-13.340440905927364,-0.47,0.04599999999999999,0.7999999999999999,Deficient (drought risk),East
Orissa,1977,1129.1,-2.396700076690867,0.23,-0.06533333333333334,-0.4666666666666666,Normal,East
Orissa,1978,1180.8,2.072426312499716,-0.18,-0.44333333333333336,0.3,Normal,East
Orissa,1979,862.2,-25.468457006574134,0.28,-0.22833333333333336,0.16666666666666666,Deficient (drought risk),East
Orissa,1980,1223.3,5.746272957385588,0.38,-0.19333333333333336,-0.3333333333333333,Normal,East
Orissa,1981,1032.7,-10.729848701796692,-0.37,0.033666666666666664,-0.20000000000000004,Deficient (drought risk),East
Orissa,1982,1010.7,-12.631604612090555,0.47,0.132,0.13333333333333333,Deficient (drought risk),East
Orissa,1983,1130.1,-2.310256626222964,1.29,-0.45533333333333337,-0.8999999999999999,Normal,East
Orissa,1984,1221.8,5.616607781683734,-0.43,-0.12533333333333332,0.09999999999999999,Normal,East
Orissa,1985,1297.2,12.13444394696362,-0.78,-0.32133333333333336,0.7999999999999999,Excess (flood risk),East
Orissa,1986,1125.2,-2.7338295335156766,-0.2,-0.21333333333333335,0.20000000000000004,Normal,East
Orissa,1987,791.6,-31.571364609608075,0.95,-0.04333333333333334,-1.3333333333333333,Deficient (drought risk),East
Orissa,1988,1055.1,-8.793515411315681,-0.31,-0.318,0.5333333333333333,Normal,East
Orissa,1989,1170.2,1.1561257375399532,-0.83,-0.46433333333333326,1.3,Normal,East
Orissa,1990,1152.3,-0.3912120258355163,0.29,-0.29233333333333333,0.3333333333333333,Normal,East
Orissa,1991,1228.6,6.2044232448654695,0.26,0.21,-0.7666666666666666,Normal,East
Orissa,1992,1149.1,-0.6678310673328094,1.29,-0.5910000000000001,-0.9,Normal,East
Orissa,1993,1200.9,3.8099396669045755,0.67,-0.16766666666666666,-0.6666666666666666,Normal,East
Orissa,1994,1529.9,32.24983487084462,0.31,0.36566666666666664,-0.9,Excess (flood risk),East
Orissa,1995,954.3,-17.507015218480287,0.3,-0.17400000000000002,-0.09999999999999998,Deficient (drought risk),East
Orissa,1996,909.3,-21.396970489535917,-0.39,-0.24,0.7333333333333334,Deficient (drought risk),East
Orissa,1997,1215.5,5.07201404373595,0.28,0.041,-0.7666666666666666,Normal,East
Orissa,1998,934.8,-19.192662502604392,0.99,0.044000000000000004,-1.1666666666666667,Deficient (drought risk),East
Orissa,1999,1085.3,-6.182923207185009,-0.98,-0.028333333333333335,0.9666666666666668,Normal,East
Orissa,2000,937.6,-18.950620841294256,-0.81,0.13166666666666665,0.9666666666666667,Deficient (drought risk),East
Orissa,2001,1433.2,23.89075321059841,-0.34,0.08766666666666667,0.20000000000000004,Excess (flood risk),East
Orissa,2002,930.2,-19.59030237475674,0.2,-0.22433333333333336,-0.3666666666666667,Deficient (drought risk),East
Orissa,2003,1235.7,6.818171743187591,-0.04,-0.10066666666666668,-0.2333333333333333,Normal,East
Orissa,2004,1038.9,-10.19389930889569,0.17,-0.18899999999999997,0.16666666666666666,Deficient (drought risk),East
Orissa,2005,1153.5,-0.28747988527402885,0.43,-0.12733333333333333,-0.3666666666666667,Normal,East
Orissa,2006,1508.8,30.42587806597186,-0.37,-0.14966666666666664,0.8000000000000002,Excess (flood risk),East
Orissa,2007,1428.4,23.475824648352482,-0.32,0.16166666666666668,0.0,Excess (flood risk),East
Orissa,2008,1393.2,20.433015191882294,-1.01,0.041,0.6666666666666665,Excess (flood risk),East
Orissa,2009,1122.7,-2.9499381596854333,-0.33,0.161,0.3666666666666667,Normal,East
Orissa,2010,969.9,-16.158497391180997,0.35,0.26633333333333337,0.4666666666666666,Deficient (drought risk),East
Orissa,2011,1167.0,0.87950669604266,-0.62,0.14400000000000002,1.6000000000000003,Normal,East
Orissa,2012,1153.3,-0.30476857536761337,-0.36,-0.205,0.13333333333333333,Normal,East
Orissa,2013,1115.6,-3.563686658007556,-0.19,-0.24,0.8333333333333334,Normal,East
Orissa,2014,1255.7,8.54704075254565,0.15,-0.10033333333333333,0.13333333333333333,Normal,East
Orissa,2015,1034.5,-10.574250490954471,0.81,-0.0030000000000000027,-0.4666666666666666,Deficient (drought risk),East
Orissa,2016,1031.5,-10.83358084235818,1.05,0.008333333333333326,-0.3,Deficient (drought risk),East
Orissa,2017,1053.1,-8.966402312251486,0.31,0.46366666666666667,0.3333333333333333,Normal,East
Jharkhand,1950,1270.7,17.236280880881367,-1.18,-0.49166666666666664,,Excess (flood risk),East
Jharkhand,1951,889.7,-17.91522853567313,0.18,-0.131,-0.3666666666666667,Deficient (drought risk),East
Jharkhand,1952,1162.0,7.207490661512664,0.29,0.01733333333333334,0.3666666666666667,Normal,East
Jharkhand,1953,1383.7,27.6617941724054,0.66,0.15,-0.5666666666666667,Excess (flood risk),East
Jharkhand,1954,958.3,-11.58611161710191,-0.41,-0.2406666666666667,0.4666666666666666,Deficient (drought risk),East
Jharkhand,1955,880.7,-18.745579151812215,-0.8,-0.24033333333333332,0.5,Deficient (drought risk),East
Jharkhand,1956,1218.4,12.41102118931759,-0.54,-0.29033333333333333,1.2,Excess (flood risk),East
Jharkhand,1957,1238.6,14.274697016651958,0.72,-0.27466666666666667,-0.09999999999999998,Excess (flood risk),East
Jharkhand,1958,960.3,-11.401589257959891,0.93,-0.4056666666666667,0.06666666666666665,Deficient (drought risk),East
Jharkhand,1959,1190.9,9.873838751114837,0.33,-0.5406666666666666,0.7333333333333334,Normal,East
Jharkhand,1960,1133.0,4.531916453953397,0.03,-0.6389999999999999,0.7666666666666666,Normal,East
Jharkhand,1961,1270.2,17.19015029109586,0.09,-0.391,-0.2333333333333333,Excess (flood risk),East
Jharkhand,1962,897.9,-17.158686863190862,-0.26,-0.016000000000000014,0.46666666666666673,Deficient (drought risk),East
Jharkhand,1963,963.4,-11.11557960128976,0.27,-0.06133333333333333,0.7666666666666667,Deficient (drought risk),East
Jharkhand,1964,983.2,-9.288808245783772,-0.33,-0.35200000000000004,0.8000000000000002,Normal,East
Jharkhand,1965,889.7,-17.91522853567313,0.18,-0.337,0.16666666666666666,Deficient (drought risk),East
Jharkhand,1966,758.7,-30.001443059475335,0.66,-0.39966666666666667,-0.5,Deficient (drought risk),East
Jharkhand,1967,1074.6,-0.8561364329935465,-0.45,-0.060000000000000005,0.39999999999999997,Normal,East
Jharkhand,1968,1141.8,5.343814834178275,-0.44,0.03433333333333333,0.43333333333333335,Normal,East
Jharkhand,1969,976.0,-9.953088738695042,0.77,-0.05200000000000001,-0.06666666666666667,Normal,East
Jharkhand,1970,1116.0,2.9634764012462416,0.19,0.15633333333333335,0.3,Normal,East
Jharkhand,1971,1539.0,41.989955359783124,-0.85,0.12466666666666665,1.6333333333333335,Excess (flood risk),East
Jharkhand,1972,852.1,-21.384248887543077,0.41,0.106,-0.3666666666666667,Deficient (drought risk),East
Jharkhand,1973,1068.5,-1.4189296283766941,-0.1,-0.011000000000000001,0.39999999999999997,Normal,East
Jharkhand,1974,966.6,-10.820343826662528,-1.03,-0.014333333333333328,1.4333333333333333,Deficient (drought risk),East
Jharkhand,1975,1162.1,7.216716779469756,-0.73,-0.10366666666666667,1.1333333333333333,Normal,East
Jharkhand,1976,1062.0,-2.018627295588254,-0.47,0.04599999999999999,0.7999999999999999,Normal,East
Jharkhand,1977,1240.7,14.468445493751089,0.23,-0.06533333333333334,-0.4666666666666666,Excess (flood risk),East
Jharkhand,1978,1254.0,15.695519182045508,-0.18,-0.44333333333333336,0.3,Excess (flood risk),East
Jharkhand,1979,724.3,-33.175227636718056,0.28,-0.22833333333333336,0.16666666666666666,Deficient (drought risk),East
Jharkhand,1980,1137.8,4.974770115894238,0.38,-0.19333333333333336,-0.3333333333333333,Normal,East
Jharkhand,1981,914.5,-15.627151282312107,-0.37,0.033666666666666664,-0.20000000000000004,Deficient (drought risk),East
Jharkhand,1982,841.5,-22.362217390995777,0.47,0.132,0.13333333333333333,Deficient (drought risk),East
Jharkhand,1983,961.2,-11.318554196345975,1.29,-0.45533333333333337,-0.8999999999999999,Deficient (drought risk),East
Jharkhand,1984,1373.2,26.693051786909805,-0.43,-0.12533333333333332,0.09999999999999999,Excess (flood risk),East
Jharkhand,1985,998.3,-7.895664434261543,-0.78,-0.32133333333333336,0.7999999999999999,Normal,East
Jharkhand,1986,1006.6,-7.1298966438221605,-0.2,-0.21333333333333335,0.20000000000000004,Normal,East
Jharkhand,1987,1174.1,8.323850934321866,0.95,-0.04333333333333334,-1.3333333333333333,Normal,East
Jharkhand,1988,981.1,-9.482556722882894,-0.31,-0.318,0.5333333333333333,Normal,East
Jharkhand,1989,1009.5,-6.862339223066235,-0.83,-0.46433333333333326,1.3,Normal,East
Jharkhand,1990,1084.8,0.0849275986307513,0.29,-0.29233333333333333,0.3333333333333333,Normal,East
Jharkhand,1991,1082.2,-0.15495146825386416,0.26,0.21,-0.7666666666666666,Normal,East
Jharkhand,1992,839.2,-22.574418104009094,1.29,-0.5910000000000001,-0.9,Deficient (drought risk),East
Jharkhand,1993,1035.9,-4.426644082391585,0.67,-0.16766666666666666,-0.6666666666666666,Normal,East
Jharkhand,1994,1366.3,26.056449647869833,0.31,0.36566666666666664,-0.9,Excess (flood risk),East
Jharkhand,1995,1143.9,5.537563311277406,0.3,-0.17400000000000002,-0.09999999999999998,Normal,East
Jharkhand,1996,1094.8,1.007539394340843,-0.39,-0.24,0.7333333333333334,Normal,East
Jharkhand,1997,1262.1,16.442834736570674,0.28,0.041,-0.7666666666666666,Excess (flood risk),East
Jharkhand,1998,964.1,-11.05099677559005,0.99,0.044000000000000004,-1.1666666666666667,Deficient (drought risk),East
Jharkhand,1999,1345.1,24.100512640964435,-0.98,-0.028333333333333335,0.9666666666666668,Excess (flood risk),East
Jharkhand,2000,1053.4,-2.812073439898924,-0.81,0.13166666666666665,0.9666666666666667,Normal,East
Jharkhand,2001,1031.5,-4.832593272504034,-0.34,0.08766666666666667,0.20000000000000004,Normal,East
Jharkhand,2002,902.5,-16.734285437164218,0.2,-0.22433333333333336,-0.3666666666666667,Deficient (drought risk),East
Jharkhand,2003,869.0,-19.825034952793025,-0.04,-0.10066666666666668,-0.2333333333333333,Deficient (drought risk),East
Jharkhand,2004,923.5,-14.796800666173024,0.17,-0.18899999999999997,0.16666666666666666,Deficient (drought risk),East
Jharkhand,2005,779.5,-28.082410524398348,0.43,-0.12733333333333333,-0.3666666666666667,Deficient (drought risk),East
Jharkhand,2006,1281.4,18.223475502291166,-0.37,-0.14966666666666664,0.8000000000000002,Excess (flood risk),East
Jharkhand,2007,1234.1,13.859521708582417,-0.32,0.16166666666666668,0.0,Excess (flood risk),East
Jharkhand,2008,1207.7,11.423826567907787,-1.01,0.041,0.6666666666666665,Excess (flood risk),East
Jharkhand,2009,826.1,-23.783039556389316,-0.33,0.161,0.3666666666666667,Deficient (drought risk),East
Jharkhand,2010,578.4,-46.63613373612829,0.35,0.26633333333333337,0.4666666666666666,Deficient (drought risk),East
Jharkhand,2011,1258.7,16.129146726029255,-0.62,0.14400000000000002,1.6000000000000003,Excess (flood risk),East
Jharkhand,2012,908.3,-16.19917059565237,-0.36,-0.205,0.13333333333333333,Deficient (drought risk),East
Jharkhand,2013,844.5,-22.085433852282748,-0.19,-0.24,0.8333333333333334,Deficient (drought risk),East
Jharkhand,2014,930.1,-14.187876881004364,0.15,-0.10033333333333333,0.13333333333333333,Deficient (drought risk),East
Jharkhand,2015,938.8,-13.385204618736587,0.81,-0.0030000000000000027,-0.4666666666666666,Deficient (drought risk),East
Jharkhand,2016,1107.0,2.133125785107159,1.05,0.008333333333333326,-0.3,Normal,East
Jharkhand,2017,988.2,-8.827502347928727,0.31,0.46366666666666667,0.3333333333333333,Normal,East
Bihar,1950,1030.1,1.4952912137745824,-1.18,-0.49166666666666664,,Normal,East
Bihar,1951,771.1,-24.023862678437442,0.18,-0.131,-0.3666666666666667,Deficient (drought risk),East
Bihar,1952,1074.5,5.870003309582369,0.29,0.01733333333333334,0.3666666666666667,Normal,East
Bihar,1953,1262.0,24.344294254716566,0.66,0.15,-0.5666666666666667,Excess (flood risk),East
Bihar,1954,970.7,-4.357364157643918,-0.41,-0.2406666666666667,0.4666666666666666,Normal,East
Bihar,1955,1139.0,12.225159394708534,-0.8,-0.24033333333333332,0.5,Excess (flood risk),East
Bihar,1956,1166.2,14.905163201149337,-0.54,-0.29033333333333333,1.2,Excess (flood risk),East
Bihar,1957,861.2,-15.146350069602288,0.72,-0.27466666666666667,-0.09999999999999998,Deficient (drought risk),East
Bihar,1958,1018.8,0.381907279481166,0.93,-0.4056666666666667,0.06666666666666665,Normal,East
Bihar,1959,799.3,-21.245329320289265,0.33,-0.5406666666666666,0.7333333333333334,Deficient (drought risk),East
Bihar,1960,1108.7,9.239713977974851,0.03,-0.6389999999999999,0.7666666666666666,Normal,East
Bihar,1961,926.3,-8.732076253451703,0.09,-0.391,-0.2333333333333333,Normal,East
Bihar,1962,1012.4,-0.248681851446079,-0.26,-0.016000000000000014,0.46666666666666673,Normal,East
Bihar,1963,1058.6,4.30338343743498,0.27,-0.06133333333333333,0.7666666666666667,Normal,East
Bihar,1964,965.1,-4.909129647205261,-0.33,-0.35200000000000004,0.8000000000000002,Normal,East
Bihar,1965,944.3,-6.958544322718821,0.18,-0.337,0.16666666666666666,Normal,East
Bihar,1966,661.5,-34.82270154556655,0.66,-0.39966666666666667,-0.5,Deficient (drought risk),East
Bihar,1967,894.8,-11.83575713223425,-0.45,-0.060000000000000005,0.39999999999999997,Deficient (drought risk),East
Bihar,1968,963.7,-5.047071019595594,-0.44,0.03433333333333333,0.43333333333333335,Normal,East
Bihar,1969,1140.1,12.333541901586646,0.77,-0.05200000000000001,-0.06666666666666667,Excess (flood risk),East
Bihar,1970,944.0,-6.988103188231031,0.19,0.15633333333333335,0.3,Normal,East
Bihar,1971,1082.2,6.628680857729218,-0.85,0.12466666666666665,1.6333333333333335,Normal,East
Bihar,1972,584.7,-42.38977111669352,0.41,0.106,-0.3666666666666667,Deficient (drought risk),East
Bihar,1973,916.3,-9.717371770525528,-0.1,-0.011000000000000001,0.39999999999999997,Normal,East
Bihar,1974,1127.7,11.111775460415116,-1.03,-0.014333333333333328,1.4333333333333333,Excess (flood risk),East
Bihar,1975,946.7,-6.722073398621095,-0.73,-0.10366666666666667,1.1333333333333333,Normal,East
Bihar,1976,1033.4,1.820438734408962,-0.47,0.04599999999999999,0.7999999999999999,Normal,East
Bihar,1977,865.0,-14.77193777311424,0.23,-0.06533333333333334,-0.4666666666666666,Deficient (drought risk),East
Bihar,1978,1005.2,-0.9580946237392255,-0.18,-0.44333333333333336,0.3,Normal,East
Bihar,1979,805.2,-20.664004965215703,0.28,-0.22833333333333336,0.16666666666666666,Deficient (drought risk),East
Bihar,1980,1115.9,9.94912675026801,0.38,-0.19333333333333336,-0.3333333333333333,Normal,East
Bihar,1981,1168.1,15.09236934939335,-0.37,0.033666666666666664,-0.20000000000000004,Excess (flood risk),East
Bihar,1982,784.6,-22.69371373038778,0.47,0.132,0.13333333333333333,Deficient (drought risk),East
Bihar,1983,871.3,-14.151201597357735,1.29,-0.45533333333333337,-0.8999999999999999,Deficient (drought risk),East
Bihar,1984,1265.8,24.718706551204615,-0.43,-0.12533333333333332,0.09999999999999999,Excess (flood risk),East
Bihar,1985,1171.7,15.447075735539942,-0.78,-0.32133333333333336,0.7999999999999999,Excess (flood risk),East
Bihar,1986,1048.6,3.318087920361156,-0.2,-0.21333333333333335,0.20000000000000004,Normal,East
Bihar,1987,1515.1,49.282123791855035,0.95,-0.04333333333333334,-1.3333333333333333,Excess (flood risk),East
Bihar,1988,1151.6,13.466631746221541,-0.31,-0.318,0.5333333333333333,Excess (flood risk),East
Bihar,1989,1101.7,8.550007116023174,-0.83,-0.46433333333333326,1.3,Normal,East
Bihar,1990,1047.8,3.239264278995255,0.29,-0.29233333333333333,0.3333333333333333,Normal,East
Bihar,1991,950.5,-6.3476611021330465,0.26,0.21,-0.7666666666666666,Normal,East
Bihar,1992,673.8,-33.610788059565756,1.29,-0.5910000000000001,-0.9,Deficient (drought risk),East
Bihar,1993,1041.2,2.5889692377265403,0.67,-0.16766666666666666,-0.6666666666666666,Normal,East
Bihar,1994,832.8,-17.94458933809196,0.31,0.36566666666666664,-0.9,Deficient (drought risk),East
Bihar,1995,1005.1,-0.9679475789099659,0.3,-0.17400000000000002,-0.09999999999999998,Normal,East
Bihar,1996,972.0,-4.229275740424325,-0.39,-0.24,0.7333333333333334,Normal,East
Bihar,1997,1148.3,13.141484225587185,0.28,0.041,-0.7666666666666666,Excess (flood risk),East
Bihar,1998,1127.0,11.042804774219944,0.99,0.044000000000000004,-1.1666666666666667,Excess (flood risk),East
Bihar,1999,1192.9,17.535902231736454,-0.98,-0.028333333333333335,0.9666666666666668,Excess (flood risk),East
Bihar,2000,1047.7,3.2294113238245257,-0.81,0.13166666666666665,0.9666666666666667,Normal,East
Bihar,2001,949.8,-6.4166317883282185,-0.34,0.08766666666666667,0.20000000000000004,Normal,East
Bihar,2002,943.2,-7.066926829596933,0.2,-0.22433333333333336,-0.3666666666666667,Normal,East
Bihar,2003,1082.3,6.638533812899946,-0.04,-0.10066666666666668,-0.2333333333333333,Normal,East
Bihar,2004,956.4,-5.766336747059492,0.17,-0.18899999999999997,0.16666666666666666,Normal,East
Bihar,2005,796.7,-21.501506154728453,0.43,-0.12733333333333333,-0.3666666666666667,Deficient (drought risk),East
Bihar,2006,936.3,-7.74678073637788,-0.37,-0.14966666666666664,0.8000000000000002,Normal,East
Bihar,2007,1369.4,34.92636810808945,-0.32,0.16166666666666668,0.0,Excess (flood risk),East
Bihar,2008,1083.5,6.756769274948811,-1.01,0.041,0.6666666666666665,Normal,East
Bihar,2009,707.7,-30.270636256685485,-0.33,0.161,0.3666666666666667,Deficient (drought risk),East
Bihar,2010,536.2,-47.168454374501565,0.35,0.26633333333333337,0.4666666666666666,Deficient (drought risk),East
Bihar,2011,964.8,-4.938688512717483,-0.62,0.14400000000000002,1.6000000000000003,Normal,East
Bihar,2012,924.4,-8.919282401695728,-0.36,-0.205,0.13333333333333333,Normal,East
Bihar,2013,722.2,-28.841957756928437,-0.19,-0.24,0.8333333333333334,Deficient (drought risk),East
Bihar,2014,848.6,-16.38782242111531,0.15,-0.10033333333333333,0.13333333333333333,Deficient (drought risk),East
Bihar,2015,742.3,-26.861513767610063,0.81,-0.0030000000000000027,-0.4666666666666666,Deficient (drought risk),East
Bihar,2016,993.9,-2.071478558032653,1.05,0.008333333333333326,-0.3,Normal,East
Bihar,2017,936.8,-7.69751596052419,0.31,0.46366666666666667,0.3333333333333333,Normal,East
East Uttar Pradesh,1950,856.0,-0.3573731086684871,-1.18,-0.49166666666666664,,Normal,North
East Uttar Pradesh,1951,669.3,-22.090175025270824,0.18,-0.131,-0.3666666666666667,Deficient (drought risk),North
East Uttar Pradesh,1952,867.5,0.9812836778388873,0.29,0.01733333333333334,0.3666666666666667,Normal,North
East Uttar Pradesh,1953,1203.3,40.07006184385421,0.66,0.15,-0.5666666666666667,Excess (flood risk),North
East Uttar Pradesh,1954,862.0,0.3410565190744908,-0.41,-0.2406666666666667,0.4666666666666666,Normal,North
East Uttar Pradesh,1955,1273.6,48.25332898224276,-0.8,-0.24033333333333332,0.5,Excess (flood risk),North
East Uttar Pradesh,1956,959.0,11.6323355009193,-0.54,-0.29033333333333333,1.2,Excess (flood risk),North
East Uttar Pradesh,1957,880.5,2.494547871282006,0.72,-0.27466666666666667,-0.09999999999999998,Normal,North
East Uttar Pradesh,1958,872.8,1.5982298490118458,0.93,-0.4056666666666667,0.06666666666666665,Normal,North
East Uttar Pradesh,1959,639.0,-25.617244645372857,0.33,-0.5406666666666666,0.7333333333333334,Deficient (drought risk),North
East Uttar Pradesh,1960,977.8,13.820748334513958,0.03,-0.6389999999999999,0.7666666666666666,Excess (flood risk),North
East Uttar Pradesh,1961,939.6,9.37407970455034,0.09,-0.391,-0.2333333333333333,Normal,North
East Uttar Pradesh,1962,1001.4,16.567904870303007,-0.26,-0.016000000000000014,0.46666666666666673,Excess (flood risk),North
East Uttar Pradesh,1963,906.7,5.544357245759681,0.27,-0.06133333333333333,0.7666666666666667,Normal,North
East Uttar Pradesh,1964,953.6,11.003748835950624,-0.33,-0.35200000000000004,0.8000000000000002,Excess (flood risk),North
East Uttar Pradesh,1965,601.1,-30.028991793949327,0.18,-0.337,0.16666666666666666,Deficient (drought risk),North
East Uttar Pradesh,1966,632.5,-26.373876742094417,0.66,-0.39966666666666667,-0.5,Deficient (drought risk),North
East Uttar Pradesh,1967,945.0,10.002666369519018,-0.45,-0.060000000000000005,0.39999999999999997,Excess (flood risk),North
East Uttar Pradesh,1968,761.8,-11.322718264233245,-0.44,0.03433333333333333,0.43333333333333335,Deficient (drought risk),North
East Uttar Pradesh,1969,952.0,10.81750093521916,0.77,-0.05200000000000001,-0.06666666666666667,Excess (flood risk),North
East Uttar Pradesh,1970,967.5,12.621777473555184,0.19,0.15633333333333335,0.3,Excess (flood risk),North
East Uttar Pradesh,1971,1106.3,28.7787828620094,-0.85,0.12466666666666665,1.6333333333333335,Excess (flood risk),North
East Uttar Pradesh,1972,588.9,-31.44913203702672,0.41,0.106,-0.3666666666666667,Deficient (drought risk),North
East Uttar Pradesh,1973,797.0,-7.225264448141103,-0.1,-0.011000000000000001,0.39999999999999997,Normal,North
East Uttar Pradesh,1974,813.0,-5.362785440826495,-1.03,-0.014333333333333328,1.4333333333333333,Normal,North
East Uttar Pradesh,1975,1142.2,32.95772013467156,-0.73,-0.10366666666666667,1.1333333333333333,Excess (flood risk),North
East Uttar Pradesh,1976,879.5,2.3781429333248427,-0.47,0.04599999999999999,0.7999999999999999,Normal,North
East Uttar Pradesh,1977,777.1,-9.541722713488644,0.23,-0.06533333333333334,-0.4666666666666666,Normal,North
East Uttar Pradesh,1978,995.9,15.927677711538612,-0.18,-0.44333333333333336,0.3,Excess (flood risk),North
East Uttar Pradesh,1979,555.5,-35.33705696479596,0.28,-0.22833333333333336,0.16666666666666666,Deficient (drought risk),North
East Uttar Pradesh,1980,1426.0,65.99344152691441,0.38,-0.19333333333333336,-0.3333333333333333,Excess (flood risk),North
East Uttar Pradesh,1981,1025.7,19.396544862662076,-0.37,0.033666666666666664,-0.20000000000000004,Excess (flood risk),North
East Uttar Pradesh,1982,933.8,8.698931064398788,0.47,0.132,0.13333333333333333,Normal,North
East Uttar Pradesh,1983,981.9,14.29800858013833,1.29,-0.45533333333333337,-0.8999999999999999,Excess (flood risk),North
East Uttar Pradesh,1984,984.4,14.589020925031237,-0.43,-0.12533333333333332,0.09999999999999999,Excess (flood risk),North
East Uttar Pradesh,1985,970.5,12.970992287426675,-0.78,-0.32133333333333336,0.7999999999999999,Excess (flood risk),North
East Uttar Pradesh,1986,784.4,-8.691966666401358,-0.2,-0.21333333333333335,0.20000000000000004,Normal,North
East Uttar Pradesh,1987,693.7,-19.249894539116035,0.95,-0.04333333333333334,-1.3333333333333333,Deficient (drought risk),North
East Uttar Pradesh,1988,949.7,10.54976957791769,-0.31,-0.318,0.5333333333333333,Excess (flood risk),North
East Uttar Pradesh,1989,911.3,6.079819960362621,-0.83,-0.46433333333333326,1.3,Normal,North
East Uttar Pradesh,1990,990.6,15.310731540365651,0.29,-0.29233333333333333,0.3333333333333333,Excess (flood risk),North
East Uttar Pradesh,1991,818.7,-4.699277294470662,0.26,0.21,-0.7666666666666666,Normal,North
East Uttar Pradesh,1992,719.0,-16.304849608799817,1.29,-0.5910000000000001,-0.9,Deficient (drought risk),North
East Uttar Pradesh,1993,752.4,-12.416924681030576,0.67,-0.16766666666666666,-0.6666666666666666,Deficient (drought risk),North
East Uttar Pradesh,1994,835.8,-2.708752855403185,0.31,0.36566666666666664,-0.9,Normal,North
East Uttar Pradesh,1995,784.5,-8.68032617260564,0.3,-0.17400000000000002,-0.09999999999999998,Normal,North
East Uttar Pradesh,1996,831.0,-3.2674965575975614,-0.39,-0.24,0.7333333333333334,Normal,North
East Uttar Pradesh,1997,434.3,-49.445335445204115,0.28,0.041,-0.7666666666666666,Deficient (drought risk),North
East Uttar Pradesh,1998,584.4,-31.97295425783396,0.99,0.044000000000000004,-1.1666666666666667,Deficient (drought risk),North
East Uttar Pradesh,1999,839.4,-2.2896950787573953,-0.98,-0.028333333333333335,0.9666666666666668,Normal,North
East Uttar Pradesh,2000,867.4,0.9696431840431683,-0.81,0.13166666666666665,0.9666666666666667,Normal,North
East Uttar Pradesh,2001,860.9,0.2130110873216089,-0.34,0.08766666666666667,0.20000000000000004,Normal,North
East Uttar Pradesh,2002,591.1,-31.193041173520957,0.2,-0.22433333333333336,-0.3666666666666667,Deficient (drought risk),North
East Uttar Pradesh,2003,1015.3,18.18593350790757,-0.04,-0.10066666666666668,-0.2333333333333333,Excess (flood risk),North
East Uttar Pradesh,2004,654.6,-23.801327613241106,0.17,-0.18899999999999997,0.16666666666666666,Deficient (drought risk),North
East Uttar Pradesh,2005,694.8,-19.121849107363165,0.43,-0.12733333333333333,-0.3666666666666667,Deficient (drought risk),North
East Uttar Pradesh,2006,574.8,-33.09044166222272,-0.37,-0.14966666666666664,0.8000000000000002,Deficient (drought risk),North
East Uttar Pradesh,2007,621.6,-27.642690565827486,-0.32,0.16166666666666668,0.0,Deficient (drought risk),North
East Uttar Pradesh,2008,917.6,6.813171069492756,-1.01,0.041,0.6666666666666665,Normal,North
East Uttar Pradesh,2009,496.0,-42.26315077324716,-0.33,0.161,0.3666666666666667,Deficient (drought risk),North
East Uttar Pradesh,2010,645.2,-24.895534030038437,0.35,0.26633333333333337,0.4666666666666666,Deficient (drought risk),North
East Uttar Pradesh,2011,740.2,-13.837064924107956,-0.62,0.14400000000000002,1.6000000000000003,Deficient (drought risk),North
East Uttar Pradesh,2012,573.1,-33.28833005674989,-0.36,-0.205,0.13333333333333333,Deficient (drought risk),North
East Uttar Pradesh,2013,864.0,0.5738663949888168,-0.19,-0.24,0.8333333333333334,Normal,North
East Uttar Pradesh,2014,517.1,-39.807006582351015,0.15,-0.10033333333333333,0.13333333333333333,Deficient (drought risk),North
East Uttar Pradesh,2015,472.0,-45.05686928421907,0.81,-0.0030000000000000027,-0.4666666666666666,Deficient (drought risk),North
East Uttar Pradesh,2016,790.3,-8.0051775324541,1.05,0.008333333333333326,-0.3,Normal,North
East Uttar Pradesh,2017,650.0,-24.336790327844064,0.31,0.46366666666666667,0.3333333333333333,Deficient (drought risk),North
West Uttar Pradesh,1950,763.3,6.102811710669204,-1.18,-0.49166666666666664,,Normal,North
West Uttar Pradesh,1951,626.0,-12.982627890896206,0.18,-0.131,-0.3666666666666667,Deficient (drought risk),North
West Uttar Pradesh,1952,804.8,11.871535261033115,0.29,0.01733333333333334,0.3666666666666667,Excess (flood risk),North
West Uttar Pradesh,1953,709.4,-1.389578635466087,0.66,0.15,-0.5666666666666667,Normal,North
West Uttar Pradesh,1954,665.0,-7.561417807421689,-0.41,-0.2406666666666667,0.4666666666666666,Normal,North
West Uttar Pradesh,1955,808.9,12.44145734673172,-0.8,-0.24033333333333332,0.5,Excess (flood risk),North
West Uttar Pradesh,1956,788.5,9.605747456914283,-0.54,-0.29033333333333333,1.2,Normal,North
West Uttar Pradesh,1957,874.6,21.574111256584953,0.72,-0.27466666666666667,-0.09999999999999998,Excess (flood risk),North
West Uttar Pradesh,1958,1013.2,40.84025786093285,0.93,-0.4056666666666667,0.06666666666666665,Excess (flood risk),North
West Uttar Pradesh,1959,610.3,-15.165012462961593,0.33,-0.5406666666666666,0.7333333333333334,Deficient (drought risk),North
West Uttar Pradesh,1960,886.4,23.214374820302876,0.03,-0.6389999999999999,0.7666666666666666,Excess (flood risk),North
West Uttar Pradesh,1961,956.9,33.01425458658373,0.09,-0.391,-0.2333333333333333,Excess (flood risk),North
West Uttar Pradesh,1962,719.7,0.0421768481182181,-0.26,-0.016000000000000014,0.46666666666666673,Normal,North
West Uttar Pradesh,1963,877.2,21.935525262149923,0.27,-0.06133333333333333,0.7666666666666667,Excess (flood risk),North
West Uttar Pradesh,1964,962.9,33.84828690711827,-0.33,-0.35200000000000004,0.8000000000000002,Excess (flood risk),North
West Uttar Pradesh,1965,586.9,-18.417738513046302,0.18,-0.337,0.16666666666666666,Deficient (drought risk),North
West Uttar Pradesh,1966,695.6,-3.3078529726955255,0.66,-0.39966666666666667,-0.5,Normal,North
West Uttar Pradesh,1967,1048.6,45.76104855208663,-0.45,-0.060000000000000005,0.39999999999999997,Excess (flood risk),North
West Uttar Pradesh,1968,635.5,-11.662076716716516,-0.44,0.03433333333333333,0.43333333333333335,Deficient (drought risk),North
West Uttar Pradesh,1969,822.2,14.290228990583294,0.77,-0.05200000000000001,-0.06666666666666667,Excess (flood risk),North
West Uttar Pradesh,1970,739.7,2.822284583233355,0.19,0.15633333333333335,0.3,Normal,North
West Uttar Pradesh,1971,830.0,15.374471007278192,-0.85,0.12466666666666665,1.6333333333333335,Excess (flood risk),North
West Uttar Pradesh,1972,528.3,-26.56345417693366,0.41,0.106,-0.3666666666666667,Deficient (drought risk),North
West Uttar Pradesh,1973,722.4,0.4174913923587521,-0.1,-0.011000000000000001,0.39999999999999997,Normal,North
West Uttar Pradesh,1974,601.5,-16.38825986641225,-1.03,-0.014333333333333328,1.4333333333333333,Deficient (drought risk),North
West Uttar Pradesh,1975,935.3,30.011738232659386,-0.73,-0.10366666666666667,1.1333333333333333,Excess (flood risk),North
West Uttar Pradesh,1976,620.0,-13.816660211430747,-0.47,0.04599999999999999,0.7999999999999999,Deficient (drought risk),North
West Uttar Pradesh,1977,887.5,23.367280745734213,0.23,-0.06533333333333334,-0.4666666666666666,Excess (flood risk),North
West Uttar Pradesh,1978,1127.9,56.78417572181817,-0.18,-0.44333333333333336,0.3,Excess (flood risk),North
West Uttar Pradesh,1979,393.7,-45.27357923425853,0.28,-0.22833333333333336,0.16666666666666666,Deficient (drought risk),North
West Uttar Pradesh,1980,917.9,27.59304450310922,0.38,-0.19333333333333336,-0.3333333333333333,Excess (flood risk),North
West Uttar Pradesh,1981,650.0,-9.646498608758042,-0.37,0.033666666666666664,-0.20000000000000004,Normal,North
West Uttar Pradesh,1982,769.4,6.950744569879324,0.47,0.132,0.13333333333333333,Normal,North
West Uttar Pradesh,1983,994.4,38.22695658992462,1.29,-0.45533333333333337,-0.8999999999999999,Excess (flood risk),North
West Uttar Pradesh,1984,719.6,0.028276309442639255,-0.43,-0.12533333333333332,0.09999999999999999,Normal,North
West Uttar Pradesh,1985,776.0,7.868180122467323,-0.78,-0.32133333333333336,0.7999999999999999,Normal,North
West Uttar Pradesh,1986,584.3,-18.779152518611273,-0.2,-0.21333333333333335,0.20000000000000004,Deficient (drought risk),North
West Uttar Pradesh,1987,356.1,-50.50018177627498,0.95,-0.04333333333333334,-1.3333333333333333,Deficient (drought risk),North
West Uttar Pradesh,1988,956.0,32.88914973850356,-0.31,-0.318,0.5333333333333333,Excess (flood risk),North
West Uttar Pradesh,1989,596.1,-17.138888954893332,-0.83,-0.46433333333333326,1.3,Deficient (drought risk),North
West Uttar Pradesh,1990,826.4,14.874051614957464,0.29,-0.29233333333333333,0.3333333333333333,Excess (flood risk),North
West Uttar Pradesh,1991,684.3,-4.878613843035588,0.26,0.21,-0.7666666666666666,Normal,North
West Uttar Pradesh,1992,708.3,-1.542484560897423,1.29,-0.5910000000000001,-0.9,Normal,North
West Uttar Pradesh,1993,702.2,-2.390417420107527,0.67,-0.16766666666666666,-0.6666666666666666,Normal,North
West Uttar Pradesh,1994,746.6,3.7814217518480744,0.31,0.36566666666666664,-0.9,Normal,North
West Uttar Pradesh,1995,771.7,7.270456959417575,0.3,-0.17400000000000002,-0.09999999999999998,Normal,North
West Uttar Pradesh,1996,817.5,13.636903672831233,-0.39,-0.24,0.7333333333333334,Excess (flood risk),North
West Uttar Pradesh,1997,374.2,-47.98418427599579,0.28,0.041,-0.7666666666666666,Deficient (drought risk),North
West Uttar Pradesh,1998,772.7,7.409462346173331,0.99,0.044000000000000004,-1.1666666666666667,Normal,North
West Uttar Pradesh,1999,723.5,0.5703973177900878,-0.98,-0.028333333333333335,0.9666666666666668,Normal,North
West Uttar Pradesh,2000,712.2,-1.0003635525499583,-0.81,0.13166666666666665,0.9666666666666667,Normal,North
West Uttar Pradesh,2001,595.2,-17.26399380297351,-0.34,0.08766666666666667,0.20000000000000004,Deficient (drought risk),North
West Uttar Pradesh,2002,529.0,-26.46615040620462,0.2,-0.22433333333333336,-0.3666666666666667,Deficient (drought risk),North
West Uttar Pradesh,2003,960.5,33.51467397890446,-0.04,-0.10066666666666668,-0.2333333333333333,Excess (flood risk),North
West Uttar Pradesh,2004,517.9,-28.009110199193525,0.17,-0.18899999999999997,0.16666666666666666,Deficient (drought risk),North
West Uttar Pradesh,2005,663.9,-7.714323732853025,0.43,-0.12733333333333333,-0.3666666666666667,Normal,North
West Uttar Pradesh,2006,452.0,-37.169565186397904,-0.37,-0.14966666666666664,0.8000000000000002,Deficient (drought risk),North
West Uttar Pradesh,2007,452.7,-37.07226141566887,-0.32,0.16166666666666668,0.0,Deficient (drought risk),North
West Uttar Pradesh,2008,760.7,5.74139770510425,-1.01,0.041,0.6666666666666665,Normal,North
West Uttar Pradesh,2009,445.3,-38.10090127766147,-0.33,0.161,0.3666666666666667,Deficient (drought risk),North
West Uttar Pradesh,2010,772.3,7.353860191471016,0.35,0.26633333333333337,0.4666666666666666,Normal,North
West Uttar Pradesh,2011,725.9,0.9040102460039011,-0.62,0.14400000000000002,1.6000000000000003,Normal,North
West Uttar Pradesh,2012,366.0,-49.12402844739299,-0.36,-0.205,0.13333333333333333,Deficient (drought risk),North
West Uttar Pradesh,2013,763.8,6.172314404047083,-0.19,-0.24,0.8333333333333334,Normal,North
West Uttar Pradesh,2014,339.4,-52.82157173509613,0.15,-0.10033333333333333,0.13333333333333333,Deficient (drought risk),North
West Uttar Pradesh,2015,436.1,-39.379750835814434,0.81,-0.0030000000000000027,-0.4666666666666666,Deficient (drought risk),North
West Uttar Pradesh,2016,640.1,-11.022651937640031,1.05,0.008333333333333326,-0.3,Deficient (drought risk),North
West Uttar Pradesh,2017,536.5,-25.423610005536446,0.31,0.46366666666666667,0.3333333333333333,Deficient (drought risk),North
Uttarakhand,1950,1387.2,22.57656201617715,-1.18,-0.49166666666666664,,Excess (flood risk),North
Uttarakhand,1951,882.0,-22.064210136773184,0.18,-0.131,-0.3666666666666667,Deficient (drought risk),North
Uttarakhand,1952,1175.9,3.905550226948324,0.29,0.01733333333333334,0.3666666666666667,Normal,North
Uttarakhand,1953,1263.9,11.68145669856279,0.66,0.15,-0.5666666666666667,Excess (flood risk),North
Uttarakhand,1954,1368.7,20.94185440566729,-0.41,-0.2406666666666667,0.4666666666666666,Excess (flood risk),North
Uttarakhand,1955,1172.8,3.6316262489709845,-0.8,-0.24033333333333332,0.5,Normal,North
Uttarakhand,1956,1222.3,8.005573639254122,-0.54,-0.29033333333333333,1.2,Normal,North
Uttarakhand,1957,1240.3,9.596099962993444,0.72,-0.27466666666666667,-0.09999999999999998,Normal,North
Uttarakhand,1958,1201.5,6.167632109599797,0.93,-0.4056666666666667,0.06666666666666665,Normal,North
Uttarakhand,1959,1339.3,18.343994743559723,0.33,-0.5406666666666666,0.7333333333333334,Excess (flood risk),North
Uttarakhand,1960,1209.0,6.830351411157849,0.03,-0.6389999999999999,0.7666666666666666,Normal,North
Uttarakhand,1961,1409.4,24.538211148788985,0.09,-0.391,-0.2333333333333333,Excess (flood risk),North
Uttarakhand,1962,1292.8,14.235135073899801,-0.26,-0.016000000000000014,0.46666666666666673,Excess (flood risk),North
Uttarakhand,1963,1422.5,25.695760862177035,0.27,-0.06133333333333333,0.7666666666666667,Excess (flood risk),North
Uttarakhand,1964,1356.2,19.83732223640387,-0.33,-0.35200000000000004,0.8000000000000002,Excess (flood risk),North
Uttarakhand,1965,828.6,-26.782771563866504,0.18,-0.337,0.16666666666666666,Deficient (drought risk),North
Uttarakhand,1966,1168.9,3.28701221216081,0.66,-0.39966666666666667,-0.5,Normal,North
Uttarakhand,1967,1224.0,8.15579001427395,-0.45,-0.060000000000000005,0.39999999999999997,Normal,North
Uttarakhand,1968,1002.4,-11.425356282427936,-0.44,0.03433333333333333,0.43333333333333335,Deficient (drought risk),North
Uttarakhand,1969,1299.6,14.8360005739791,0.77,-0.05200000000000001,-0.06666666666666667,Excess (flood risk),North
Uttarakhand,1970,1025.3,-9.401853348337355,0.19,0.15633333333333335,0.3,Normal,North
Uttarakhand,1971,1163.6,2.818690572393104,-0.85,0.12466666666666665,1.6333333333333335,Normal,North
Uttarakhand,1972,809.6,-28.461660461146902,0.41,0.106,-0.3666666666666667,Deficient (drought risk),North
Uttarakhand,1973,948.9,-16.15275396687537,-0.1,-0.011000000000000001,0.39999999999999997,Deficient (drought risk),North
Uttarakhand,1974,929.4,-17.8758241509263,-1.03,-0.014333333333333328,1.4333333333333333,Deficient (drought risk),North
Uttarakhand,1975,1305.5,15.357339757871442,-0.73,-0.10366666666666667,1.1333333333333333,Excess (flood risk),North
Uttarakhand,1976,814.6,-28.019847593441533,-0.47,0.04599999999999999,0.7999999999999999,Deficient (drought risk),North
Uttarakhand,1977,1109.6,-1.9528883988248642,0.23,-0.06533333333333334,-0.4666666666666666,Normal,North
Uttarakhand,1978,1558.5,37.71307086376303,-0.18,-0.44333333333333336,0.3,Excess (flood risk),North
Uttarakhand,1979,747.5,-33.94897627804757,0.28,-0.22833333333333336,0.16666666666666666,Deficient (drought risk),North
Uttarakhand,1980,1097.2,-3.0485843107341632,0.38,-0.19333333333333336,-0.3333333333333333,Normal,North
Uttarakhand,1981,1016.7,-10.161771480790579,-0.37,0.033666666666666664,-0.20000000000000004,Deficient (drought risk),North
Uttarakhand,1982,900.4,-20.438338783617432,0.47,0.132,0.13333333333333333,Deficient (drought risk),North
Uttarakhand,1983,1008.3,-10.904017098535606,1.29,-0.45533333333333337,-0.8999999999999999,Deficient (drought risk),North
Uttarakhand,1984,1070.6,-5.3990287669267305,-0.43,-0.12533333333333332,0.09999999999999999,Normal,North
Uttarakhand,1985,1173.8,3.7199888225120574,-0.78,-0.32133333333333336,0.7999999999999999,Normal,North
Uttarakhand,1986,997.1,-11.893677922195621,-0.2,-0.21333333333333335,0.20000000000000004,Deficient (drought risk),North
Uttarakhand,1987,631.1,-44.23437983822852,0.95,-0.04333333333333334,-1.3333333333333333,Deficient (drought risk),North
Uttarakhand,1988,1213.4,7.21914673473858,-0.31,-0.318,0.5333333333333333,Normal,North
Uttarakhand,1989,1021.4,-9.746467385147541,-0.83,-0.46433333333333326,1.3,Normal,North
Uttarakhand,1990,1185.8,4.78033970500494,0.29,-0.29233333333333333,0.3333333333333333,Normal,North
Uttarakhand,1991,774.6,-31.554350535084474,0.26,0.21,-0.7666666666666666,Deficient (drought risk),North
Uttarakhand,1992,909.4,-19.643075621747773,1.29,-0.5910000000000001,-0.9,Deficient (drought risk),North
Uttarakhand,1993,1183.5,4.577105785860475,0.67,-0.16766666666666666,-0.6666666666666666,Normal,North
Uttarakhand,1994,1115.1,-1.46689424434896,0.31,0.36566666666666664,-0.9,Normal,North
Uttarakhand,1995,1210.2,6.93638649940714,0.3,-0.17400000000000002,-0.09999999999999998,Normal,North
Uttarakhand,1996,1116.4,-1.3520228987455485,-0.39,-0.24,0.7333333333333334,Normal,North
Uttarakhand,1997,529.5,-53.21201731000159,0.28,0.041,-0.7666666666666666,Deficient (drought risk),North
Uttarakhand,1998,786.2,-30.52934468200802,0.99,0.044000000000000004,-1.1666666666666667,Deficient (drought risk),North
Uttarakhand,1999,1051.2,-7.113262693623544,-0.98,-0.028333333333333335,0.9666666666666668,Normal,North
Uttarakhand,2000,1465.4,29.486515267089096,-0.81,0.13166666666666665,0.9666666666666667,Excess (flood risk),North
Uttarakhand,2001,1230.3,8.71247422758271,-0.34,0.08766666666666667,0.20000000000000004,Normal,North
Uttarakhand,2002,1112.1,-1.7319819649721804,0.2,-0.22433333333333336,-0.3666666666666667,Normal,North
Uttarakhand,2003,1316.6,16.33816432417735,-0.04,-0.10066666666666668,-0.2333333333333333,Excess (flood risk),North
Uttarakhand,2004,954.7,-15.640251040337136,0.17,-0.18899999999999997,0.16666666666666666,Deficient (drought risk),North
Uttarakhand,2005,1061.3,-6.22080070085871,0.43,-0.12733333333333333,-0.3666666666666667,Normal,North
Uttarakhand,2006,823.7,-27.21574817421776,-0.37,-0.14966666666666664,0.8000000000000002,Deficient (drought risk),North
Uttarakhand,2007,1491.2,31.766269664448792,-0.32,0.16166666666666668,0.0,Excess (flood risk),North
Uttarakhand,2008,1082.3,-4.365186656496166,-1.01,0.041,0.6666666666666665,Normal,North
Uttarakhand,2009,608.7,-46.21370148554856,-0.33,0.161,0.3666666666666667,Deficient (drought risk),North
Uttarakhand,2010,1253.9,10.797830963152057,0.35,0.26633333333333337,0.4666666666666666,Excess (flood risk),North
Uttarakhand,2011,1328.5,17.38967894931613,-0.62,0.14400000000000002,1.6000000000000003,Excess (flood risk),North
Uttarakhand,2012,1073.1,-5.178122333074047,-0.36,-0.205,0.13333333333333333,Normal,North
Uttarakhand,2013,1373.0,21.321813471893904,-0.19,-0.24,0.8333333333333334,Excess (flood risk),North
Uttarakhand,2014,897.7,-20.676917732178325,0.15,-0.10033333333333333,0.13333333333333333,Deficient (drought risk),North
Uttarakhand,2015,881.5,-22.10839142354372,0.81,-0.0030000000000000027,-0.4666666666666666,Deficient (drought risk),North
Uttarakhand,2016,1102.7,-2.562590156258259,1.05,0.008333333333333326,-0.3,Normal,North
Uttarakhand,2017,1199.0,5.946725675747114,0.31,0.46366666666666667,0.3333333333333333,Normal,North
Haryana Delhi & Chandigarh,1950,496.4,13.772473858040046,-1.18,-0.49166666666666664,,Excess (flood risk),North
Haryana Delhi & Chandigarh,1951,247.7,-43.22836064738815,0.18,-0.131,-0.3666666666666667,Deficient (drought risk),North
Haryana Delhi & Chandigarh,1952,501.9,15.033047198530014,0.29,0.01733333333333334,0.3666666666666667,Excess (flood risk),North
Haryana Delhi & Chandigarh,1953,503.3,15.353920412472924,0.66,0.15,-0.5666666666666667,Excess (flood risk),North
Haryana Delhi & Chandigarh,1954,361.2,-17.21471080273154,-0.41,-0.2406666666666667,0.4666666666666666,Deficient (drought risk),North
Haryana Delhi & Chandigarh,1955,498.8,14.322542224799312,-0.8,-0.24033333333333332,0.5,Excess (flood risk),North
Haryana Delhi & Chandigarh,1956,468.9,7.469607155590205,-0.54,-0.29033333333333333,1.2,Normal,North
Haryana Delhi & Chandigarh,1957,466.2,6.8507802429860405,0.72,-0.27466666666666667,-0.09999999999999998,Normal,North
Haryana Delhi & Chandigarh,1958,623.1,42.8114997198726,0.93,-0.4056666666666667,0.06666666666666665,Excess (flood risk),North
Haryana Delhi & Chandigarh,1959,395.7,-9.30747803056719,0.33,-0.5406666666666666,0.7333333333333334,Normal,North
Haryana Delhi & Chandigarh,1960,637.5,46.11190992042815,0.03,-0.6389999999999999,0.7666666666666666,Excess (flood risk),North
Haryana Delhi & Chandigarh,1961,500.1,14.620495923460581,0.09,-0.391,-0.2333333333333333,Excess (flood risk),North
Haryana Delhi & Chandigarh,1962,459.6,5.338092234398087,-0.26,-0.016000000000000014,0.46666666666666673,Normal,North
Haryana Delhi & Chandigarh,1963,488.9,12.053510211917363,0.27,-0.06133333333333333,0.7666666666666667,Excess (flood risk),North
Haryana Delhi & Chandigarh,1964,682.1,56.33401373603771,-0.33,-0.35200000000000004,0.8000000000000002,Excess (flood risk),North
Haryana Delhi & Chandigarh,1965,316.7,-27.41389510305946,0.18,-0.337,0.16666666666666666,Deficient (drought risk),North
Haryana Delhi & Chandigarh,1966,609.0,39.57984806516195,0.66,-0.39966666666666667,-0.5,Excess (flood risk),North
Haryana Delhi & Chandigarh,1967,689.7,58.075896897442036,-0.45,-0.060000000000000005,0.39999999999999997,Excess (flood risk),North
Haryana Delhi & Chandigarh,1968,329.6,-24.457277631728438,-0.44,0.03433333333333333,0.43333333333333335,Deficient (drought risk),North
Haryana Delhi & Chandigarh,1969,433.7,-0.5980622235455901,0.77,-0.05200000000000001,-0.06666666666666667,Normal,North
Haryana Delhi & Chandigarh,1970,445.7,2.1522796102507047,0.19,0.15633333333333335,0.3,Normal,North
Haryana Delhi & Chandigarh,1971,520.5,19.296077040914277,-0.85,0.12466666666666665,1.6333333333333335,Excess (flood risk),North
Haryana Delhi & Chandigarh,1972,360.6,-17.352227894421343,0.41,0.106,-0.3666666666666667,Deficient (drought risk),North
Haryana Delhi & Chandigarh,1973,440.8,1.0292233614505562,-0.1,-0.011000000000000001,0.39999999999999997,Normal,North
Haryana Delhi & Chandigarh,1974,346.1,-20.675557610258533,-1.03,-0.014333333333333328,1.4333333333333333,Deficient (drought risk),North
Haryana Delhi & Chandigarh,1975,563.0,29.036871035609487,-0.73,-0.10366666666666667,1.1333333333333333,Excess (flood risk),North
Haryana Delhi & Chandigarh,1976,651.8,49.38940060570206,-0.47,0.04599999999999999,0.7999999999999999,Excess (flood risk),North
Haryana Delhi & Chandigarh,1977,623.1,42.8114997198726,0.23,-0.06533333333333334,-0.4666666666666666,Excess (flood risk),North
Haryana Delhi & Chandigarh,1978,563.4,29.128549096736023,-0.18,-0.44333333333333336,0.3,Excess (flood risk),North
Haryana Delhi & Chandigarh,1979,215.9,-50.51676650694833,0.28,-0.22833333333333336,0.16666666666666666,Deficient (drought risk),North
Haryana Delhi & Chandigarh,1980,434.3,-0.4605451318557702,0.38,-0.19333333333333336,-0.3333333333333333,Normal,North
Haryana Delhi & Chandigarh,1981,358.4,-17.85645723061734,-0.37,0.033666666666666664,-0.20000000000000004,Deficient (drought risk),North
Haryana Delhi & Chandigarh,1982,284.9,-34.702300962619645,0.47,0.132,0.13333333333333333,Deficient (drought risk),North
Haryana Delhi & Chandigarh,1983,568.2,30.22868583025456,1.29,-0.45533333333333337,-0.8999999999999999,Excess (flood risk),North
Haryana Delhi & Chandigarh,1984,457.8,4.92554095932864,-0.43,-0.12533333333333332,0.09999999999999999,Normal,North
Haryana Delhi & Chandigarh,1985,489.4,12.16810778832554,-0.78,-0.32133333333333336,0.7999999999999999,Excess (flood risk),North
Haryana Delhi & Chandigarh,1986,339.3,-22.23408464940977,-0.2,-0.21333333333333335,0.20000000000000004,Deficient (drought risk),North
Haryana Delhi & Chandigarh,1987,178.7,-59.04282619171685,0.95,-0.04333333333333334,-1.3333333333333333,Deficient (drought risk),North
Haryana Delhi & Chandigarh,1988,776.7,78.01587519246517,-0.31,-0.318,0.5333333333333333,Excess (flood risk),North
Haryana Delhi & Chandigarh,1989,343.6,-21.248545492299428,-0.83,-0.46433333333333326,1.3,Deficient (drought risk),North
Haryana Delhi & Chandigarh,1990,558.7,28.05133187849916,0.29,-0.29233333333333333,0.3333333333333333,Excess (flood risk),North
Haryana Delhi & Chandigarh,1991,330.5,-24.25100199419372,0.26,0.21,-0.7666666666666666,Deficient (drought risk),North
Haryana Delhi & Chandigarh,1992,372.3,-14.67064460646996,1.29,-0.5910000000000001,-0.9,Deficient (drought risk),North
Haryana Delhi & Chandigarh,1993,477.6,9.463604985092529,0.67,-0.16766666666666666,-0.6666666666666666,Normal,North
Haryana Delhi & Chandigarh,1994,515.9,18.241779337959024,0.31,0.36566666666666664,-0.9,Excess (flood risk),North
Haryana Delhi & Chandigarh,1995,742.7,70.22323999670901,0.3,-0.17400000000000002,-0.09999999999999998,Excess (flood risk),North
Haryana Delhi & Chandigarh,1996,560.7,28.509722184131874,-0.39,-0.24,0.7333333333333334,Excess (flood risk),North
Haryana Delhi & Chandigarh,1997,457.5,4.85678241348373,0.28,0.041,-0.7666666666666666,Normal,North
Haryana Delhi & Chandigarh,1998,535.6,22.756923848441286,0.99,0.044000000000000004,-1.1666666666666667,Excess (flood risk),North
Haryana Delhi & Chandigarh,1999,285.4,-34.587703386211466,-0.98,-0.028333333333333335,0.9666666666666668,Deficient (drought risk),North
Haryana Delhi & Chandigarh,2000,311.1,-28.69738795883106,-0.81,0.13166666666666665,0.9666666666666667,Deficient (drought risk),North
Haryana Delhi & Chandigarh,2001,376.3,-13.753863995204526,-0.34,0.08766666666666667,0.20000000000000004,Deficient (drought risk),North
Haryana Delhi & Chandigarh,2002,241.8,-44.580612049004664,0.2,-0.22433333333333336,-0.3666666666666667,Deficient (drought risk),North
Haryana Delhi & Chandigarh,2003,528.5,21.129638263445138,-0.04,-0.10066666666666668,-0.2333333333333333,Excess (flood risk),North
Haryana Delhi & Chandigarh,2004,347.5,-20.354684396315637,0.17,-0.18899999999999997,0.16666666666666666,Deficient (drought risk),North
Haryana Delhi & Chandigarh,2005,428.8,-1.7211184723457384,0.43,-0.12733333333333333,-0.3666666666666667,Normal,North
Haryana Delhi & Chandigarh,2006,262.6,-39.81335287042442,-0.37,-0.14966666666666664,0.8000000000000002,Deficient (drought risk),North
Haryana Delhi & Chandigarh,2007,313.7,-28.101480561508534,-0.32,0.16166666666666668,0.0,Deficient (drought risk),North
Haryana Delhi & Chandigarh,2008,606.6,39.02977969840269,-1.01,0.041,0.6666666666666665,Excess (flood risk),North
Haryana Delhi & Chandigarh,2009,346.3,-20.629718579695265,-0.33,0.161,0.3666666666666667,Deficient (drought risk),North
Haryana Delhi & Chandigarh,2010,600.8,37.70044781206781,0.35,0.26633333333333337,0.4666666666666666,Excess (flood risk),North
Haryana Delhi & Chandigarh,2011,439.8,0.8000282086341981,-0.62,0.14400000000000002,1.6000000000000003,Normal,North
Haryana Delhi & Chandigarh,2012,360.7,-17.329308379139714,-0.36,-0.205,0.13333333333333333,Deficient (drought risk),North
Haryana Delhi & Chandigarh,2013,363.3,-16.73340098181718,-0.19,-0.24,0.8333333333333334,Deficient (drought risk),North
Haryana Delhi & Chandigarh,2014,200.2,-54.11513040616516,0.15,-0.10033333333333333,0.13333333333333333,Deficient (drought risk),North
Haryana Delhi & Chandigarh,2015,295.2,-32.34159088861116,0.81,-0.0030000000000000027,-0.4666666666666666,Deficient (drought risk),North
Haryana Delhi & Chandigarh,2016,343.3,-21.31730403814434,1.05,0.008333333333333326,-0.3,Deficient (drought risk),North
Haryana Delhi & Chandigarh,2017,359.4,-17.627262077800985,0.31,0.46366666666666667,0.3333333333333333,Deficient (drought risk),North
Punjab,1950,852.4,85.70771519707428,-1.18,-0.49166666666666664,,Excess (flood risk),North
Punjab,1951,347.6,-24.27029352123061,0.18,-0.131,-0.3666666666666667,Deficient (drought risk),North
Punjab,1952,480.8,4.7492602847880345,0.29,0.01733333333333334,0.3666666666666667,Normal,North
Punjab,1953,542.3,18.14792814567501,0.66,0.15,-0.5666666666666667,Excess (flood risk),North
Punjab,1954,481.6,4.923551899238599,-0.41,-0.2406666666666667,0.4666666666666666,Normal,North
Punjab,1955,500.6,9.062977742439458,-0.8,-0.24033333333333332,0.5,Normal,North
Punjab,1956,525.3,14.444231338600558,-0.54,-0.29033333333333333,1.2,Excess (flood risk),North
Punjab,1957,490.5,6.862546110001102,0.72,-0.27466666666666667,-0.09999999999999998,Normal,North
Punjab,1958,714.8,55.729557511577546,0.93,-0.4056666666666667,0.06666666666666665,Excess (flood risk),North
Punjab,1959,553.5,20.588010747982892,0.33,-0.5406666666666666,0.7333333333333334,Excess (flood risk),North
Punjab,1960,529.9,15.446408121691297,0.03,-0.6389999999999999,0.7666666666666666,Excess (flood risk),North
Punjab,1961,545.4,18.823308151670943,0.09,-0.391,-0.2333333333333333,Excess (flood risk),North
Punjab,1962,641.5,39.760088337544765,-0.26,-0.016000000000000014,0.46666666666666673,Excess (flood risk),North
Punjab,1963,390.0,-15.032837955350805,0.27,-0.06133333333333333,0.7666666666666667,Deficient (drought risk),North
Punjab,1964,654.3,42.54875416875375,-0.33,-0.35200000000000004,0.8000000000000002,Excess (flood risk),North
Punjab,1965,300.0,-34.64064458103908,0.18,-0.337,0.16666666666666666,Deficient (drought risk),North
Punjab,1966,527.5,14.923533278339615,0.66,-0.39966666666666667,-0.5,Excess (flood risk),North
Punjab,1967,485.6,5.795009971491411,-0.45,-0.060000000000000005,0.39999999999999997,Normal,North
Punjab,1968,424.6,-7.494725630363976,-0.44,0.03433333333333333,0.43333333333333335,Normal,North
Punjab,1969,400.5,-12.745260515687173,0.77,-0.05200000000000001,-0.06666666666666667,Deficient (drought risk),North
Punjab,1970,565.3,23.158812061128682,0.19,0.15633333333333335,0.3,Excess (flood risk),North
Punjab,1971,633.5,38.01717219303914,-0.85,0.12466666666666665,1.6333333333333335,Excess (flood risk),North
Punjab,1972,375.1,-18.279019274492526,0.41,0.106,-0.3666666666666667,Deficient (drought risk),North
Punjab,1973,581.5,26.688217253752576,-0.1,-0.011000000000000001,0.39999999999999997,Excess (flood risk),North
Punjab,1974,323.4,-29.542614858360132,-1.03,-0.014333333333333328,1.4333333333333333,Deficient (drought risk),North
Punjab,1975,634.5,38.235036711102346,-0.73,-0.10366666666666667,1.1333333333333333,Excess (flood risk),North
Punjab,1976,662.2,44.269883861453074,-0.47,0.04599999999999999,0.7999999999999999,Excess (flood risk),North
Punjab,1977,566.4,23.398463030998208,0.23,-0.06533333333333334,-0.4666666666666666,Excess (flood risk),North
Punjab,1978,605.8,31.9823250426884,-0.18,-0.44333333333333336,0.3,Excess (flood risk),North
Punjab,1979,276.5,-39.76046075552435,0.28,-0.22833333333333336,0.16666666666666666,Deficient (drought risk),North
Punjab,1980,531.6,15.816777802398752,0.38,-0.19333333333333336,-0.3333333333333333,Excess (flood risk),North
Punjab,1981,318.5,-30.610150996869823,-0.37,0.033666666666666664,-0.20000000000000004,Deficient (drought risk),North
Punjab,1982,276.9,-39.67331494829908,0.47,0.132,0.13333333333333333,Deficient (drought risk),North
Punjab,1983,456.3,-0.5884204077604407,1.29,-0.45533333333333337,-0.8999999999999999,Normal,North
Punjab,1984,610.7,33.04986118119812,-0.43,-0.12533333333333332,0.09999999999999999,Excess (flood risk),North
Punjab,1985,620.4,35.16314700641117,-0.78,-0.32133333333333336,0.7999999999999999,Excess (flood risk),North
Punjab,1986,456.7,-0.5012746005351644,-0.2,-0.21333333333333335,0.20000000000000004,Normal,North
Punjab,1987,181.5,-60.45758997152865,0.95,-0.04333333333333334,-1.3333333333333333,Deficient (drought risk),North
Punjab,1988,1067.2,132.50501367705033,-0.31,-0.318,0.5333333333333333,Excess (flood risk),North
Punjab,1989,376.2,-18.03936830462301,-0.83,-0.46433333333333326,1.3,Deficient (drought risk),North
Punjab,1990,602.0,31.154439874048244,0.29,-0.29233333333333333,0.3333333333333333,Excess (flood risk),North
Punjab,1991,346.3,-24.553517394712777,0.26,0.21,-0.7666666666666666,Deficient (drought risk),North
Punjab,1992,365.7,-20.326945744286643,1.29,-0.5910000000000001,-0.9,Deficient (drought risk),North
Punjab,1993,507.2,10.50088356165659,0.67,-0.16766666666666666,-0.6666666666666666,Excess (flood risk),North
Punjab,1994,508.0,10.675175176107155,0.31,0.36566666666666664,-0.9,Excess (flood risk),North
Punjab,1995,732.0,59.47682722226464,0.3,-0.17400000000000002,-0.09999999999999998,Excess (flood risk),North
Punjab,1996,473.0,3.049917043895048,-0.39,-0.24,0.7333333333333334,Normal,North
Punjab,1997,485.1,5.686077712459809,0.28,0.041,-0.7666666666666666,Normal,North
Punjab,1998,432.6,-5.751809485858351,0.99,0.044000000000000004,-1.1666666666666667,Normal,North
Punjab,1999,287.9,-37.27680524960385,-0.98,-0.028333333333333335,0.9666666666666668,Deficient (drought risk),North
Punjab,2000,326.9,-28.780089045138922,-0.81,0.13166666666666665,0.9666666666666667,Deficient (drought risk),North
Punjab,2001,357.1,-22.200580599630182,-0.34,0.08766666666666667,0.20000000000000004,Deficient (drought risk),North
Punjab,2002,228.4,-50.239744074364424,0.2,-0.22433333333333336,-0.3666666666666667,Deficient (drought risk),North
Punjab,2003,324.3,-29.346536792103244,-0.04,-0.10066666666666668,-0.2333333333333333,Deficient (drought risk),North
Punjab,2004,234.0,-49.01970277321048,0.17,-0.18899999999999997,0.16666666666666666,Deficient (drought risk),North
Punjab,2005,413.4,-9.93480823267186,0.43,-0.12733333333333333,-0.3666666666666667,Normal,North
Punjab,2006,504.8,9.978008718304908,-0.37,-0.14966666666666664,0.8000000000000002,Normal,North
Punjab,2007,448.6,-2.2659771968471016,-0.32,0.16166666666666668,0.0,Normal,North
Punjab,2008,629.3,37.10214121717368,-1.01,0.041,0.6666666666666665,Excess (flood risk),North
Punjab,2009,300.1,-34.618858129232756,-0.33,0.161,0.3666666666666667,Deficient (drought risk),North
Punjab,2010,395.1,-13.921728913228465,0.35,0.26633333333333337,0.4666666666666666,Deficient (drought risk),North
Punjab,2011,617.5,34.53133990402789,-0.62,0.14400000000000002,1.6000000000000003,Excess (flood risk),North
Punjab,2012,379.6,-17.298628943208115,-0.36,-0.205,0.13333333333333333,Deficient (drought risk),North
Punjab,2013,479.7,4.509609314918506,-0.19,-0.24,0.8333333333333334,Normal,North
Punjab,2014,244.6,-46.71033888174053,0.15,-0.10033333333333333,0.13333333333333333,Deficient (drought risk),North
Punjab,2015,336.3,-26.73216257534481,0.81,-0.0030000000000000027,-0.4666666666666666,Deficient (drought risk),North
Punjab,2016,367.9,-19.847643804547598,1.05,0.008333333333333326,-0.3,Deficient (drought risk),North
Punjab,2017,390.1,-15.011051503544481,0.31,0.46366666666666667,0.3333333333333333,Deficient (drought risk),North
Himachal Pradesh,1950,1125.6,45.45221604583071,-1.18,-0.49166666666666664,,Excess (flood risk),North
Himachal Pradesh,1951,690.0,-10.836861165935325,0.18,-0.131,-0.3666666666666667,Deficient (drought risk),North
Himachal Pradesh,1952,742.8,-4.013942716024294,0.29,0.01733333333333334,0.3666666666666667,Normal,North
Himachal Pradesh,1953,919.1,18.767885365780934,0.66,0.15,-0.5666666666666667,Excess (flood risk),North
Himachal Pradesh,1954,1026.4,32.6333995641797,-0.41,-0.2406666666666667,0.4666666666666666,Excess (flood risk),North
Himachal Pradesh,1955,939.0,21.339401978531495,-0.8,-0.24033333333333332,0.5,Excess (flood risk),North
Himachal Pradesh,1956,791.9,2.3308545546316157,-0.54,-0.29033333333333333,1.2,Normal,North
Himachal Pradesh,1957,917.9,18.61281903737386,0.72,-0.27466666666666667,-0.09999999999999998,Excess (flood risk),North
Himachal Pradesh,1958,1017.9,31.535013071296277,0.93,-0.4056666666666667,0.06666666666666665,Excess (flood risk),North
Himachal Pradesh,1959,933.8,20.66744788876752,0.33,-0.5406666666666666,0.7333333333333334,Excess (flood risk),North
Himachal Pradesh,1960,733.3,-5.241551149246924,0.03,-0.6389999999999999,0.7666666666666666,Normal,North
Himachal Pradesh,1961,876.3,13.23718631926213,0.09,-0.391,-0.2333333333333333,Excess (flood risk),North
Himachal Pradesh,1962,888.6,14.826616185434599,-0.26,-0.016000000000000014,0.46666666666666673,Excess (flood risk),North
Himachal Pradesh,1963,854.0,10.355537049697439,0.27,-0.06133333333333333,0.7666666666666667,Excess (flood risk),North
Himachal Pradesh,1964,809.1,4.553471928466276,-0.33,-0.35200000000000004,0.8000000000000002,Normal,North
Himachal Pradesh,1965,460.4,-40.506218667821194,0.18,-0.337,0.16666666666666666,Deficient (drought risk),North
Himachal Pradesh,1966,888.9,14.865382767536358,0.66,-0.39966666666666667,-0.5,Excess (flood risk),North
Himachal Pradesh,1967,994.5,28.511219667358432,-0.45,-0.060000000000000005,0.39999999999999997,Excess (flood risk),North
Himachal Pradesh,1968,573.8,-25.85245063335318,-0.44,0.03433333333333333,0.43333333333333335,Deficient (drought risk),North
Himachal Pradesh,1969,656.6,-15.15287397326541,0.77,-0.05200000000000001,-0.06666666666666667,Deficient (drought risk),North
Himachal Pradesh,1970,831.4,7.43512119803097,0.19,0.15633333333333335,0.3,Normal,North
Himachal Pradesh,1971,973.7,25.823403308302577,-0.85,0.12466666666666665,1.6333333333333335,Excess (flood risk),North
Himachal Pradesh,1972,445.5,-42.43162557887563,0.41,0.106,-0.3666666666666667,Deficient (drought risk),North
Himachal Pradesh,1973,567.1,-26.718237633625975,-0.1,-0.011000000000000001,0.39999999999999997,Deficient (drought risk),North
Himachal Pradesh,1974,480.2,-37.94762424910456,-1.03,-0.014333333333333328,1.4333333333333333,Deficient (drought risk),North
Himachal Pradesh,1975,587.9,-24.030421274570116,-0.73,-0.10366666666666667,1.1333333333333333,Deficient (drought risk),North
Himachal Pradesh,1976,765.0,-1.1452156404935119,-0.47,0.04599999999999999,0.7999999999999999,Normal,North
Himachal Pradesh,1977,859.3,11.040413333495321,0.23,-0.06533333333333334,-0.4666666666666666,Excess (flood risk),North
Himachal Pradesh,1978,873.9,12.927053662447996,-0.18,-0.44333333333333336,0.3,Excess (flood risk),North
Himachal Pradesh,1979,390.7,-49.51298790946512,0.28,-0.22833333333333336,0.16666666666666666,Deficient (drought risk),North
Himachal Pradesh,1980,765.3,-1.1064490583917503,0.38,-0.19333333333333336,-0.3333333333333333,Normal,North
Himachal Pradesh,1981,563.3,-27.20928100691503,-0.37,0.033666666666666664,-0.20000000000000004,Deficient (drought risk),North
Himachal Pradesh,1982,420.4,-45.67509628139017,0.47,0.132,0.13333333333333333,Deficient (drought risk),North
Himachal Pradesh,1983,551.6,-28.721177708883943,1.29,-0.45533333333333337,-0.8999999999999999,Deficient (drought risk),North
Himachal Pradesh,1984,613.3,-20.748183989953827,-0.43,-0.12533333333333332,0.09999999999999999,Deficient (drought risk),North
Himachal Pradesh,1985,726.1,-6.171949119689328,-0.78,-0.32133333333333336,0.7999999999999999,Normal,North
Himachal Pradesh,1986,626.6,-19.029532183442132,-0.2,-0.21333333333333335,0.20000000000000004,Deficient (drought risk),North
Himachal Pradesh,1987,369.6,-52.23957085062274,0.95,-0.04333333333333334,-1.3333333333333333,Deficient (drought risk),North
Himachal Pradesh,1988,1160.3,49.93621737560179,-0.31,-0.318,0.5333333333333333,Excess (flood risk),North
Himachal Pradesh,1989,663.0,-14.325853555094376,-0.83,-0.46433333333333326,1.3,Deficient (drought risk),North
Himachal Pradesh,1990,767.0,-0.8867717598150634,0.29,-0.29233333333333333,0.3333333333333333,Normal,North
Himachal Pradesh,1991,595.6,-23.03541233395808,0.26,0.21,-0.7666666666666666,Deficient (drought risk),North
Himachal Pradesh,1992,832.2,7.538498750302358,1.29,-0.5910000000000001,-0.9,Normal,North
Himachal Pradesh,1993,690.0,-10.836861165935325,0.67,-0.16766666666666666,-0.6666666666666666,Deficient (drought risk),North
Himachal Pradesh,1994,884.8,14.33557281214554,0.31,0.36566666666666664,-0.9,Excess (flood risk),North
Himachal Pradesh,1995,1028.6,32.91768783292597,0.3,-0.17400000000000002,-0.09999999999999998,Excess (flood risk),North
Himachal Pradesh,1996,871.1,12.565232229498175,-0.39,-0.24,0.7333333333333334,Excess (flood risk),North
Himachal Pradesh,1997,881.0,13.844529438856492,0.28,0.041,-0.7666666666666666,Excess (flood risk),North
Himachal Pradesh,1998,854.3,10.3943036317992,0.99,0.044000000000000004,-1.1666666666666667,Excess (flood risk),North
Himachal Pradesh,1999,804.8,3.997817585007604,-0.98,-0.028333333333333335,0.9666666666666668,Normal,North
Himachal Pradesh,2000,640.0,-17.297958182896533,-0.81,0.13166666666666665,0.9666666666666667,Deficient (drought risk),North
Himachal Pradesh,2001,622.5,-19.559342138832957,-0.34,0.08766666666666667,0.20000000000000004,Deficient (drought risk),North
Himachal Pradesh,2002,486.6,-37.12060383093352,0.2,-0.22433333333333336,-0.3666666666666667,Deficient (drought risk),North
Himachal Pradesh,2003,613.3,-20.748183989953827,-0.04,-0.10066666666666668,-0.2333333333333333,Deficient (drought risk),North
Himachal Pradesh,2004,467.5,-39.58874289141271,0.17,-0.18899999999999997,0.16666666666666666,Deficient (drought risk),North
Himachal Pradesh,2005,640.3,-17.25919160079477,0.43,-0.12733333333333333,-0.3666666666666667,Deficient (drought risk),North
Himachal Pradesh,2006,732.1,-5.396617477653984,-0.37,-0.14966666666666664,0.8000000000000002,Normal,North
Himachal Pradesh,2007,631.0,-18.46095564594955,-0.32,0.16166666666666668,0.0,Deficient (drought risk),North
Himachal Pradesh,2008,749.4,-3.161077909785412,-1.01,0.041,0.6666666666666665,Normal,North
Himachal Pradesh,2009,550.3,-28.889166231324946,-0.33,0.161,0.3666666666666667,Deficient (drought risk),North
Himachal Pradesh,2010,851.2,9.993715616747616,0.35,0.26633333333333337,0.4666666666666666,Normal,North
Himachal Pradesh,2011,796.6,2.9381976742259748,-0.62,0.14400000000000002,1.6000000000000003,Normal,North
Himachal Pradesh,2012,686.3,-11.31498234519046,-0.36,-0.205,0.13333333333333333,Deficient (drought risk),North
Himachal Pradesh,2013,748.2,-3.316144238192472,-0.19,-0.24,0.8333333333333334,Normal,North
Himachal Pradesh,2014,486.6,-37.12060383093352,0.15,-0.10033333333333333,0.13333333333333333,Deficient (drought risk),North
Himachal Pradesh,2015,607.2,-21.536437826023082,0.81,-0.0030000000000000027,-0.4666666666666666,Deficient (drought risk),North
Himachal Pradesh,2016,624.8,-19.262131676052746,1.05,0.008333333333333326,-0.3,Deficient (drought risk),North
Himachal Pradesh,2017,715.7,-7.515857299217258,0.31,0.46366666666666667,0.3333333333333333,Normal,North
Jammu & Kashmir,1950,749.8,45.48167278298713,-1.18,-0.49166666666666664,,Excess (flood risk),North
Jammu & Kashmir,1951,369.8,-28.248702860564624,0.18,-0.131,-0.3666666666666667,Deficient (drought risk),North
Jammu & Kashmir,1952,489.6,-5.004231802413299,0.29,0.01733333333333334,0.3666666666666667,Normal,North
Jammu & Kashmir,1953,699.1,35.644488453702735,0.66,0.15,-0.5666666666666667,Excess (flood risk),North
Jammu & Kashmir,1954,531.4,3.106109518377386,-0.41,-0.2406666666666667,0.4666666666666666,Normal,North
Jammu & Kashmir,1955,599.3,16.28056348205413,-0.8,-0.24033333333333332,0.5,Excess (flood risk),North
Jammu & Kashmir,1956,811.6,57.47256019028056,-0.54,-0.29033333333333333,1.2,Excess (flood risk),North
Jammu & Kashmir,1957,450.4,-12.610102131958648,0.72,-0.27466666666666667,-0.09999999999999998,Deficient (drought risk),North
Jammu & Kashmir,1958,782.5,51.82636563441909,0.93,-0.4056666666666667,0.06666666666666665,Excess (flood risk),North
Jammu & Kashmir,1959,961.2,86.49904491732094,0.33,-0.5406666666666666,0.7333333333333334,Excess (flood risk),North
Jammu & Kashmir,1960,443.1,-14.026501453532134,0.03,-0.6389999999999999,0.7666666666666666,Deficient (drought risk),North
Jammu & Kashmir,1961,642.7,24.70134848976506,0.09,-0.391,-0.2333333333333333,Excess (flood risk),North
Jammu & Kashmir,1962,482.3,-6.420631123986796,-0.26,-0.016000000000000014,0.46666666666666673,Normal,North
Jammu & Kashmir,1963,193.1,-62.53332753481619,0.27,-0.06133333333333333,0.7666666666666667,Deficient (drought risk),North
Jammu & Kashmir,1964,423.5,-17.829436618304808,-0.33,-0.35200000000000004,0.8000000000000002,Deficient (drought risk),North
Jammu & Kashmir,1965,194.7,-62.222883847895986,0.18,-0.337,0.16666666666666666,Deficient (drought risk),North
Jammu & Kashmir,1966,650.9,26.292372385231168,0.66,-0.39966666666666667,-0.5,Excess (flood risk),North
Jammu & Kashmir,1967,466.3,-9.525067993188976,-0.45,-0.060000000000000005,0.39999999999999997,Normal,North
Jammu & Kashmir,1968,515.5,0.021075379607724078,-0.44,0.03433333333333333,0.43333333333333335,Normal,North
Jammu & Kashmir,1969,411.3,-20.196569731071467,0.77,-0.05200000000000001,-0.06666666666666667,Deficient (drought risk),North
Jammu & Kashmir,1970,331.0,-35.77696226837991,0.19,0.15633333333333335,0.3,Deficient (drought risk),North
Jammu & Kashmir,1971,417.1,-19.071211365985675,-0.85,0.12466666666666665,1.6333333333333335,Deficient (drought risk),North
Jammu & Kashmir,1972,364.5,-29.277047573487845,0.41,0.106,-0.3666666666666667,Deficient (drought risk),North
Jammu & Kashmir,1973,555.2,7.723959361315641,-0.1,-0.011000000000000001,0.39999999999999997,Normal,North
Jammu & Kashmir,1974,305.5,-40.72465852867088,-1.03,-0.014333333333333328,1.4333333333333333,Deficient (drought risk),North
Jammu & Kashmir,1975,632.2,22.66406179435113,-0.73,-0.10366666666666667,1.1333333333333333,Excess (flood risk),North
Jammu & Kashmir,1976,481.6,-6.55645023701439,-0.47,0.04599999999999999,0.7999999999999999,Normal,North
Jammu & Kashmir,1977,418.4,-18.81897587036301,0.23,-0.06533333333333334,-0.4666666666666666,Deficient (drought risk),North
Jammu & Kashmir,1978,492.3,-4.480358080735434,-0.18,-0.44333333333333336,0.3,Normal,North
Jammu & Kashmir,1979,342.3,-33.58445372950587,0.28,-0.22833333333333336,0.16666666666666666,Deficient (drought risk),North
Jammu & Kashmir,1980,395.3,-23.30100660027365,0.38,-0.19333333333333336,-0.3333333333333333,Deficient (drought risk),North
Jammu & Kashmir,1981,405.3,-21.360733557022286,-0.37,0.033666666666666664,-0.20000000000000004,Deficient (drought risk),North
Jammu & Kashmir,1982,299.4,-41.90822508505422,0.47,0.132,0.13333333333333333,Deficient (drought risk),North
Jammu & Kashmir,1983,558.2,8.306041274291049,1.29,-0.45533333333333337,-0.8999999999999999,Normal,North
Jammu & Kashmir,1984,553.9,7.47172386569295,-0.43,-0.12533333333333332,0.09999999999999999,Normal,North
Jammu & Kashmir,1985,559.4,8.538874039481199,-0.78,-0.32133333333333336,0.7999999999999999,Normal,North
Jammu & Kashmir,1986,548.9,6.50158734406727,-0.2,-0.21333333333333335,0.20000000000000004,Normal,North
Jammu & Kashmir,1987,372.5,-27.724829138886758,0.95,-0.04333333333333334,-1.3333333333333333,Deficient (drought risk),North
Jammu & Kashmir,1988,964.4,87.11993229116138,-0.31,-0.318,0.5333333333333333,Excess (flood risk),North
Jammu & Kashmir,1989,517.1,0.33151906652794644,-0.83,-0.46433333333333326,1.3,Normal,North
Jammu & Kashmir,1990,511.5,-0.7550338376928208,0.29,-0.29233333333333333,0.3333333333333333,Normal,North
Jammu & Kashmir,1991,591.6,14.786553238750596,0.26,0.21,-0.7666666666666666,Excess (flood risk),North
Jammu & Kashmir,1992,746.1,44.76377175698414,1.29,-0.5910000000000001,-0.9,Excess (flood risk),North
Jammu & Kashmir,1993,566.0,9.819454248027103,0.67,-0.16766666666666666,-0.6666666666666666,Normal,North
Jammu & Kashmir,1994,870.3,68.86196295416605,0.31,0.36566666666666664,-0.9,Excess (flood risk),North
Jammu & Kashmir,1995,845.4,64.03068307647017,0.3,-0.17400000000000002,-0.09999999999999998,Excess (flood risk),North
Jammu & Kashmir,1996,811.8,57.511365651145574,-0.39,-0.24,0.7333333333333334,Excess (flood risk),North
Jammu & Kashmir,1997,553.4,7.374710213530383,0.28,0.041,-0.7666666666666666,Normal,North
Jammu & Kashmir,1998,449.3,-12.823532166716292,0.99,0.044000000000000004,-1.1666666666666667,Deficient (drought risk),North
Jammu & Kashmir,1999,415.5,-19.3816550529059,-0.98,-0.028333333333333335,0.9666666666666668,Deficient (drought risk),North
Jammu & Kashmir,2000,485.9,-5.722132828416313,-0.81,0.13166666666666665,0.9666666666666667,Normal,North
Jammu & Kashmir,2001,546.3,5.9971163528219105,-0.34,0.08766666666666667,0.20000000000000004,Normal,North
Jammu & Kashmir,2002,488.3,-5.25646729803598,0.2,-0.22433333333333336,-0.3666666666666667,Normal,North
Jammu & Kashmir,2003,488.5,-5.2176618371709536,-0.04,-0.10066666666666668,-0.2333333333333333,Normal,North
Jammu & Kashmir,2004,331.8,-35.62174042491979,0.17,-0.18899999999999997,0.16666666666666666,Deficient (drought risk),North
Jammu & Kashmir,2005,609.7,18.298447447035564,0.43,-0.12733333333333333,-0.3666666666666667,Excess (flood risk),North
Jammu & Kashmir,2006,817.8,58.6755294770964,-0.37,-0.14966666666666664,0.8000000000000002,Excess (flood risk),North
Jammu & Kashmir,2007,506.1,-1.802781281048552,-0.32,0.16166666666666668,0.0,Normal,North
Jammu & Kashmir,2008,612.0,18.74471024698337,-1.01,0.041,0.6666666666666665,Excess (flood risk),North
Jammu & Kashmir,2009,,,-0.33,0.161,0.3666666666666667,Normal,North
Jammu & Kashmir,2010,522.9,1.4568774316137278,0.35,0.26633333333333337,0.4666666666666666,Normal,North
Jammu & Kashmir,2011,357.3,-30.67404416462882,-0.62,0.14400000000000002,1.6000000000000003,Deficient (drought risk),North
Jammu & Kashmir,2012,523.0,1.4762801620462458,-0.36,-0.205,0.13333333333333333,Normal,North
Jammu & Kashmir,2013,465.8,-9.622081645351543,-0.19,-0.24,0.8333333333333334,Normal,North
Jammu & Kashmir,2014,623.2,20.917816055424904,0.15,-0.10033333333333333,0.13333333333333333,Excess (flood risk),North
Jammu & Kashmir,2015,614.0,19.132764855633642,0.81,-0.0030000000000000027,-0.4666666666666666,Excess (flood risk),North
Jammu & Kashmir,2016,482.7,-6.343020202256747,1.05,0.008333333333333326,-0.3,Normal,North
Jammu & Kashmir,2017,543.9,5.531450822441589,0.31,0.46366666666666667,0.3333333333333333,Normal,North
West Rajasthan,1950,273.0,4.953767899741716,-1.18,-0.49166666666666664,,Normal,West
West Rajasthan,1951,137.9,-46.984891599361234,0.18,-0.131,-0.3666666666666667,Deficient (drought risk),West
West Rajasthan,1952,259.9,-0.08247517530084442,0.29,0.01733333333333334,0.3666666666666667,Normal,West
West Rajasthan,1953,290.7,11.758462741593096,0.66,0.15,-0.5666666666666667,Excess (flood risk),West
West Rajasthan,1954,231.1,-11.154521019669195,-0.41,-0.2406666666666667,0.4666666666666666,Deficient (drought risk),West
West Rajasthan,1955,352.5,35.51722778263353,-0.8,-0.24033333333333332,0.5,Excess (flood risk),West
West Rajasthan,1956,317.1,21.90783809893077,-0.54,-0.29033333333333333,1.2,Excess (flood risk),West
West Rajasthan,1957,217.2,-16.49832092372198,0.72,-0.27466666666666667,-0.09999999999999998,Deficient (drought risk),West
West Rajasthan,1958,233.3,-10.30873973989105,0.93,-0.4056666666666667,0.06666666666666665,Deficient (drought risk),West
West Rajasthan,1959,306.1,17.678931700040078,0.33,-0.5406666666666666,0.7333333333333334,Excess (flood risk),West
West Rajasthan,1960,206.7,-20.535004304481276,0.03,-0.6389999999999999,0.7666666666666666,Deficient (drought risk),West
West Rajasthan,1961,365.5,40.51502625404981,0.09,-0.391,-0.2333333333333333,Excess (flood risk),West
West Rajasthan,1962,247.0,-5.041829043090829,-0.26,-0.016000000000000014,0.46666666666666673,Normal,West
West Rajasthan,1963,153.0,-41.179756451793104,0.27,-0.06133333333333333,0.7666666666666667,Deficient (drought risk),West
West Rajasthan,1964,321.2,23.484066847608197,-0.33,-0.35200000000000004,0.8000000000000002,Excess (flood risk),West
West Rajasthan,1965,193.9,-25.455913568644984,0.18,-0.337,0.16666666666666666,Deficient (drought risk),West
West Rajasthan,1966,226.0,-13.115195804609423,0.66,-0.39966666666666667,-0.5,Deficient (drought risk),West
West Rajasthan,1967,248.5,-4.4651599886966435,-0.45,-0.060000000000000005,0.39999999999999997,Normal,West
West Rajasthan,1968,122.4,-52.943805161434476,-0.44,0.03433333333333333,0.43333333333333335,Deficient (drought risk),West
West Rajasthan,1969,110.8,-57.403379182082844,0.77,-0.05200000000000001,-0.06666666666666667,Deficient (drought risk),West
West Rajasthan,1970,326.2,25.406297028922147,0.19,0.15633333333333335,0.3,Excess (flood risk),West
West Rajasthan,1971,220.4,-15.268093607681047,-0.85,0.12466666666666665,1.6333333333333335,Deficient (drought risk),West
West Rajasthan,1972,178.7,-31.2994933198394,0.41,0.106,-0.3666666666666667,Deficient (drought risk),West
West Rajasthan,1973,440.8,69.46381278463791,-0.1,-0.011000000000000001,0.39999999999999997,Excess (flood risk),West
West Rajasthan,1974,132.8,-48.94556638430146,-1.03,-0.014333333333333328,1.4333333333333333,Deficient (drought risk),West
West Rajasthan,1975,522.2,100.75772013642906,-0.73,-0.10366666666666667,1.1333333333333333,Excess (flood risk),West
West Rajasthan,1976,390.4,50.08773255699327,-0.47,0.04599999999999999,0.7999999999999999,Excess (flood risk),West
West Rajasthan,1977,362.6,39.40013274888772,0.23,-0.06533333333333334,-0.4666666666666666,Excess (flood risk),West
West Rajasthan,1978,345.6,32.86455013242029,-0.18,-0.44333333333333336,0.3,Excess (flood risk),West
West Rajasthan,1979,226.1,-13.076751200983145,0.28,-0.22833333333333336,0.16666666666666666,Deficient (drought risk),West
West Rajasthan,1980,206.8,-20.496559700854988,0.38,-0.19333333333333336,-0.3333333333333333,Deficient (drought risk),West
West Rajasthan,1981,187.3,-27.9932574079794,-0.37,0.033666666666666664,-0.20000000000000004,Deficient (drought risk),West
West Rajasthan,1982,202.9,-21.995899242279872,0.47,0.132,0.13333333333333333,Deficient (drought risk),West
West Rajasthan,1983,380.1,46.12793838348655,1.29,-0.45533333333333337,-0.8999999999999999,Excess (flood risk),West
West Rajasthan,1984,198.9,-23.533683387331035,-0.43,-0.12533333333333332,0.09999999999999999,Deficient (drought risk),West
West Rajasthan,1985,169.3,-34.913286060709616,-0.78,-0.32133333333333336,0.7999999999999999,Deficient (drought risk),West
West Rajasthan,1986,164.0,-36.95085005290241,-0.2,-0.21333333333333335,0.20000000000000004,Deficient (drought risk),West
West Rajasthan,1987,90.7,-65.13074451096493,0.95,-0.04333333333333334,-1.3333333333333333,Deficient (drought risk),West
West Rajasthan,1988,264.7,1.7628657987605527,-0.31,-0.318,0.5333333333333333,Normal,West
West Rajasthan,1989,236.2,-9.193846234728968,-0.83,-0.46433333333333326,1.3,Normal,West
West Rajasthan,1990,396.1,52.279074963691194,0.29,-0.29233333333333333,0.3333333333333333,Excess (flood risk),West
West Rajasthan,1991,152.4,-41.41042407355078,0.26,0.21,-0.7666666666666666,Deficient (drought risk),West
West Rajasthan,1992,394.9,51.81773972017582,1.29,-0.5910000000000001,-0.9,Excess (flood risk),West
West Rajasthan,1993,275.4,5.876438386772404,0.67,-0.16766666666666666,-0.6666666666666666,Normal,West
West Rajasthan,1994,391.4,50.47217859325607,0.31,0.36566666666666664,-0.9,Excess (flood risk),West
West Rajasthan,1995,331.5,27.44386102111494,0.3,-0.17400000000000002,-0.09999999999999998,Excess (flood risk),West
West Rajasthan,1996,271.9,4.5308772598526375,-0.39,-0.24,0.7333333333333334,Normal,West
West Rajasthan,1997,246.7,-5.157162853969671,0.28,0.041,-0.7666666666666666,Normal,West
West Rajasthan,1998,201.6,-22.495679089421504,0.99,0.044000000000000004,-1.1666666666666667,Deficient (drought risk),West
West Rajasthan,1999,147.6,-43.25576504761217,-0.98,-0.028333333333333335,0.9666666666666668,Deficient (drought risk),West
West Rajasthan,2000,225.1,-13.461197237245937,-0.81,0.13166666666666665,0.9666666666666667,Deficient (drought risk),West
West Rajasthan,2001,243.1,-6.541168584515712,-0.34,0.08766666666666667,0.20000000000000004,Normal,West
West Rajasthan,2002,67.2,-74.1652263631405,0.2,-0.22433333333333336,-0.3666666666666667,Deficient (drought risk),West
West Rajasthan,2003,341.1,31.13454296923773,-0.04,-0.10066666666666668,-0.2333333333333333,Excess (flood risk),West
West Rajasthan,2004,163.3,-37.21996227828636,0.17,-0.18899999999999997,0.16666666666666666,Deficient (drought risk),West
West Rajasthan,2005,215.4,-17.190323788994995,0.43,-0.12733333333333333,-0.3666666666666667,Deficient (drought risk),West
West Rajasthan,2006,324.4,24.71429416364912,-0.37,-0.14966666666666664,0.8000000000000002,Excess (flood risk),West
West Rajasthan,2007,246.7,-5.157162853969671,-0.32,0.16166666666666668,0.0,Normal,West
West Rajasthan,2008,269.5,3.60820677282195,-1.01,0.041,0.6666666666666665,Normal,West
West Rajasthan,2009,139.8,-46.25444413046193,-0.33,0.161,0.3666666666666667,Deficient (drought risk),West
West Rajasthan,2010,439.2,68.84869912661745,0.35,0.26633333333333337,0.4666666666666666,Excess (flood risk),West
West Rajasthan,2011,396.1,52.279074963691194,-0.62,0.14400000000000002,1.6000000000000003,Excess (flood risk),West
West Rajasthan,2012,304.3,16.986928834767053,-0.36,-0.205,0.13333333333333333,Excess (flood risk),West
West Rajasthan,2013,339.0,30.32720629308587,-0.19,-0.24,0.8333333333333334,Excess (flood risk),West
West Rajasthan,2014,262.6,0.9555291226087065,0.15,-0.10033333333333333,0.13333333333333333,Normal,West
West Rajasthan,2015,384.0,47.627277924911425,0.81,-0.0030000000000000027,-0.4666666666666666,Excess (flood risk),West
West Rajasthan,2016,316.1,21.52339206266798,1.05,0.008333333333333326,-0.3,Excess (flood risk),West
West Rajasthan,2017,365.9,40.66880466855491,0.31,0.46366666666666667,0.3333333333333333,Excess (flood risk),West
East Rajasthan,1950,728.4,20.498152007623865,-1.18,-0.49166666666666664,,Excess (flood risk),West
East Rajasthan,1951,324.6,-46.30189436892544,0.18,-0.131,-0.3666666666666667,Deficient (drought risk),West
East Rajasthan,1952,701.2,15.998495589986083,0.29,0.01733333333333334,0.3666666666666667,Excess (flood risk),West
East Rajasthan,1953,546.6,-9.576757430852265,0.66,0.15,-0.5666666666666667,Normal,West
East Rajasthan,1954,613.5,1.490412213999512,-0.41,-0.2406666666666667,0.4666666666666666,Normal,West
East Rajasthan,1955,752.9,24.551151354393202,-0.8,-0.24033333333333332,0.5,Excess (flood risk),West
East Rajasthan,1956,742.6,22.847237343302428,-0.54,-0.29033333333333333,1.2,Excess (flood risk),West
East Rajasthan,1957,600.6,-0.6436160134831147,0.72,-0.27466666666666667,-0.09999999999999998,Normal,West
East Rajasthan,1958,713.7,18.066352399562277,0.93,-0.4056666666666667,0.06666666666666665,Excess (flood risk),West
East Rajasthan,1959,690.5,14.228410160988854,0.33,-0.5406666666666666,0.7333333333333334,Excess (flood risk),West
East Rajasthan,1960,567.3,-6.152386554194102,0.03,-0.6389999999999999,0.7666666666666666,Normal,West
East Rajasthan,1961,829.8,37.27260644690593,0.09,-0.391,-0.2333333333333333,Excess (flood risk),West
East Rajasthan,1962,583.4,-3.488986983459963,-0.26,-0.016000000000000014,0.46666666666666673,Normal,West
East Rajasthan,1963,544.7,-9.891071665907843,0.27,-0.06133333333333333,0.7666666666666667,Normal,West
East Rajasthan,1964,614.5,1.6558407587656074,-0.33,-0.35200000000000004,0.8000000000000002,Normal,West
East Rajasthan,1965,399.0,-33.99401063832795,0.18,-0.337,0.16666666666666666,Deficient (drought risk),West
East Rajasthan,1966,454.0,-24.895440676192703,0.66,-0.39966666666666667,-0.5,Deficient (drought risk),West
East Rajasthan,1967,658.5,8.934696728473805,-0.45,-0.060000000000000005,0.39999999999999997,Normal,West
East Rajasthan,1968,493.4,-18.377556012408547,-0.44,0.03433333333333333,0.43333333333333335,Deficient (drought risk),West
East Rajasthan,1969,618.8,2.36718350125981,0.77,-0.05200000000000001,-0.06666666666666667,Normal,West
East Rajasthan,1970,674.2,11.531924881301508,0.19,0.15633333333333335,0.3,Excess (flood risk),West
East Rajasthan,1971,732.4,21.159866186688248,-0.85,0.12466666666666665,1.6333333333333335,Excess (flood risk),West
East Rajasthan,1972,440.9,-27.062554612628553,0.41,0.106,-0.3666666666666667,Deficient (drought risk),West
East Rajasthan,1973,919.5,52.1115469124247,-0.1,-0.011000000000000001,0.39999999999999997,Excess (flood risk),West
East Rajasthan,1974,512.9,-15.151699389469686,-1.03,-0.014333333333333328,1.4333333333333333,Deficient (drought risk),West
East Rajasthan,1975,849.6,40.54809163327464,-0.73,-0.10366666666666667,1.1333333333333333,Excess (flood risk),West
East Rajasthan,1976,736.1,21.77195180232281,-0.47,0.04599999999999999,0.7999999999999999,Excess (flood risk),West
East Rajasthan,1977,845.8,39.919463163163456,0.23,-0.06533333333333334,-0.4666666666666666,Excess (flood risk),West
East Rajasthan,1978,691.7,14.426924414708179,-0.18,-0.44333333333333336,0.3,Excess (flood risk),West
East Rajasthan,1979,398.5,-34.07672491071099,0.28,-0.22833333333333336,0.16666666666666666,Deficient (drought risk),West
East Rajasthan,1980,522.7,-13.53049965076194,0.38,-0.19333333333333336,-0.3333333333333333,Deficient (drought risk),West
East Rajasthan,1981,563.5,-6.7810150243052565,-0.37,0.033666666666666664,-0.20000000000000004,Normal,West
East Rajasthan,1982,520.4,-13.910985303723972,0.47,0.132,0.13333333333333333,Deficient (drought risk),West
East Rajasthan,1983,696.7,15.254067138538655,1.29,-0.45533333333333337,-0.8999999999999999,Excess (flood risk),West
East Rajasthan,1984,561.1,-7.1780435317438815,-0.43,-0.12533333333333332,0.09999999999999999,Normal,West
East Rajasthan,1985,480.3,-20.54466994884439,-0.78,-0.32133333333333336,0.7999999999999999,Deficient (drought risk),West
East Rajasthan,1986,532.2,-11.958928475484035,-0.2,-0.21333333333333335,0.20000000000000004,Deficient (drought risk),West
East Rajasthan,1987,355.4,-41.20669519012971,0.95,-0.04333333333333334,-1.3333333333333333,Deficient (drought risk),West
East Rajasthan,1988,612.8,1.3746122326632375,-0.31,-0.318,0.5333333333333333,Normal,West
East Rajasthan,1989,500.0,-17.28572761695231,-0.83,-0.46433333333333326,1.3,Deficient (drought risk),West
East Rajasthan,1990,720.0,19.108552231588668,0.29,-0.29233333333333333,0.3333333333333333,Excess (flood risk),West
East Rajasthan,1991,550.1,-8.99775752417093,0.26,0.21,-0.7666666666666666,Normal,West
East Rajasthan,1992,649.0,7.363125553195897,1.29,-0.5910000000000001,-0.9,Normal,West
East Rajasthan,1993,567.3,-6.152386554194102,0.67,-0.16766666666666666,-0.6666666666666666,Normal,West
East Rajasthan,1994,802.5,32.75640717479153,0.31,0.36566666666666664,-0.9,Excess (flood risk),West
East Rajasthan,1995,701.3,16.01503844446268,0.3,-0.17400000000000002,-0.09999999999999998,Excess (flood risk),West
East Rajasthan,1996,680.2,12.524496149898082,-0.39,-0.24,0.7333333333333334,Excess (flood risk),West
East Rajasthan,1997,470.6,-22.149326833075513,0.28,0.041,-0.7666666666666666,Deficient (drought risk),West
East Rajasthan,1998,425.2,-29.65978276545625,0.99,0.044000000000000004,-1.1666666666666667,Deficient (drought risk),West
East Rajasthan,1999,379.9,-37.153695843360374,-0.98,-0.028333333333333335,0.9666666666666668,Deficient (drought risk),West
East Rajasthan,2000,415.0,-31.34715392207042,-0.81,0.13166666666666665,0.9666666666666667,Deficient (drought risk),West
East Rajasthan,2001,505.7,-16.34278491178557,-0.34,0.08766666666666667,0.20000000000000004,Deficient (drought risk),West
East Rajasthan,2002,256.8,-57.51794970406671,0.2,-0.22433333333333336,-0.3666666666666667,Deficient (drought risk),West
East Rajasthan,2003,594.4,-1.6692729910329134,-0.04,-0.10066666666666668,-0.2333333333333333,Normal,West
East Rajasthan,2004,564.2,-6.665215042968982,0.17,-0.18899999999999997,0.16666666666666666,Normal,West
East Rajasthan,2005,547.1,-9.494043158469218,0.43,-0.12733333333333333,-0.3666666666666667,Normal,West
East Rajasthan,2006,720.0,19.108552231588668,-0.37,-0.14966666666666664,0.8000000000000002,Excess (flood risk),West
East Rajasthan,2007,540.1,-10.652042971831884,-0.32,0.16166666666666668,0.0,Deficient (drought risk),West
East Rajasthan,2008,607.3,0.46475523644971306,-1.01,0.041,0.6666666666666665,Normal,West
East Rajasthan,2009,386.7,-36.02878173895092,-0.33,0.161,0.3666666666666667,Deficient (drought risk),West
East Rajasthan,2010,628.3,3.938754676537716,0.35,0.26633333333333337,0.4666666666666666,Normal,West
East Rajasthan,2011,784.9,29.844864786908254,-0.62,0.14400000000000002,1.6000000000000003,Excess (flood risk),West
East Rajasthan,2012,678.0,12.160553351412663,-0.36,-0.205,0.13333333333333333,Excess (flood risk),West
East Rajasthan,2013,776.1,28.389093592966624,-0.19,-0.24,0.8333333333333334,Excess (flood risk),West
East Rajasthan,2014,618.4,2.3010120833533754,0.15,-0.10033333333333333,0.13333333333333333,Normal,West
East Rajasthan,2015,557.0,-7.856300565284877,0.81,-0.0030000000000000027,-0.4666666666666666,Normal,West
East Rajasthan,2016,813.7,34.60920687617181,1.05,0.008333333333333326,-0.3,Excess (flood risk),West
East Rajasthan,2017,566.9,-6.218557972100537,0.31,0.46366666666666667,0.3333333333333333,Normal,West
West Madhya Pradesh,1950,859.2,-0.6092388370478891,-1.18,-0.49166666666666664,,Normal,West
West Madhya Pradesh,1951,610.7,-29.35528649649109,0.18,-0.131,-0.3666666666666667,Deficient (drought risk),West
West Madhya Pradesh,1952,806.4,-6.717050975553334,0.29,0.01733333333333334,0.3666666666666667,Normal,West
West Madhya Pradesh,1953,756.9,-12.44312485540218,0.66,0.15,-0.5666666666666667,Deficient (drought risk),West
West Madhya Pradesh,1954,1052.6,21.762936685432237,-0.41,-0.2406666666666667,0.4666666666666666,Excess (flood risk),West
West Madhya Pradesh,1955,977.1,13.02922804041027,-0.8,-0.24033333333333332,0.5,Excess (flood risk),West
West Madhya Pradesh,1956,886.8,2.583481144443579,-0.54,-0.29033333333333333,1.2,Normal,West
West Madhya Pradesh,1957,765.0,-11.506130947790547,0.72,-0.27466666666666667,-0.09999999999999998,Deficient (drought risk),West
West Madhya Pradesh,1958,1021.2,18.130639315184702,0.93,-0.4056666666666667,0.06666666666666665,Excess (flood risk),West
West Madhya Pradesh,1959,1054.5,21.982725379810283,0.33,-0.5406666666666666,0.7333333333333334,Excess (flood risk),West
West Madhya Pradesh,1960,782.1,-9.528032698388216,0.03,-0.6389999999999999,0.7666666666666666,Normal,West
West Madhya Pradesh,1961,1263.5,46.159481761394304,0.09,-0.391,-0.2333333333333333,Excess (flood risk),West
West Madhya Pradesh,1962,845.5,-2.194031001773737,-0.26,-0.016000000000000014,0.46666666666666673,Normal,West
West Madhya Pradesh,1963,824.8,-4.588570987892351,0.27,-0.06133333333333333,0.7666666666666667,Normal,West
West Madhya Pradesh,1964,866.0,0.17737333230507862,-0.33,-0.35200000000000004,0.8000000000000002,Normal,West
West Madhya Pradesh,1965,568.5,-34.236909076887486,0.18,-0.337,0.16666666666666666,Deficient (drought risk),West
West Madhya Pradesh,1966,641.5,-25.792396082362924,0.66,-0.39966666666666667,-0.5,Deficient (drought risk),West
West Madhya Pradesh,1967,825.4,-4.519164031772968,-0.45,-0.060000000000000005,0.39999999999999997,Normal,West
West Madhya Pradesh,1968,824.4,-4.6348422919719345,-0.44,0.03433333333333333,0.43333333333333335,Normal,West
West Madhya Pradesh,1969,1063.7,23.04696537364078,0.77,-0.05200000000000001,-0.06666666666666667,Excess (flood risk),West
West Madhya Pradesh,1970,1053.4,21.855479293591433,0.19,0.15633333333333335,0.3,Excess (flood risk),West
West Madhya Pradesh,1971,1060.8,22.711498419063766,-0.85,0.12466666666666665,1.6333333333333335,Excess (flood risk),West
West Madhya Pradesh,1972,749.3,-13.32227963291433,0.41,0.106,-0.3666666666666667,Deficient (drought risk),West
West Madhya Pradesh,1973,1362.5,57.611629521092,-0.1,-0.011000000000000001,0.39999999999999997,Excess (flood risk),West
West Madhya Pradesh,1974,768.5,-11.101257037094166,-1.03,-0.014333333333333328,1.4333333333333333,Deficient (drought risk),West
West Madhya Pradesh,1975,1004.6,16.21038019588185,-0.73,-0.10366666666666667,1.1333333333333333,Excess (flood risk),West
West Madhya Pradesh,1976,954.0,10.35706022981414,-0.47,0.04599999999999999,0.7999999999999999,Excess (flood risk),West
West Madhya Pradesh,1977,927.4,7.280018508521626,0.23,-0.06533333333333334,-0.4666666666666666,Normal,West
West Madhya Pradesh,1978,927.8,7.3262898126012095,-0.18,-0.44333333333333336,0.3,Normal,West
West Madhya Pradesh,1979,600.7,-30.512069098480755,0.28,-0.22833333333333336,0.16666666666666666,Deficient (drought risk),West
West Madhya Pradesh,1980,837.2,-3.1541605614251544,0.38,-0.19333333333333336,-0.3333333333333333,Normal,West
West Madhya Pradesh,1981,806.3,-6.728618801573233,-0.37,0.033666666666666664,-0.20000000000000004,Normal,West
West Madhya Pradesh,1982,784.7,-9.227269221870902,0.47,0.132,0.13333333333333333,Normal,West
West Madhya Pradesh,1983,982.5,13.653890645484687,1.29,-0.45533333333333337,-0.8999999999999999,Excess (flood risk),West
West Madhya Pradesh,1984,825.2,-4.542299683812753,-0.43,-0.12533333333333332,0.09999999999999999,Normal,West
West Madhya Pradesh,1985,705.9,-18.342716125549476,-0.78,-0.32133333333333336,0.7999999999999999,Deficient (drought risk),West
West Madhya Pradesh,1986,871.3,0.7904681113595963,-0.2,-0.21333333333333335,0.20000000000000004,Normal,West
West Madhya Pradesh,1987,658.9,-23.779594354900908,0.95,-0.04333333333333334,-1.3333333333333333,Deficient (drought risk),West
West Madhya Pradesh,1988,875.0,1.2184776740957781,-0.31,-0.318,0.5333333333333333,Normal,West
West Madhya Pradesh,1989,738.1,-14.617876147142747,-0.83,-0.46433333333333326,1.3,Deficient (drought risk),West
West Madhya Pradesh,1990,1068.7,23.625356674635615,0.29,-0.29233333333333333,0.3333333333333333,Excess (flood risk),West
West Madhya Pradesh,1991,728.5,-15.72838744505283,0.26,0.21,-0.7666666666666666,Deficient (drought risk),West
West Madhya Pradesh,1992,683.1,-20.980180458085908,1.29,-0.5910000000000001,-0.9,Deficient (drought risk),West
West Madhya Pradesh,1993,988.7,14.371095858718286,0.67,-0.16766666666666666,-0.6666666666666666,Excess (flood risk),West
West Madhya Pradesh,1994,1147.0,32.6829644482147,0.31,0.36566666666666664,-0.9,Excess (flood risk),West
West Madhya Pradesh,1995,803.1,-7.098789234209918,0.3,-0.17400000000000002,-0.09999999999999998,Normal,West
West Madhya Pradesh,1996,1008.0,16.603686280558335,-0.39,-0.24,0.7333333333333334,Excess (flood risk),West
West Madhya Pradesh,1997,867.6,0.3624585486234278,0.28,0.041,-0.7666666666666666,Normal,West
West Madhya Pradesh,1998,867.0,0.2930515925040452,0.99,0.044000000000000004,-1.1666666666666667,Normal,West
West Madhya Pradesh,1999,929.8,7.557646332999143,-0.98,-0.028333333333333335,0.9666666666666668,Normal,West
West Madhya Pradesh,2000,581.7,-32.709956042261126,-0.81,0.13166666666666665,0.9666666666666667,Deficient (drought risk),West
West Madhya Pradesh,2001,699.1,-19.129328294902447,-0.34,0.08766666666666667,0.20000000000000004,Deficient (drought risk),West
West Madhya Pradesh,2002,644.4,-25.45692912778592,0.2,-0.22433333333333336,-0.3666666666666667,Deficient (drought risk),West
West Madhya Pradesh,2003,919.2,6.331456774890107,-0.04,-0.10066666666666668,-0.2333333333333333,Normal,West
West Madhya Pradesh,2004,779.2,-9.863499652965217,0.17,-0.18899999999999997,0.16666666666666666,Normal,West
West Madhya Pradesh,2005,712.4,-17.590807434256195,0.43,-0.12733333333333333,-0.3666666666666667,Deficient (drought risk),West
West Madhya Pradesh,2006,1073.5,24.18061232359065,-0.37,-0.14966666666666664,0.8000000000000002,Excess (flood risk),West
West Madhya Pradesh,2007,764.3,-11.587105729929831,-0.32,0.16166666666666668,0.0,Deficient (drought risk),West
West Madhya Pradesh,2008,761.5,-11.911004858486931,-1.01,0.041,0.6666666666666665,Deficient (drought risk),West
West Madhya Pradesh,2009,689.4,-20.251407418832425,-0.33,0.161,0.3666666666666667,Deficient (drought risk),West
West Madhya Pradesh,2010,748.3,-13.437957893113294,0.35,0.26633333333333337,0.4666666666666666,Deficient (drought risk),West
West Madhya Pradesh,2011,1056.5,22.214081900208214,-0.62,0.14400000000000002,1.6000000000000003,Excess (flood risk),West
West Madhya Pradesh,2012,1023.0,18.338860183542835,-0.36,-0.205,0.13333333333333333,Excess (flood risk),West
West Madhya Pradesh,2013,1280.4,48.11444435875685,-0.19,-0.24,0.8333333333333334,Excess (flood risk),West
West Madhya Pradesh,2014,771.6,-10.742654430477366,0.15,-0.10033333333333333,0.13333333333333333,Deficient (drought risk),West
West Madhya Pradesh,2015,914.5,5.787768951954959,0.81,-0.0030000000000000027,-0.4666666666666666,Normal,West
West Madhya Pradesh,2016,1039.6,20.259119302845672,1.05,0.008333333333333326,-0.3,Excess (flood risk),West
West Madhya Pradesh,2017,738.0,-14.629443973162648,0.31,0.46366666666666667,0.3333333333333333,Deficient (drought risk),West
East Madhya Pradesh,1950,1059.1,-1.4916011479358755,-1.18,-0.49166666666666664,,Normal,West
East Madhya Pradesh,1951,1028.4,-4.347051855856139,0.18,-0.131,-0.3666666666666667,Normal,West
East Madhya Pradesh,1952,1100.6,2.3683729360605943,0.29,0.01733333333333334,0.3666666666666667,Normal,West
East Madhya Pradesh,1953,959.8,-10.727635522414172,0.66,0.15,-0.5666666666666667,Deficient (drought risk),West
East Madhya Pradesh,1954,1031.8,-4.030813015239573,-0.41,-0.2406666666666667,0.4666666666666666,Normal,West
East Madhya Pradesh,1955,1219.4,13.418130072898698,-0.8,-0.24033333333333332,0.5,Excess (flood risk),West
East Madhya Pradesh,1956,1313.3,22.151902759338892,-0.54,-0.29033333333333333,1.2,Excess (flood risk),West
East Madhya Pradesh,1957,884.1,-17.76860029731857,0.72,-0.27466666666666667,-0.09999999999999998,Deficient (drought risk),West
East Madhya Pradesh,1958,1011.8,-5.891041489454739,0.93,-0.4056666666666667,0.06666666666666665,Normal,West
East Madhya Pradesh,1959,1147.7,6.749210992837323,0.33,-0.5406666666666666,0.7333333333333334,Normal,West
East Madhya Pradesh,1960,1067.4,-0.7196063311365645,0.03,-0.6389999999999999,0.7666666666666666,Normal,West
East Madhya Pradesh,1961,1453.7,35.21070664832937,0.09,-0.391,-0.2333333333333333,Excess (flood risk),West
East Madhya Pradesh,1962,937.9,-12.764585701679776,-0.26,-0.016000000000000014,0.46666666666666673,Deficient (drought risk),West
East Madhya Pradesh,1963,1030.1,-4.1889324355478665,0.27,-0.06133333333333333,0.7666666666666667,Normal,West
East Madhya Pradesh,1964,1150.6,7.018944121598511,-0.33,-0.35200000000000004,0.8000000000000002,Normal,West
East Madhya Pradesh,1965,643.5,-40.147148842127024,0.18,-0.337,0.16666666666666666,Deficient (drought risk),West
East Madhya Pradesh,1966,777.0,-27.73012377674079,0.66,-0.39966666666666667,-0.5,Deficient (drought risk),West
East Madhya Pradesh,1967,1258.3,17.036274455247185,-0.45,-0.060000000000000005,0.39999999999999997,Excess (flood risk),West
East Madhya Pradesh,1968,890.4,-17.182628327940797,-0.44,0.03433333333333333,0.43333333333333335,Deficient (drought risk),West
East Madhya Pradesh,1969,1186.3,10.339451948072586,0.77,-0.05200000000000001,-0.06666666666666667,Excess (flood risk),West
East Madhya Pradesh,1970,1198.5,11.474191317343841,0.19,0.15633333333333335,0.3,Excess (flood risk),West
East Madhya Pradesh,1971,1309.9,21.83566391872233,-0.85,0.12466666666666665,1.6333333333333335,Excess (flood risk),West
East Madhya Pradesh,1972,958.3,-10.86715265798031,0.41,0.106,-0.3666666666666667,Deficient (drought risk),West
East Madhya Pradesh,1973,1130.5,5.149414505012277,-0.1,-0.011000000000000001,0.39999999999999997,Normal,West
East Madhya Pradesh,1974,876.9,-18.438282548036035,-1.03,-0.014333333333333328,1.4333333333333333,Deficient (drought risk),West
East Madhya Pradesh,1975,1302.5,21.147379383262706,-0.73,-0.10366666666666667,1.1333333333333333,Excess (flood risk),West
East Madhya Pradesh,1976,995.3,-7.425729980682252,-0.47,0.04599999999999999,0.7999999999999999,Normal,West
East Madhya Pradesh,1977,1204.4,12.022958717237325,0.23,-0.06533333333333334,-0.4666666666666666,Excess (flood risk),West
East Madhya Pradesh,1978,1191.8,10.851014778481757,-0.18,-0.44333333333333336,0.3,Excess (flood risk),West
East Madhya Pradesh,1979,633.9,-41.0400585097503,0.28,-0.22833333333333336,0.16666666666666666,Deficient (drought risk),West
East Madhya Pradesh,1980,1313.7,22.189107328823205,0.38,-0.19333333333333336,-0.3333333333333333,Excess (flood risk),West
East Madhya Pradesh,1981,954.9,-11.183391498596885,-0.37,0.033666666666666664,-0.20000000000000004,Deficient (drought risk),West
East Madhya Pradesh,1982,1114.9,3.6984362951244556,0.47,0.132,0.13333333333333333,Normal,West
East Madhya Pradesh,1983,1165.2,8.376910907775596,1.29,-0.45533333333333337,-0.8999999999999999,Normal,West
East Madhya Pradesh,1984,997.6,-7.211803706147501,-0.43,-0.12533333333333332,0.09999999999999999,Normal,West
East Madhya Pradesh,1985,960.2,-10.69043095292986,-0.78,-0.32133333333333336,0.7999999999999999,Deficient (drought risk),West
East Madhya Pradesh,1986,829.4,-22.856325174297055,-0.2,-0.21333333333333335,0.20000000000000004,Deficient (drought risk),West
East Madhya Pradesh,1987,915.4,-14.857342735171839,0.95,-0.04333333333333334,-1.3333333333333333,Deficient (drought risk),West
East Madhya Pradesh,1988,1008.3,-6.216581472442393,-0.31,-0.318,0.5333333333333333,Normal,West
East Madhya Pradesh,1989,872.2,-18.875436239476592,-0.83,-0.46433333333333326,1.3,Deficient (drought risk),West
East Madhya Pradesh,1990,1266.9,17.836172699159718,0.29,-0.29233333333333333,0.3333333333333333,Excess (flood risk),West
East Madhya Pradesh,1991,973.4,-9.462680159947858,0.26,0.21,-0.7666666666666666,Normal,West
East Madhya Pradesh,1992,1035.1,-3.723875316994075,1.29,-0.5910000000000001,-0.9,Normal,West
East Madhya Pradesh,1993,1062.5,-1.1753623073192887,0.67,-0.16766666666666666,-0.6666666666666666,Normal,West
East Madhya Pradesh,1994,1477.5,37.42437853264541,0.31,0.36566666666666664,-0.9,Excess (flood risk),West
East Madhya Pradesh,1995,926.9,-13.787711362498117,0.3,-0.17400000000000002,-0.09999999999999998,Deficient (drought risk),West
East Madhya Pradesh,1996,878.1,-18.32666883958312,-0.39,-0.24,0.7333333333333334,Deficient (drought risk),West
East Madhya Pradesh,1997,1101.1,2.4148786479159736,0.28,0.041,-0.7666666666666666,Normal,West
East Madhya Pradesh,1998,892.1,-17.024508907632505,0.99,0.044000000000000004,-1.1666666666666667,Deficient (drought risk),West
East Madhya Pradesh,1999,1337.4,24.393478070768182,-0.98,-0.028333333333333335,0.9666666666666668,Excess (flood risk),West
East Madhya Pradesh,2000,864.9,-19.554419632565136,-0.81,0.13166666666666665,0.9666666666666667,Deficient (drought risk),West
East Madhya Pradesh,2001,1018.2,-5.295768377705878,-0.34,0.08766666666666667,0.20000000000000004,Normal,West
East Madhya Pradesh,2002,862.2,-19.805550476584173,0.2,-0.22433333333333336,-0.3666666666666667,Deficient (drought risk),West
East Madhya Pradesh,2003,1350.2,25.584024294265884,-0.04,-0.10066666666666668,-0.2333333333333333,Excess (flood risk),West
East Madhya Pradesh,2004,900.2,-16.27111637557536,0.17,-0.18899999999999997,0.16666666666666666,Deficient (drought risk),West
East Madhya Pradesh,2005,1216.1,13.11119237465318,0.43,-0.12733333333333333,-0.3666666666666667,Excess (flood risk),West
East Madhya Pradesh,2006,832.6,-22.55868861842262,-0.37,-0.14966666666666664,0.8000000000000002,Deficient (drought risk),West
East Madhya Pradesh,2007,575.3,-46.490527939200746,-0.32,0.16166666666666668,0.0,Deficient (drought risk),West
East Madhya Pradesh,2008,962.2,-10.504408105508343,-1.01,0.041,0.6666666666666665,Deficient (drought risk),West
East Madhya Pradesh,2009,752.8,-29.981000230541145,-0.33,0.161,0.3666666666666667,Deficient (drought risk),West
East Madhya Pradesh,2010,907.0,-15.638638694342207,0.35,0.26633333333333337,0.4666666666666666,Deficient (drought risk),West
East Madhya Pradesh,2011,1259.4,17.138587021329034,-0.62,0.14400000000000002,1.6000000000000003,Excess (flood risk),West
East Madhya Pradesh,2012,990.9,-7.834980245009586,-0.36,-0.205,0.13333333333333333,Normal,West
East Madhya Pradesh,2013,1326.9,23.416858121805216,-0.19,-0.24,0.8333333333333334,Excess (flood risk),West
East Madhya Pradesh,2014,746.6,-30.557671057547836,0.15,-0.10033333333333333,0.13333333333333333,Deficient (drought risk),West
East Madhya Pradesh,2015,745.1,-30.697188193113977,0.81,-0.0030000000000000027,-0.4666666666666666,Deficient (drought risk),West
East Madhya Pradesh,2016,1253.1,16.55261505195124,1.05,0.008333333333333326,-0.3,Excess (flood risk),West
East Madhya Pradesh,2017,795.8,-25.981509010978538,0.31,0.46366666666666667,0.3333333333333333,Deficient (drought risk),West
Gujarat Region,1950,1125.9,28.27520729160075,-1.18,-0.49166666666666664,,Excess (flood risk),West
Gujarat Region,1951,454.1,-48.2638141654535,0.18,-0.131,-0.3666666666666667,Deficient (drought risk),West
Gujarat Region,1952,774.5,-11.760237989746182,0.29,0.01733333333333334,0.3666666666666667,Deficient (drought risk),West
Gujarat Region,1953,1041.0,18.602443192607137,0.66,0.15,-0.5666666666666667,Excess (flood risk),West
Gujarat Region,1954,1205.5,37.34413570479145,-0.41,-0.2406666666666667,0.4666666666666666,Excess (flood risk),West
Gujarat Region,1955,919.8,4.793974302171025,-0.8,-0.24033333333333332,0.5,Normal,West
Gujarat Region,1956,1229.0,40.02152034938921,-0.54,-0.29033333333333333,1.2,Excess (flood risk),West
Gujarat Region,1957,623.6,-28.952465345907964,0.72,-0.27466666666666667,-0.09999999999999998,Deficient (drought risk),West
Gujarat Region,1958,1063.2,21.131717197290982,0.93,-0.4056666666666667,0.06666666666666665,Excess (flood risk),West
Gujarat Region,1959,1430.1,62.933097031457685,0.33,-0.5406666666666666,0.7333333333333334,Excess (flood risk),West
Gujarat Region,1960,633.3,-27.847332109627192,0.03,-0.6389999999999999,0.7666666666666666,Deficient (drought risk),West
Gujarat Region,1961,927.6,5.682638141654544,0.09,-0.391,-0.2333333333333333,Normal,West
Gujarat Region,1962,756.2,-13.845180074688262,-0.26,-0.016000000000000014,0.46666666666666673,Deficient (drought risk),West
Gujarat Region,1963,935.3,6.559908854990823,0.27,-0.06133333333333333,0.7666666666666667,Normal,West
Gujarat Region,1964,888.1,1.1823533135008628,-0.33,-0.35200000000000004,0.8000000000000002,Normal,West
Gujarat Region,1965,643.6,-26.67384011646306,0.18,-0.337,0.16666666666666666,Deficient (drought risk),West
Gujarat Region,1966,694.6,-20.863345781378563,0.66,-0.39966666666666667,-0.5,Deficient (drought risk),West
Gujarat Region,1967,873.8,-0.44686372555224957,-0.45,-0.060000000000000005,0.39999999999999997,Normal,West
Gujarat Region,1968,655.9,-25.27248560035445,-0.44,0.03433333333333333,0.43333333333333335,Deficient (drought risk),West
Gujarat Region,1969,778.3,-11.327299196151655,0.77,-0.05200000000000001,-0.06666666666666667,Deficient (drought risk),West
Gujarat Region,1970,1341.4,52.827394138869565,0.19,0.15633333333333335,0.3,Excess (flood risk),West
Gujarat Region,1971,758.8,-13.548958794860436,-0.85,0.12466666666666665,1.6333333333333335,Deficient (drought risk),West
Gujarat Region,1972,499.7,-43.06854864231913,0.41,0.106,-0.3666666666666667,Deficient (drought risk),West
Gujarat Region,1973,1150.2,31.043736945376306,-0.1,-0.011000000000000001,0.39999999999999997,Excess (flood risk),West
Gujarat Region,1974,329.3,-62.4824355971897,-1.03,-0.014333333333333328,1.4333333333333333,Deficient (drought risk),West
Gujarat Region,1975,1143.6,30.29179061965947,-0.73,-0.10366666666666667,1.1333333333333333,Excess (flood risk),West
Gujarat Region,1976,1558.8,77.59605038293563,-0.47,0.04599999999999999,0.7999999999999999,Excess (flood risk),West
Gujarat Region,1977,1278.3,45.63833153997089,0.23,-0.06533333333333334,-0.4666666666666666,Excess (flood risk),West
Gujarat Region,1978,894.2,1.8773340084815606,-0.18,-0.44333333333333336,0.3,Normal,West
Gujarat Region,1979,794.1,-9.527185264890175,0.28,-0.22833333333333336,0.16666666666666666,Normal,West
Gujarat Region,1980,803.1,-8.50180391163997,0.38,-0.19333333333333336,-0.3333333333333333,Normal,West
Gujarat Region,1981,1040.6,18.556870688018225,-0.37,0.033666666666666664,-0.20000000000000004,Excess (flood risk),West
Gujarat Region,1982,606.2,-30.934869295525026,0.47,0.132,0.13333333333333333,Deficient (drought risk),West
Gujarat Region,1983,1124.7,28.138489777834053,1.29,-0.45533333333333337,-0.8999999999999999,Excess (flood risk),West
Gujarat Region,1984,846.3,-3.5799734160389898,-0.43,-0.12533333333333332,0.09999999999999999,Normal,West
Gujarat Region,1985,462.4,-47.318184695233874,-0.78,-0.32133333333333336,0.7999999999999999,Deficient (drought risk),West
Gujarat Region,1986,497.1,-43.36476992214697,-0.2,-0.21333333333333335,0.20000000000000004,Deficient (drought risk),West
Gujarat Region,1987,375.2,-57.25299069561365,0.95,-0.04333333333333334,-1.3333333333333333,Deficient (drought risk),West
Gujarat Region,1988,1083.7,23.467308057472007,-0.31,-0.318,0.5333333333333333,Excess (flood risk),West
Gujarat Region,1989,819.9,-6.587758718906257,-0.83,-0.46433333333333326,1.3,Normal,West
Gujarat Region,1990,1057.3,20.459522754604723,0.29,-0.29233333333333333,0.3333333333333333,Excess (flood risk),West
Gujarat Region,1991,672.0,-23.4381922906513,0.26,0.21,-0.7666666666666666,Deficient (drought risk),West
Gujarat Region,1992,877.7,-0.0025318058104833977,1.29,-0.5910000000000001,-0.9,Normal,West
Gujarat Region,1993,908.0,3.4495854167985374,0.67,-0.16766666666666666,-0.6666666666666666,Normal,West
Gujarat Region,1994,1525.1,73.75656687132097,0.31,0.36566666666666664,-0.9,Excess (flood risk),West
Gujarat Region,1995,657.9,-25.044623077409963,0.3,-0.17400000000000002,-0.09999999999999998,Deficient (drought risk),West
Gujarat Region,1996,878.3,0.06582695107285329,-0.39,-0.24,0.7333333333333334,Normal,West
Gujarat Region,1997,1051.3,19.775935185771253,0.28,0.041,-0.7666666666666666,Excess (flood risk),West
Gujarat Region,1998,966.7,10.13735046521933,0.99,0.044000000000000004,-1.1666666666666667,Excess (flood risk),West
Gujarat Region,1999,489.6,-44.219254383188805,-0.98,-0.028333333333333335,0.9666666666666668,Deficient (drought risk),West
Gujarat Region,2000,510.6,-41.82669789227166,-0.81,0.13166666666666665,0.9666666666666667,Deficient (drought risk),West
Gujarat Region,2001,811.5,-7.544781315273114,-0.34,0.08766666666666667,0.20000000000000004,Normal,West
Gujarat Region,2002,632.2,-27.97265649724665,0.2,-0.22433333333333336,-0.3666666666666667,Deficient (drought risk),West
Gujarat Region,2003,1152.2,31.271599468320794,-0.04,-0.10066666666666668,-0.2333333333333333,Excess (flood risk),West
Gujarat Region,2004,979.1,11.550098107475165,0.17,-0.18899999999999997,0.16666666666666666,Excess (flood risk),West
Gujarat Region,2005,1314.7,49.78542945756062,0.43,-0.12733333333333333,-0.3666666666666667,Excess (flood risk),West
Gujarat Region,2006,1464.9,66.89790493069184,-0.37,-0.14966666666666664,0.8000000000000002,Excess (flood risk),West
Gujarat Region,2007,1176.7,34.0629153743908,-0.32,0.16166666666666668,0.0,Excess (flood risk),West
Gujarat Region,2008,893.9,1.8431546300398793,-1.01,0.041,0.6666666666666665,Normal,West
Gujarat Region,2009,605.7,-30.99183492626115,-0.33,0.161,0.3666666666666667,Deficient (drought risk),West
Gujarat Region,2010,1035.0,17.918855623773663,0.35,0.26633333333333337,0.4666666666666666,Excess (flood risk),West
Gujarat Region,2011,889.8,1.3760364580036717,-0.62,0.14400000000000002,1.6000000000000003,Normal,West
Gujarat Region,2012,706.7,-19.484777517564392,-0.36,-0.205,0.13333333333333333,Deficient (drought risk),West
Gujarat Region,2013,1059.6,20.721564655990882,-0.19,-0.24,0.8333333333333334,Excess (flood risk),West
Gujarat Region,2014,692.8,-21.06842205202861,0.15,-0.10033333333333333,0.13333333333333333,Deficient (drought risk),West
Gujarat Region,2015,606.1,-30.946262421672248,0.81,-0.0030000000000000027,-0.4666666666666666,Deficient (drought risk),West
Gujarat Region,2016,696.9,-20.601303879992404,1.05,0.008333333333333326,-0.3,Deficient (drought risk),West
Gujarat Region,2017,997.7,13.669219570858926,0.31,0.46366666666666667,0.3333333333333333,Excess (flood risk),West
Saurashtra & Kutch,1950,473.4,1.8731124492821292,-1.18,-0.49166666666666664,,Normal,West
Saurashtra & Kutch,1951,263.0,-43.40382641706548,0.18,-0.131,-0.3666666666666667,Deficient (drought risk),West
Saurashtra & Kutch,1952,396.7,-14.632311557604094,0.29,0.01733333333333334,0.3666666666666667,Deficient (drought risk),West
Saurashtra & Kutch,1953,698.4,50.291892130499875,0.66,0.15,-0.5666666666666667,Excess (flood risk),West
Saurashtra & Kutch,1954,590.0,26.964800052970972,-0.41,-0.2406666666666667,0.4666666666666666,Excess (flood risk),West
Saurashtra & Kutch,1955,374.6,-19.388111695181475,-0.8,-0.24033333333333332,0.5,Deficient (drought risk),West
Saurashtra & Kutch,1956,675.9,45.450014162378096,-0.54,-0.29033333333333333,1.2,Excess (flood risk),West
Saurashtra & Kutch,1957,374.8,-19.345072779909284,0.72,-0.27466666666666667,-0.09999999999999998,Deficient (drought risk),West
Saurashtra & Kutch,1958,498.1,7.188418485398043,0.93,-0.4056666666666667,0.06666666666666665,Normal,West
Saurashtra & Kutch,1959,894.7,92.53458747015786,0.33,-0.5406666666666666,0.7333333333333334,Excess (flood risk),West
Saurashtra & Kutch,1960,330.2,-28.942750885608447,0.03,-0.6389999999999999,0.7666666666666666,Deficient (drought risk),West
Saurashtra & Kutch,1961,725.9,56.20974298042649,0.09,-0.391,-0.2333333333333333,Excess (flood risk),West
Saurashtra & Kutch,1962,354.4,-23.73504213767303,-0.26,-0.016000000000000014,0.46666666666666673,Deficient (drought risk),West
Saurashtra & Kutch,1963,297.5,-35.97961353261209,0.27,-0.06133333333333333,0.7666666666666667,Deficient (drought risk),West
Saurashtra & Kutch,1964,537.6,15.688604251656269,-0.33,-0.35200000000000004,0.8000000000000002,Excess (flood risk),West
Saurashtra & Kutch,1965,413.0,-11.124639962920318,0.18,-0.337,0.16666666666666666,Deficient (drought risk),West
Saurashtra & Kutch,1966,325.4,-29.9756848521411,0.66,-0.39966666666666667,-0.5,Deficient (drought risk),West
Saurashtra & Kutch,1967,665.8,43.27654894113232,-0.45,-0.060000000000000005,0.39999999999999997,Excess (flood risk),West
Saurashtra & Kutch,1968,305.3,-34.301095836996545,-0.44,0.03433333333333333,0.43333333333333335,Deficient (drought risk),West
Saurashtra & Kutch,1969,282.9,-39.12145434748223,0.77,-0.05200000000000001,-0.06666666666666667,Deficient (drought risk),West
Saurashtra & Kutch,1970,809.5,74.2000095642034,0.19,0.15633333333333335,0.3,Excess (flood risk),West
Saurashtra & Kutch,1971,510.1,9.770753401729655,-0.85,0.12466666666666665,1.6333333333333335,Normal,West
Saurashtra & Kutch,1972,217.9,-53.10910181094513,0.41,0.106,-0.3666666666666667,Deficient (drought risk),West
Saurashtra & Kutch,1973,381.9,-17.81719128774642,-0.1,-0.011000000000000001,0.39999999999999997,Deficient (drought risk),West
Saurashtra & Kutch,1974,144.2,-68.96894208874845,-1.03,-0.014333333333333328,1.4333333333333333,Deficient (drought risk),West
Saurashtra & Kutch,1975,578.1,24.403984594275464,-0.73,-0.10366666666666667,1.1333333333333333,Excess (flood risk),West
Saurashtra & Kutch,1976,594.5,27.93317564659533,-0.47,0.04599999999999999,0.7999999999999999,Excess (flood risk),West
Saurashtra & Kutch,1977,546.6,17.62535543890498,0.23,-0.06533333333333334,-0.4666666666666666,Excess (flood risk),West
Saurashtra & Kutch,1978,443.1,-4.647283214455183,-0.18,-0.44333333333333336,0.3,Normal,West
Saurashtra & Kutch,1979,849.1,82.72171478809773,0.28,-0.22833333333333336,0.16666666666666666,Excess (flood risk),West
Saurashtra & Kutch,1980,626.6,34.8409215477824,0.38,-0.19333333333333336,-0.3333333333333333,Excess (flood risk),West
Saurashtra & Kutch,1981,583.7,25.60907422189689,-0.37,0.033666666666666664,-0.20000000000000004,Excess (flood risk),West
Saurashtra & Kutch,1982,272.9,-41.27340011109191,0.47,0.132,0.13333333333333333,Deficient (drought risk),West
Saurashtra & Kutch,1983,736.1,58.404727659308364,1.29,-0.45533333333333337,-0.8999999999999999,Excess (flood risk),West
Saurashtra & Kutch,1984,443.7,-4.5181664686386105,-0.43,-0.12533333333333332,0.09999999999999999,Normal,West
Saurashtra & Kutch,1985,251.6,-45.85704458758052,-0.78,-0.32133333333333336,0.7999999999999999,Deficient (drought risk),West
Saurashtra & Kutch,1986,296.0,-36.30240539715355,-0.2,-0.21333333333333335,0.20000000000000004,Deficient (drought risk),West
Saurashtra & Kutch,1987,85.5,-81.60086372113726,0.95,-0.04333333333333334,-1.3333333333333333,Deficient (drought risk),West
Saurashtra & Kutch,1988,750.3,61.46049064363409,-0.31,-0.318,0.5333333333333333,Excess (flood risk),West
Saurashtra & Kutch,1989,493.1,6.112445603593204,-0.83,-0.46433333333333326,1.3,Normal,West
Saurashtra & Kutch,1990,379.3,-18.37669718628493,0.29,-0.29233333333333333,0.3333333333333333,Deficient (drought risk),West
Saurashtra & Kutch,1991,218.4,-53.00150452276464,0.26,0.21,-0.7666666666666666,Deficient (drought risk),West
Saurashtra & Kutch,1992,588.9,26.728086018973908,1.29,-0.5910000000000001,-0.9,Excess (flood risk),West
Saurashtra & Kutch,1993,256.2,-44.86714953632006,0.67,-0.16766666666666666,-0.6666666666666666,Deficient (drought risk),West
Saurashtra & Kutch,1994,871.6,87.56359275621949,0.31,0.36566666666666664,-0.9,Excess (flood risk),West
Saurashtra & Kutch,1995,350.0,-24.681898273661286,0.3,-0.17400000000000002,-0.09999999999999998,Deficient (drought risk),West
Saurashtra & Kutch,1996,334.9,-27.931336376711908,-0.39,-0.24,0.7333333333333334,Deficient (drought risk),West
Saurashtra & Kutch,1997,593.7,27.761019985506564,0.28,0.041,-0.7666666666666666,Excess (flood risk),West
Saurashtra & Kutch,1998,415.2,-10.65121189492619,0.99,0.044000000000000004,-1.1666666666666667,Deficient (drought risk),West
Saurashtra & Kutch,1999,144.2,-68.96894208874845,-0.98,-0.028333333333333335,0.9666666666666668,Deficient (drought risk),West
Saurashtra & Kutch,2000,280.9,-39.551843500204164,-0.81,0.13166666666666665,0.9666666666666667,Deficient (drought risk),West
Saurashtra & Kutch,2001,501.5,7.920080045025328,-0.34,0.08766666666666667,0.20000000000000004,Normal,West
Saurashtra & Kutch,2002,307.0,-33.9352650571829,0.2,-0.22433333333333336,-0.3666666666666667,Deficient (drought risk),West
Saurashtra & Kutch,2003,682.7,46.91333728163269,-0.04,-0.10066666666666668,-0.2333333333333333,Excess (flood risk),West
Saurashtra & Kutch,2004,448.6,-3.4637130444698614,0.17,-0.18899999999999997,0.16666666666666666,Normal,West
Saurashtra & Kutch,2005,629.4,35.4434663615931,0.43,-0.12733333333333333,-0.3666666666666667,Excess (flood risk),West
Saurashtra & Kutch,2006,697.7,50.14125592704721,-0.37,-0.14966666666666664,0.8000000000000002,Excess (flood risk),West
Saurashtra & Kutch,2007,885.7,90.59783628290916,-0.32,0.16166666666666668,0.0,Excess (flood risk),West
Saurashtra & Kutch,2008,593.0,27.610383782053876,-1.01,0.041,0.6666666666666665,Excess (flood risk),West
Saurashtra & Kutch,2009,592.0,27.395189205692912,-0.33,0.161,0.3666666666666667,Excess (flood risk),West
Saurashtra & Kutch,2010,1043.7,124.59857934794205,0.35,0.26633333333333337,0.4666666666666666,Excess (flood risk),West
Saurashtra & Kutch,2011,739.8,59.200947591843935,-0.62,0.14400000000000002,1.6000000000000003,Excess (flood risk),West
Saurashtra & Kutch,2012,320.1,-31.116216106854218,-0.36,-0.205,0.13333333333333333,Deficient (drought risk),West
Saurashtra & Kutch,2013,642.5,38.26251531192178,-0.19,-0.24,0.8333333333333334,Excess (flood risk),West
Saurashtra & Kutch,2014,373.0,-19.73242301735903,0.15,-0.10033333333333333,0.13333333333333333,Deficient (drought risk),West
Saurashtra & Kutch,2015,429.8,-7.509371080056057,0.81,-0.0030000000000000027,-0.4666666666666666,Normal,West
Saurashtra & Kutch,2016,416.9,-10.28538111511255,1.05,0.008333333333333326,-0.3,Deficient (drought risk),West
Saurashtra & Kutch,2017,645.8,38.97265741391296,0.31,0.46366666666666667,0.3333333333333333,Excess (flood risk),West
Konkan & Goa,1950,2780.3,-0.8518094741134838,-1.18,-0.49166666666666664,,Normal,West
Konkan & Goa,1951,2481.7,-11.500174647306933,0.18,-0.131,-0.3666666666666667,Deficient (drought risk),West
Konkan & Goa,1952,2342.3,-16.471313646446788,0.29,0.01733333333333334,0.3666666666666667,Deficient (drought risk),West
Konkan & Goa,1953,3156.0,12.546016365031768,0.66,0.15,-0.5666666666666667,Excess (flood risk),West
Konkan & Goa,1954,3715.7,32.50546039529421,-0.41,-0.2406666666666667,0.4666666666666666,Excess (flood risk),West
Konkan & Goa,1955,3537.9,26.164940208442932,-0.8,-0.24033333333333332,0.5,Excess (flood risk),West
Konkan & Goa,1956,3240.2,15.548669906836473,-0.54,-0.29033333333333333,1.2,Excess (flood risk),West
Konkan & Goa,1957,2951.1,5.239083933727897,0.72,-0.27466666666666667,-0.09999999999999998,Normal,West
Konkan & Goa,1958,3886.3,38.589221609449616,0.93,-0.4056666666666667,0.06666666666666665,Excess (flood risk),West
Konkan & Goa,1959,3319.9,18.390849090706265,0.33,-0.5406666666666666,0.7333333333333334,Excess (flood risk),West
Konkan & Goa,1960,2847.8,1.5553058949104848,0.03,-0.6389999999999999,0.7666666666666666,Normal,West
Konkan & Goa,1961,3480.1,24.103736233189814,0.09,-0.391,-0.2333333333333333,Excess (flood risk),West
Konkan & Goa,1962,3196.8,14.000983876975152,-0.26,-0.016000000000000014,0.46666666666666673,Excess (flood risk),West
Konkan & Goa,1963,3494.3,24.610121984895606,0.27,-0.06133333333333333,0.7666666666666667,Excess (flood risk),West
Konkan & Goa,1964,3009.4,7.318118393196012,-0.33,-0.35200000000000004,0.8000000000000002,Normal,West
Konkan & Goa,1965,2967.6,5.827489912822644,0.18,-0.337,0.16666666666666666,Normal,West
Konkan & Goa,1966,2206.4,-21.317639256081716,0.66,-0.39966666666666667,-0.5,Deficient (drought risk),West
Konkan & Goa,1967,2612.0,-6.8535504608799185,-0.45,-0.060000000000000005,0.39999999999999997,Normal,West
Konkan & Goa,1968,2212.4,-21.10367344550181,-0.44,0.03433333333333333,0.43333333333333335,Deficient (drought risk),West
Konkan & Goa,1969,3061.8,9.186753138927214,0.77,-0.05200000000000001,-0.06666666666666667,Normal,West
Konkan & Goa,1970,3434.6,22.481162169625506,0.19,0.15633333333333335,0.3,Excess (flood risk),West
Konkan & Goa,1971,2627.2,-6.311503740744157,-0.85,0.12466666666666665,1.6333333333333335,Normal,West
Konkan & Goa,1972,1826.2,-34.875939453161905,0.41,0.106,-0.3666666666666667,Deficient (drought risk),West
Konkan & Goa,1973,2726.1,-2.784633963018665,-0.1,-0.011000000000000001,0.39999999999999997,Normal,West
Konkan & Goa,1974,2766.7,-1.336798644761289,-1.03,-0.014333333333333328,1.4333333333333333,Normal,West
Konkan & Goa,1975,3287.8,17.24613200410376,-0.73,-0.10366666666666667,1.1333333333333333,Excess (flood risk),West
Konkan & Goa,1976,2965.1,5.738337491747682,-0.47,0.04599999999999999,0.7999999999999999,Normal,West
Konkan & Goa,1977,2935.0,4.664942342005145,0.23,-0.06533333333333334,-0.4666666666666666,Normal,West
Konkan & Goa,1978,2671.8,-4.721024548766826,-0.18,-0.44333333333333336,0.3,Normal,West
Konkan & Goa,1979,2404.0,-14.27103189431674,0.28,-0.22833333333333336,0.16666666666666666,Deficient (drought risk),West
Konkan & Goa,1980,2645.8,-5.648209727946428,0.38,-0.19333333333333336,-0.3333333333333333,Normal,West
Konkan & Goa,1981,3036.1,8.270266250276597,-0.37,0.033666666666666664,-0.20000000000000004,Normal,West
Konkan & Goa,1982,2572.6,-8.25859261702132,0.47,0.132,0.13333333333333333,Normal,West
Konkan & Goa,1983,3698.6,31.89565783514147,1.29,-0.45533333333333337,-0.8999999999999999,Excess (flood risk),West
Konkan & Goa,1984,2460.4,-12.259753274865599,-0.43,-0.12533333333333332,0.09999999999999999,Deficient (drought risk),West
Konkan & Goa,1985,2737.5,-2.378098922916836,-0.78,-0.32133333333333336,0.7999999999999999,Normal,West
Konkan & Goa,1986,2056.3,-26.670350617422418,-0.2,-0.21333333333333335,0.20000000000000004,Deficient (drought risk),West
Konkan & Goa,1987,2429.1,-13.375941586724128,0.95,-0.04333333333333334,-1.3333333333333333,Deficient (drought risk),West
Konkan & Goa,1988,3220.6,14.849714925608778,-0.31,-0.318,0.5333333333333333,Excess (flood risk),West
Konkan & Goa,1989,2681.5,-4.37511315499598,-0.83,-0.46433333333333326,1.3,Normal,West
Konkan & Goa,1990,3163.2,12.80277533772765,0.29,-0.29233333333333333,0.3333333333333333,Excess (flood risk),West
Konkan & Goa,1991,2912.1,3.8483061649584918,0.26,0.21,-0.7666666666666666,Normal,West
Konkan & Goa,1992,2752.4,-1.8467504933100607,1.29,-0.5910000000000001,-0.9,Normal,West
Konkan & Goa,1993,3227.8,15.106473898304676,0.67,-0.16766666666666666,-0.6666666666666666,Excess (flood risk),West
Konkan & Goa,1994,3014.1,7.485724944816933,0.31,0.36566666666666664,-0.9,Normal,West
Konkan & Goa,1995,2543.0,-9.314157282548864,0.3,-0.17400000000000002,-0.09999999999999998,Normal,West
Konkan & Goa,1996,2670.8,-4.756685517196811,-0.39,-0.24,0.7333333333333334,Normal,West
Konkan & Goa,1997,2893.4,3.181446055317785,0.28,0.041,-0.7666666666666666,Normal,West
Konkan & Goa,1998,2900.6,3.4382050280136682,0.99,0.044000000000000004,-1.1666666666666667,Normal,West
Konkan & Goa,1999,2664.5,-4.981349618305721,-0.98,-0.028333333333333335,0.9666666666666668,Normal,West
Konkan & Goa,2000,2841.2,1.3199435032725726,-0.81,0.13166666666666665,0.9666666666666667,Normal,West
Konkan & Goa,2001,2232.7,-20.379755786373128,-0.34,0.08766666666666667,0.20000000000000004,Deficient (drought risk),West
Konkan & Goa,2002,2446.4,-12.759006832885383,0.2,-0.22433333333333336,-0.3666666666666667,Deficient (drought risk),West
Konkan & Goa,2003,2771.6,-1.1620598994543605,-0.04,-0.10066666666666668,-0.2333333333333333,Normal,West
Konkan & Goa,2004,2885.5,2.899724404720902,0.17,-0.18899999999999997,0.16666666666666666,Normal,West
Konkan & Goa,2005,3522.2,25.605063004092166,0.43,-0.12733333333333333,-0.3666666666666667,Excess (flood risk),West
Konkan & Goa,2006,3035.6,8.252435766061605,-0.37,-0.14966666666666664,0.8000000000000002,Normal,West
Konkan & Goa,2007,3369.9,20.173897512205503,-0.32,0.16166666666666668,0.0,Excess (flood risk),West
Konkan & Goa,2008,2949.3,5.174894190553934,-1.01,0.041,0.6666666666666665,Normal,West
Konkan & Goa,2009,2282.2,-18.614537849088887,-0.33,0.161,0.3666666666666667,Deficient (drought risk),West
Konkan & Goa,2010,3467.4,23.650841934129012,0.35,0.26633333333333337,0.4666666666666666,Excess (flood risk),West
Konkan & Goa,2011,3697.3,31.8492985761825,-0.62,0.14400000000000002,1.6000000000000003,Excess (flood risk),West
Konkan & Goa,2012,2839.3,1.2521876632556146,-0.36,-0.205,0.13333333333333333,Normal,West
Konkan & Goa,2013,3345.2,19.29307159198487,-0.19,-0.24,0.8333333333333334,Excess (flood risk),West
Konkan & Goa,2014,2608.8,-6.967665559855862,0.15,-0.10033333333333333,0.13333333333333333,Normal,West
Konkan & Goa,2015,1908.7,-31.933909557688168,0.81,-0.0030000000000000027,-0.4666666666666666,Deficient (drought risk),West
Konkan & Goa,2016,3551.0,26.632098894875732,1.05,0.008333333333333326,-0.3,Excess (flood risk),West
Konkan & Goa,2017,3213.8,14.60722034028489,0.31,0.46366666666666667,0.3333333333333333,Excess (flood risk),West
Madhya Maharashtra,1950,811.4,9.686528380671987,-1.18,-0.49166666666666664,,Normal,West
Madhya Maharashtra,1951,608.3,-17.768899169382834,0.18,-0.131,-0.3666666666666667,Deficient (drought risk),West
Madhya Maharashtra,1952,596.2,-19.404599185905045,0.29,0.01733333333333334,0.3666666666666667,Deficient (drought risk),West
Madhya Maharashtra,1953,749.8,1.3593282965588545,0.66,0.15,-0.5666666666666667,Normal,West
Madhya Maharashtra,1954,898.5,21.460864863241046,-0.41,-0.2406666666666667,0.4666666666666666,Excess (flood risk),West
Madhya Maharashtra,1955,763.7,3.2383555882662134,-0.8,-0.24033333333333332,0.5,Normal,West
Madhya Maharashtra,1956,889.3,20.21719212340596,-0.54,-0.29033333333333333,1.2,Excess (flood risk),West
Madhya Maharashtra,1957,675.1,-8.738753623623781,0.72,-0.27466666666666667,-0.09999999999999998,Normal,West
Madhya Maharashtra,1958,903.9,22.190846688796416,0.93,-0.4056666666666667,0.06666666666666665,Excess (flood risk),West
Madhya Maharashtra,1959,920.7,24.461901257190917,0.33,-0.5406666666666666,0.7333333333333334,Excess (flood risk),West
Madhya Maharashtra,1960,748.4,1.17007374919265,0.03,-0.6389999999999999,0.7666666666666666,Normal,West
Madhya Maharashtra,1961,815.2,10.200219294951705,0.09,-0.391,-0.2333333333333333,Excess (flood risk),West
Madhya Maharashtra,1962,698.3,-5.602535410126637,-0.26,-0.016000000000000014,0.46666666666666673,Normal,West
Madhya Maharashtra,1963,732.3,-1.0063535455187396,0.27,-0.06133333333333333,0.7666666666666667,Normal,West
Madhya Maharashtra,1964,844.0,14.093455697913681,-0.33,-0.35200000000000004,0.8000000000000002,Excess (flood risk),West
Madhya Maharashtra,1965,718.7,-2.8448262913618865,0.18,-0.337,0.16666666666666666,Normal,West
Madhya Maharashtra,1966,641.7,-13.253826396503301,0.66,-0.39966666666666667,-0.5,Deficient (drought risk),West
Madhya Maharashtra,1967,783.4,5.901437433347838,-0.45,-0.060000000000000005,0.39999999999999997,Normal,West
Madhya Maharashtra,1968,719.6,-2.7231626537693274,-0.44,0.03433333333333333,0.43333333333333335,Normal,West
Madhya Maharashtra,1969,929.5,25.65150126920707,0.77,-0.05200000000000001,-0.06666666666666667,Excess (flood risk),West
Madhya Maharashtra,1970,811.8,9.740601108490903,0.19,0.15633333333333335,0.3,Normal,West
Madhya Maharashtra,1971,670.1,-9.414662721360237,-0.85,0.12466666666666665,1.6333333333333335,Normal,West
Madhya Maharashtra,1972,472.8,-36.08603571804077,0.41,0.106,-0.3666666666666667,Deficient (drought risk),West
Madhya Maharashtra,1973,853.4,15.364164801658214,-0.1,-0.011000000000000001,0.39999999999999997,Excess (flood risk),West
Madhya Maharashtra,1974,681.6,-7.860071796566388,-1.03,-0.014333333333333328,1.4333333333333333,Normal,West
Madhya Maharashtra,1975,859.7,16.21581026480616,-0.73,-0.10366666666666667,1.1333333333333333,Excess (flood risk),West
Madhya Maharashtra,1976,927.7,25.408173994021954,-0.47,0.04599999999999999,0.7999999999999999,Excess (flood risk),West
Madhya Maharashtra,1977,716.5,-3.142226294365933,0.23,-0.06533333333333334,-0.4666666666666666,Normal,West
Madhya Maharashtra,1978,689.7,-6.765099058233328,-0.18,-0.44333333333333336,0.3,Normal,West
Madhya Maharashtra,1979,873.2,18.040764828694588,0.28,-0.22833333333333336,0.16666666666666666,Excess (flood risk),West
Madhya Maharashtra,1980,852.5,15.242501164065656,0.38,-0.19333333333333336,-0.3333333333333333,Excess (flood risk),West
Madhya Maharashtra,1981,827.1,11.808882947564465,-0.37,0.033666666666666664,-0.20000000000000004,Excess (flood risk),West
Madhya Maharashtra,1982,608.4,-17.7553809874281,0.47,0.132,0.13333333333333333,Deficient (drought risk),West
Madhya Maharashtra,1983,865.8,17.04041936404462,1.29,-0.45533333333333337,-0.8999999999999999,Excess (flood risk),West
Madhya Maharashtra,1984,643.7,-12.983462757408718,-0.43,-0.12533333333333332,0.09999999999999999,Deficient (drought risk),West
Madhya Maharashtra,1985,516.8,-30.13803565795997,-0.78,-0.32133333333333336,0.7999999999999999,Deficient (drought risk),West
Madhya Maharashtra,1986,585.7,-20.824008291151603,-0.2,-0.21333333333333335,0.20000000000000004,Deficient (drought risk),West
Madhya Maharashtra,1987,587.5,-20.580681015966483,0.95,-0.04333333333333334,-1.3333333333333333,Deficient (drought risk),West
Madhya Maharashtra,1988,915.6,23.77247397749973,-0.31,-0.318,0.5333333333333333,Excess (flood risk),West
Madhya Maharashtra,1989,759.1,2.616519218348671,-0.83,-0.46433333333333326,1.3,Normal,West
Madhya Maharashtra,1990,767.3,3.7250101386364483,0.29,-0.29233333333333333,0.3333333333333333,Normal,West
Madhya Maharashtra,1991,823.0,11.254637487420569,0.26,0.21,-0.7666666666666666,Excess (flood risk),West
Madhya Maharashtra,1992,718.2,-2.912417201135532,1.29,-0.5910000000000001,-0.9,Normal,West
Madhya Maharashtra,1993,761.9,2.9950283130810798,0.67,-0.16766666666666666,-0.6666666666666666,Normal,West
Madhya Maharashtra,1994,893.4,20.771437583549858,0.31,0.36566666666666664,-0.9,Excess (flood risk),West
Madhya Maharashtra,1995,593.7,-19.74255373477327,0.3,-0.17400000000000002,-0.09999999999999998,Deficient (drought risk),West
Madhya Maharashtra,1996,788.7,6.61790107694849,-0.39,-0.24,0.7333333333333334,Normal,West
Madhya Maharashtra,1997,807.4,9.145801102482825,0.28,0.041,-0.7666666666666666,Normal,West
Madhya Maharashtra,1998,894.8,20.960692130916062,0.99,0.044000000000000004,-1.1666666666666667,Excess (flood risk),West
Madhya Maharashtra,1999,742.1,0.3184282860447223,-0.98,-0.028333333333333335,0.9666666666666668,Normal,West
Madhya Maharashtra,2000,618.2,-16.43059915586464,-0.81,0.13166666666666665,0.9666666666666667,Deficient (drought risk),West
Madhya Maharashtra,2001,635.4,-14.105471859651244,-0.34,0.08766666666666667,0.20000000000000004,Deficient (drought risk),West
Madhya Maharashtra,2002,664.7,-10.144644546915606,0.2,-0.22433333333333336,-0.3666666666666667,Deficient (drought risk),West
Madhya Maharashtra,2003,714.2,-3.4531444793246964,-0.04,-0.10066666666666668,-0.2333333333333333,Normal,West
Madhya Maharashtra,2004,925.5,25.110773991017904,0.17,-0.18899999999999997,0.16666666666666666,Excess (flood risk),West
Madhya Maharashtra,2005,1134.2,53.323219730537566,0.43,-0.12733333333333333,-0.3666666666666667,Excess (flood risk),West
Madhya Maharashtra,2006,1260.4,70.3831653574057,-0.37,-0.14966666666666664,0.8000000000000002,Excess (flood risk),West
Madhya Maharashtra,2007,1023.7,38.38562867056189,-0.32,0.16166666666666668,0.0,Excess (flood risk),West
Madhya Maharashtra,2008,835.9,12.99848295958062,-1.01,0.041,0.6666666666666665,Excess (flood risk),West
Madhya Maharashtra,2009,709.4,-4.1020172131517025,-0.33,0.161,0.3666666666666667,Normal,West
Madhya Maharashtra,2010,865.3,16.972828454270974,0.35,0.26633333333333337,0.4666666666666666,Excess (flood risk),West
Madhya Maharashtra,2011,781.3,5.617555612298524,-0.62,0.14400000000000002,1.6000000000000003,Normal,West
Madhya Maharashtra,2012,588.1,-20.499571924238104,-0.36,-0.205,0.13333333333333333,Deficient (drought risk),West
Madhya Maharashtra,2013,881.5,19.162773930937096,-0.19,-0.24,0.8333333333333334,Excess (flood risk),West
Madhya Maharashtra,2014,682.6,-7.724889977019098,0.15,-0.10033333333333333,0.13333333333333333,Normal,West
Madhya Maharashtra,2015,502.5,-32.071135677486225,0.81,-0.0030000000000000027,-0.4666666666666666,Deficient (drought risk),West
Madhya Maharashtra,2016,824.9,11.511482944560418,1.05,0.008333333333333326,-0.3,Excess (flood risk),West
Madhya Maharashtra,2017,852.3,15.215464800156193,0.31,0.46366666666666667,0.3333333333333333,Excess (flood risk),West
Matathwada,1950,593.6,-10.572711048618247,-1.18,-0.49166666666666664,,Deficient (drought risk),West
Matathwada,1951,621.1,-6.4297689223328724,0.18,-0.131,-0.3666666666666667,Normal,West
Matathwada,1952,463.2,-30.217789349258716,0.29,0.01733333333333334,0.3666666666666667,Deficient (drought risk),West
Matathwada,1953,786.9,18.54840578814403,0.66,0.15,-0.5666666666666667,Excess (flood risk),West
Matathwada,1954,851.4,28.26548822979518,-0.41,-0.2406666666666667,0.4666666666666666,Excess (flood risk),West
Matathwada,1955,1016.2,53.09301049931627,-0.8,-0.24033333333333332,0.5,Excess (flood risk),West
Matathwada,1956,801.2,20.702735693812436,-0.54,-0.29033333333333333,1.2,Excess (flood risk),West
Matathwada,1957,781.3,17.70475211879137,0.72,-0.27466666666666667,-0.09999999999999998,Excess (flood risk),West
Matathwada,1958,892.6,34.472368797175456,0.93,-0.4056666666666667,0.06666666666666665,Excess (flood risk),West
Matathwada,1959,808.3,21.77236802459883,0.33,-0.5406666666666666,0.7333333333333334,Excess (flood risk),West
Matathwada,1960,573.8,-13.555629379543726,0.03,-0.6389999999999999,0.7666666666666666,Deficient (drought risk),West
Matathwada,1961,664.9,0.16880799153255294,0.09,-0.391,-0.2333333333333333,Normal,West
Matathwada,1962,728.9,9.810564212705787,-0.26,-0.016000000000000014,0.46666666666666673,Normal,West
Matathwada,1963,863.8,30.13357849764749,0.27,-0.06133333333333333,0.7666666666666667,Excess (flood risk),West
Matathwada,1964,737.5,11.106175204925945,-0.33,-0.35200000000000004,0.8000000000000002,Excess (flood risk),West
Matathwada,1965,597.4,-10.000231772986092,0.18,-0.337,0.16666666666666666,Deficient (drought risk),West
Matathwada,1966,569.2,-14.248630607940537,0.66,-0.39966666666666667,-0.5,Deficient (drought risk),West
Matathwada,1967,610.1,-8.086945772847022,-0.45,-0.060000000000000005,0.39999999999999997,Normal,West
Matathwada,1968,587.5,-11.491690938448825,-0.44,0.03433333333333333,0.43333333333333335,Deficient (drought risk),West
Matathwada,1969,768.8,15.821596606843471,0.77,-0.05200000000000001,-0.06666666666666667,Excess (flood risk),West
Matathwada,1970,842.1,26.864420528905953,0.19,0.15633333333333335,0.3,Excess (flood risk),West
Matathwada,1971,458.9,-30.865594845368793,-0.85,0.12466666666666665,1.6333333333333335,Deficient (drought risk),West
Matathwada,1972,307.6,-53.65930916198614,0.41,0.106,-0.3666666666666667,Deficient (drought risk),West
Matathwada,1973,765.8,15.369639283975978,-0.1,-0.011000000000000001,0.39999999999999997,Excess (flood risk),West
Matathwada,1974,476.8,-28.1689161522594,-1.03,-0.014333333333333328,1.4333333333333333,Deficient (drought risk),West
Matathwada,1975,907.8,36.76228589970409,-0.73,-0.10366666666666667,1.1333333333333333,Excess (flood risk),West
Matathwada,1976,563.7,-15.077219033197615,-0.47,0.04599999999999999,0.7999999999999999,Deficient (drought risk),West
Matathwada,1977,547.4,-17.53285382077768,0.23,-0.06533333333333334,-0.4666666666666666,Deficient (drought risk),West
Matathwada,1978,613.3,-7.604857961788371,-0.18,-0.44333333333333336,0.3,Normal,West
Matathwada,1979,658.1,-0.8556286069670963,0.28,-0.22833333333333336,0.16666666666666666,Normal,West
Matathwada,1980,776.1,16.921359425821056,0.38,-0.19333333333333336,-0.3333333333333333,Excess (flood risk),West
Matathwada,1981,635.1,-4.320634748951227,-0.37,0.033666666666666664,-0.20000000000000004,Normal,West
Matathwada,1982,526.5,-20.68148983675456,0.47,0.132,0.13333333333333333,Deficient (drought risk),West
Matathwada,1983,1066.3,60.640697791203436,1.29,-0.45533333333333337,-0.8999999999999999,Excess (flood risk),West
Matathwada,1984,424.1,-36.10829979063174,-0.43,-0.12533333333333332,0.09999999999999999,Deficient (drought risk),West
Matathwada,1985,455.8,-31.33261741233187,-0.78,-0.32133333333333336,0.7999999999999999,Deficient (drought risk),West
Matathwada,1986,503.6,-24.131430734643107,-0.2,-0.21333333333333335,0.20000000000000004,Deficient (drought risk),West
Matathwada,1987,553.4,-16.628939175042692,0.95,-0.04333333333333334,-1.3333333333333333,Deficient (drought risk),West
Matathwada,1988,1128.6,70.02634486275174,-0.31,-0.318,0.5333333333333333,Excess (flood risk),West
Matathwada,1989,989.8,49.1157860580823,-0.83,-0.46433333333333326,1.3,Excess (flood risk),West
Matathwada,1990,822.2,23.866436953884904,0.29,-0.29233333333333333,0.3333333333333333,Excess (flood risk),West
Matathwada,1991,560.7,-15.529176356065108,0.26,0.21,-0.7666666666666666,Deficient (drought risk),West
Matathwada,1992,640.6,-3.4920463236941526,1.29,-0.5910000000000001,-0.9,Normal,West
Matathwada,1993,591.8,-10.843885442338754,0.67,-0.16766666666666666,-0.6666666666666666,Deficient (drought risk),West
Matathwada,1994,454.0,-31.603791806052367,0.31,0.36566666666666664,-0.9,Deficient (drought risk),West
Matathwada,1995,555.4,-16.327634293131027,0.3,-0.17400000000000002,-0.09999999999999998,Deficient (drought risk),West
Matathwada,1996,718.6,8.258844070860727,-0.39,-0.24,0.7333333333333334,Normal,West
Matathwada,1997,491.3,-25.98445575839984,0.28,0.041,-0.7666666666666666,Deficient (drought risk),West
Matathwada,1998,930.5,40.18209630940148,0.99,0.044000000000000004,-1.1666666666666667,Excess (flood risk),West
Matathwada,1999,623.6,-6.053137819943293,-0.98,-0.028333333333333335,0.9666666666666668,Normal,West
Matathwada,2000,629.9,-5.104027441921559,-0.81,0.13166666666666665,0.9666666666666667,Normal,West
Matathwada,2001,544.6,-17.954680655454005,-0.34,0.08766666666666667,0.20000000000000004,Deficient (drought risk),West
Matathwada,2002,646.0,-2.6785231425326645,0.2,-0.22433333333333336,-0.3666666666666667,Normal,West
Matathwada,2003,653.1,-1.6088908117462553,-0.04,-0.10066666666666668,-0.2333333333333333,Normal,West
Matathwada,2004,553.9,-16.553612954564777,0.17,-0.18899999999999997,0.16666666666666666,Deficient (drought risk),West
Matathwada,2005,810.9,22.164064371083995,0.43,-0.12733333333333333,-0.3666666666666667,Excess (flood risk),West
Matathwada,2006,761.5,14.721833787865906,-0.37,-0.14966666666666664,0.8000000000000002,Excess (flood risk),West
Matathwada,2007,695.3,4.748642196589836,-0.32,0.16166666666666668,0.0,Normal,West
Matathwada,2008,591.7,-10.858950686434325,-1.01,0.041,0.6666666666666665,Deficient (drought risk),West
Matathwada,2009,529.8,-20.184336781600326,-0.33,0.161,0.3666666666666667,Deficient (drought risk),West
Matathwada,2010,897.8,35.25576149014577,0.35,0.26633333333333337,0.4666666666666666,Excess (flood risk),West
Matathwada,2011,627.7,-5.4354628120243795,-0.62,0.14400000000000002,1.6000000000000003,Normal,West
Matathwada,2012,454.7,-31.49833509738329,-0.36,-0.205,0.13333333333333333,Deficient (drought risk),West
Matathwada,2013,745.3,12.281264244381425,-0.19,-0.24,0.8333333333333334,Excess (flood risk),West
Matathwada,2014,398.8,-39.91980654681428,0.15,-0.10033333333333333,0.13333333333333333,Deficient (drought risk),West
Matathwada,2015,412.4,-37.870933349814976,0.81,-0.0030000000000000027,-0.4666666666666666,Deficient (drought risk),West
Matathwada,2016,824.8,24.25813330037005,1.05,0.008333333333333326,-0.3,Excess (flood risk),West
Matathwada,2017,642.1,-3.2660676622604052,0.31,0.46366666666666667,0.3333333333333333,Normal,West
Vidarbha,1950,719.5,-25.293721429883583,-1.18,-0.49166666666666664,,Deficient (drought risk),West
Vidarbha,1951,927.4,-3.7072929174065807,0.18,-0.131,-0.3666666666666667,Normal,West
Vidarbha,1952,745.5,-22.594119980511756,0.29,0.01733333333333334,0.3666666666666667,Deficient (drought risk),West
Vidarbha,1953,1060.5,10.11258988687764,0.66,0.15,-0.5666666666666667,Excess (flood risk),West
Vidarbha,1954,1077.5,11.877713911466909,-0.41,-0.2406666666666667,0.4666666666666666,Excess (flood risk),West
Vidarbha,1955,1169.5,21.43014980924413,-0.8,-0.24033333333333332,0.5,Excess (flood risk),West
Vidarbha,1956,980.6,1.8165069713080777,-0.54,-0.29033333333333333,1.2,Normal,West
Vidarbha,1957,939.8,-2.419790687706175,0.72,-0.27466666666666667,-0.09999999999999998,Normal,West
Vidarbha,1958,1018.5,5.751695237892387,0.93,-0.4056666666666667,0.06666666666666665,Normal,West
Vidarbha,1959,1493.1,55.02980477142574,0.33,-0.5406666666666666,0.7333333333333334,Excess (flood risk),West
Vidarbha,1960,888.4,-7.756695091464316,0.03,-0.6389999999999999,0.7666666666666666,Normal,West
Vidarbha,1961,1253.1,30.11040677722429,0.09,-0.391,-0.2333333333333333,Excess (flood risk),West
Vidarbha,1962,966.0,0.30057692666082086,-0.26,-0.016000000000000014,0.46666666666666673,Normal,West
Vidarbha,1963,1008.0,4.6614715756460745,0.27,-0.06133333333333333,0.7666666666666667,Normal,West
Vidarbha,1964,960.2,-0.3016418581990427,-0.33,-0.35200000000000004,0.8000000000000002,Normal,West
Vidarbha,1965,696.2,-27.712979651820635,0.18,-0.337,0.16666666666666666,Deficient (drought risk),West
Vidarbha,1966,870.1,-9.656799188522172,0.66,-0.39966666666666667,-0.5,Normal,West
Vidarbha,1967,937.9,-2.6170692551602674,-0.45,-0.060000000000000005,0.39999999999999997,Normal,West
Vidarbha,1968,799.7,-16.96648926682126,-0.44,0.03433333333333333,0.43333333333333335,Deficient (drought risk),West
Vidarbha,1969,951.1,-1.2465023654791831,0.77,-0.05200000000000001,-0.06666666666666667,Normal,West
Vidarbha,1970,1174.1,21.907771604132982,0.19,0.15633333333333335,0.3,Excess (flood risk),West
Vidarbha,1971,696.6,-27.6714473218303,-0.85,0.12466666666666665,1.6333333333333335,Deficient (drought risk),West
Vidarbha,1972,679.0,-29.498869841405075,0.41,0.106,-0.3666666666666667,Deficient (drought risk),West
Vidarbha,1973,986.4,2.4187257561679414,-0.1,-0.011000000000000001,0.39999999999999997,Normal,West
Vidarbha,1974,653.7,-32.125789713293806,-1.03,-0.014333333333333328,1.4333333333333333,Deficient (drought risk),West
Vidarbha,1975,1190.6,23.62098021623433,-0.73,-0.10366666666666667,1.1333333333333333,Excess (flood risk),West
Vidarbha,1976,912.1,-5.295904539536918,-0.47,0.04599999999999999,0.7999999999999999,Normal,West
Vidarbha,1977,926.1,-3.842272989875167,0.23,-0.06533333333333334,-0.4666666666666666,Normal,West
Vidarbha,1978,1103.4,14.566932278341158,-0.18,-0.44333333333333336,0.3,Excess (flood risk),West
Vidarbha,1979,930.2,-3.416566607474224,0.28,-0.22833333333333336,0.16666666666666666,Normal,West
Vidarbha,1980,993.1,3.11439228350607,0.38,-0.19333333333333336,-0.3333333333333333,Normal,West
Vidarbha,1981,1122.7,16.570867200374853,-0.37,0.033666666666666664,-0.20000000000000004,Excess (flood risk),West
Vidarbha,1982,708.0,-26.487775917105733,0.47,0.132,0.13333333333333333,Deficient (drought risk),West
Vidarbha,1983,1150.7,19.478130299698353,1.29,-0.45533333333333337,-0.8999999999999999,Excess (flood risk),West
Vidarbha,1984,683.9,-28.990098799023468,-0.43,-0.12533333333333332,0.09999999999999999,Deficient (drought risk),West
Vidarbha,1985,712.3,-26.041303369709627,-0.78,-0.32133333333333336,0.7999999999999999,Deficient (drought risk),West
Vidarbha,1986,1029.6,6.904217395124195,-0.2,-0.21333333333333335,0.20000000000000004,Normal,West
Vidarbha,1987,643.0,-33.236779540535295,0.95,-0.04333333333333334,-1.3333333333333333,Deficient (drought risk),West
Vidarbha,1988,1188.5,23.40293548378508,-0.31,-0.318,0.5333333333333333,Excess (flood risk),West
Vidarbha,1989,925.1,-3.946103814851006,-0.83,-0.46433333333333326,1.3,Normal,West
Vidarbha,1990,1258.4,30.66071014959626,0.29,-0.29233333333333333,0.3333333333333333,Excess (flood risk),West
Vidarbha,1991,795.3,-17.423344896714962,0.26,0.21,-0.7666666666666666,Deficient (drought risk),West
Vidarbha,1992,1090.8,13.25866388364557,1.29,-0.5910000000000001,-0.9,Excess (flood risk),West
Vidarbha,1993,904.7,-6.0642526443581275,0.67,-0.16766666666666666,-0.6666666666666666,Normal,West
Vidarbha,1994,1305.5,35.55114200595828,0.31,0.36566666666666664,-0.9,Excess (flood risk),West
Vidarbha,1995,859.1,-10.798938263256403,0.3,-0.17400000000000002,-0.09999999999999998,Deficient (drought risk),West
Vidarbha,1996,741.4,-23.019826362912703,-0.39,-0.24,0.7333333333333334,Deficient (drought risk),West
Vidarbha,1997,767.9,-20.268309501052958,0.28,0.041,-0.7666666666666666,Deficient (drought risk),West
Vidarbha,1998,883.1,-8.30699846383626,0.99,0.044000000000000004,-1.1666666666666667,Normal,West
Vidarbha,1999,1004.9,4.33959601822097,-0.98,-0.028333333333333335,0.9666666666666668,Normal,West
Vidarbha,2000,1048.2,8.83547073967482,-0.81,0.13166666666666665,0.9666666666666667,Normal,West
Vidarbha,2001,937.8,-2.6274523376578536,-0.34,0.08766666666666667,0.20000000000000004,Normal,West
Vidarbha,2002,870.3,-9.63603302352701,0.2,-0.22433333333333336,-0.3666666666666667,Normal,West
Vidarbha,2003,960.1,-0.312024940696629,-0.04,-0.10066666666666668,-0.2333333333333333,Normal,West
Vidarbha,2004,665.0,-30.95250139106683,0.17,-0.18899999999999997,0.16666666666666666,Deficient (drought risk),West
Vidarbha,2005,1033.7,7.329923777525151,0.43,-0.12733333333333333,-0.3666666666666667,Normal,West
Vidarbha,2006,1073.0,11.410475199075632,-0.37,-0.14966666666666664,0.8000000000000002,Excess (flood risk),West
Vidarbha,2007,1130.0,17.328832222698477,-0.32,0.16166666666666668,0.0,Excess (flood risk),West
Vidarbha,2008,814.2,-15.46094230467159,-1.01,0.041,0.6666666666666665,Deficient (drought risk),West
Vidarbha,2009,654.6,-32.03234197081555,-0.33,0.161,0.3666666666666667,Deficient (drought risk),West
Vidarbha,2010,1221.2,26.798203460495028,0.35,0.26633333333333337,0.4666666666666666,Excess (flood risk),West
Vidarbha,2011,878.8,-8.753471011232376,-0.62,0.14400000000000002,1.6000000000000003,Normal,West
Vidarbha,2012,1061.5,10.21642071185348,-0.36,-0.205,0.13333333333333333,Excess (flood risk),West
Vidarbha,2013,1360.0,41.209921967141526,-0.19,-0.24,0.8333333333333334,Excess (flood risk),West
Vidarbha,2014,817.5,-15.118300582251324,0.15,-0.10033333333333333,0.13333333333333333,Deficient (drought risk),West
Vidarbha,2015,848.2,-11.93069425549305,0.81,-0.0030000000000000027,-0.4666666666666666,Deficient (drought risk),West
Vidarbha,2016,1045.4,8.544744429742474,1.05,0.008333333333333326,-0.3,Normal,West
Vidarbha,2017,731.5,-24.047751530173507,0.31,0.46366666666666667,0.3333333333333333,Deficient (drought risk),West
Chhattisgarh,1950,1153.2,-4.129842556946801,-1.18,-0.49166666666666664,,Normal,West
Chhattisgarh,1951,1109.4,-7.7711128448463205,0.18,-0.131,-0.3666666666666667,Normal,West
Chhattisgarh,1952,1250.0,3.917531047360817,0.29,0.01733333333333334,0.3666666666666667,Normal,West
Chhattisgarh,1953,1254.8,4.316574366582679,0.66,0.15,-0.5666666666666667,Normal,West
Chhattisgarh,1954,1148.4,-4.528885876168663,-0.41,-0.2406666666666667,0.4666666666666666,Normal,West
Chhattisgarh,1955,1207.8,0.4092751992019119,-0.8,-0.24033333333333332,0.5,Normal,West
Chhattisgarh,1956,1378.1,14.566999629094346,-0.54,-0.29033333333333333,1.2,Excess (flood risk),West
Chhattisgarh,1957,1087.0,-9.633315001215035,0.72,-0.27466666666666667,-0.09999999999999998,Normal,West
Chhattisgarh,1958,1252.5,4.1253661094555385,0.93,-0.4056666666666667,0.06666666666666665,Normal,West
Chhattisgarh,1959,1420.3,18.07525547725325,0.33,-0.5406666666666666,0.7333333333333334,Excess (flood risk),West
Chhattisgarh,1960,1167.6,-2.9327125992812157,0.03,-0.6389999999999999,0.7666666666666666,Normal,West
Chhattisgarh,1961,1779.5,47.936997199022855,0.09,-0.391,-0.2333333333333333,Excess (flood risk),West
Chhattisgarh,1962,988.1,-17.85527005768222,-0.26,-0.016000000000000014,0.46666666666666673,Deficient (drought risk),West
Chhattisgarh,1963,1156.7,-3.838873470014191,0.27,-0.06133333333333333,0.7666666666666667,Normal,West
Chhattisgarh,1964,1358.0,12.896005729852792,-0.33,-0.35200000000000004,0.8000000000000002,Excess (flood risk),West
Chhattisgarh,1965,881.2,-26.742297312852514,0.18,-0.337,0.16666666666666666,Deficient (drought risk),West
Chhattisgarh,1966,969.8,-19.37662271221559,0.66,-0.39966666666666667,-0.5,Deficient (drought risk),West
Chhattisgarh,1967,1279.0,6.328417767659587,-0.45,-0.060000000000000005,0.39999999999999997,Normal,West
Chhattisgarh,1968,1011.7,-15.893307071508044,-0.44,0.03433333333333333,0.43333333333333335,Deficient (drought risk),West
Chhattisgarh,1969,1067.0,-11.295995497972806,0.77,-0.05200000000000001,-0.06666666666666667,Deficient (drought risk),West
Chhattisgarh,1970,1370.6,13.94349444281018,0.19,0.15633333333333335,0.3,Excess (flood risk),West
Chhattisgarh,1971,1265.4,5.197795029864309,-0.85,0.12466666666666665,1.6333333333333335,Normal,West
Chhattisgarh,1972,1067.7,-11.23780168058628,0.41,0.106,-0.3666666666666667,Deficient (drought risk),West
Chhattisgarh,1973,1215.5,1.0494071904536584,-0.1,-0.011000000000000001,0.39999999999999997,Normal,West
Chhattisgarh,1974,822.6,-31.613951168352795,-1.03,-0.014333333333333328,1.4333333333333333,Deficient (drought risk),West
Chhattisgarh,1975,1292.7,7.467353907938666,-0.73,-0.10366666666666667,1.1333333333333333,Normal,West
Chhattisgarh,1976,1335.6,11.033803573484079,-0.47,0.04599999999999999,0.7999999999999999,Excess (flood risk),West
Chhattisgarh,1977,1334.6,10.95066954864619,0.23,-0.06533333333333334,-0.4666666666666666,Excess (flood risk),West
Chhattisgarh,1978,1281.5,6.536252829754309,-0.18,-0.44333333333333336,0.3,Normal,West
Chhattisgarh,1979,808.8,-32.76120071111566,0.28,-0.22833333333333336,0.16666666666666666,Deficient (drought risk),West
Chhattisgarh,1980,1431.2,18.981416347986244,0.38,-0.19333333333333336,-0.3333333333333333,Excess (flood risk),West
Chhattisgarh,1981,1129.9,-6.066865335669603,-0.37,0.033666666666666664,-0.20000000000000004,Normal,West
Chhattisgarh,1982,1005.6,-16.40042462301917,0.47,0.132,0.13333333333333333,Deficient (drought risk),West
Chhattisgarh,1983,1228.3,2.113522708378629,1.29,-0.45533333333333337,-0.8999999999999999,Normal,West
Chhattisgarh,1984,1113.6,-7.421949940527203,-0.43,-0.12533333333333332,0.09999999999999999,Normal,West
Chhattisgarh,1985,1096.8,-8.81860155780373,-0.78,-0.32133333333333336,0.7999999999999999,Normal,West
Chhattisgarh,1986,1149.5,-4.437438448846993,-0.2,-0.21333333333333335,0.20000000000000004,Normal,West
Chhattisgarh,1987,969.7,-19.384936114699368,0.95,-0.04333333333333334,-1.3333333333333333,Deficient (drought risk),West
Chhattisgarh,1988,1113.6,-7.421949940527203,-0.31,-0.318,0.5333333333333333,Normal,West
Chhattisgarh,1989,1126.5,-6.349521020118432,-0.83,-0.46433333333333326,1.3,Normal,West
Chhattisgarh,1990,1331.5,10.692954071648742,0.29,-0.29233333333333333,0.3333333333333333,Excess (flood risk),West
Chhattisgarh,1991,1136.2,-5.543120979190908,0.26,0.21,-0.7666666666666666,Normal,West
Chhattisgarh,1992,1137.5,-5.435046746901657,1.29,-0.5910000000000001,-0.9,Normal,West
Chhattisgarh,1993,1116.3,-7.1974880734649,0.67,-0.16766666666666666,-0.6666666666666666,Normal,West
Chhattisgarh,1994,1648.8,37.07138015271081,0.31,0.36566666666666664,-0.9,Excess (flood risk),West
Chhattisgarh,1995,1091.4,-9.267525291928317,0.3,-0.17400000000000002,-0.09999999999999998,Normal,West
Chhattisgarh,1996,1133.8,-5.742642638801848,-0.39,-0.24,0.7333333333333334,Normal,West
Chhattisgarh,1997,1120.6,-6.840011766661982,0.28,0.041,-0.7666666666666666,Normal,West
Chhattisgarh,1998,1060.1,-11.869620269354247,0.99,0.044000000000000004,-1.1666666666666667,Deficient (drought risk),West
Chhattisgarh,1999,1194.9,-0.6631537212068404,-0.98,-0.028333333333333335,0.9666666666666668,Normal,West
Chhattisgarh,2000,887.8,-26.193612748922458,-0.81,0.13166666666666665,0.9666666666666667,Deficient (drought risk),West
Chhattisgarh,2001,1458.8,21.275915433511962,-0.34,0.08766666666666667,0.20000000000000004,Excess (flood risk),West
Chhattisgarh,2002,809.3,-32.71963369869672,0.2,-0.22433333333333336,-0.3666666666666667,Deficient (drought risk),West
Chhattisgarh,2003,1479.1,22.9635361377211,-0.04,-0.10066666666666668,-0.2333333333333333,Excess (flood risk),West
Chhattisgarh,2004,1014.3,-15.677158606929542,0.17,-0.18899999999999997,0.16666666666666666,Deficient (drought risk),West
Chhattisgarh,2005,1099.0,-8.63570670316037,0.43,-0.12733333333333333,-0.3666666666666667,Normal,West
Chhattisgarh,2006,1219.0,1.3403762773862686,-0.37,-0.14966666666666664,0.8000000000000002,Normal,West
Chhattisgarh,2007,1167.2,-2.96596620921636,-0.32,0.16166666666666668,0.0,Normal,West
Chhattisgarh,2008,1037.4,-13.756762633174302,-1.01,0.041,0.6666666666666665,Deficient (drought risk),West
Chhattisgarh,2009,852.0,-29.169810838118863,-0.33,0.161,0.3666666666666667,Deficient (drought risk),West
Chhattisgarh,2010,1172.2,-2.5502960850269165,0.35,0.26633333333333337,0.4666666666666666,Normal,West
Chhattisgarh,2011,1218.2,1.2738690575159615,-0.62,0.14400000000000002,1.6000000000000003,Normal,West
Chhattisgarh,2012,1265.4,5.197795029864309,-0.36,-0.205,0.13333333333333333,Normal,West
Chhattisgarh,2013,1159.9,-3.5728445905329433,-0.19,-0.24,0.8333333333333334,Normal,West
Chhattisgarh,2014,1102.1,-8.377991226162923,0.15,-0.10033333333333333,0.13333333333333333,Normal,West
Chhattisgarh,2015,1009.7,-16.059575121183823,0.81,-0.0030000000000000027,-0.4666666666666666,Deficient (drought risk),West
Chhattisgarh,2016,1177.8,-2.084745545934748,1.05,0.008333333333333326,-0.3,Normal,West
Chhattisgarh,2017,1041.2,-13.44085333879033,0.31,0.46366666666666667,0.3333333333333333,Deficient (drought risk),West
Coastal Andhra Pradesh,1950,644.4,-1.675415202237895,-1.18,-0.49166666666666664,,Normal,South
Coastal Andhra Pradesh,1951,779.4,18.92331066321506,0.18,-0.131,-0.3666666666666667,Excess (flood risk),South
Coastal Andhra Pradesh,1952,476.5,-27.294126852679014,0.29,0.01733333333333334,0.3666666666666667,Deficient (drought risk),South
Coastal Andhra Pradesh,1953,660.6,0.7964319016164665,0.66,0.15,-0.5666666666666667,Normal,South
Coastal Andhra Pradesh,1954,820.4,25.179220000130403,-0.41,-0.2406666666666667,0.4666666666666666,Excess (flood risk),South
Coastal Andhra Pradesh,1955,688.2,5.007726967442407,-0.8,-0.24033333333333332,0.5,Normal,South
Coastal Andhra Pradesh,1956,888.3,35.53961619468044,-0.54,-0.29033333333333333,1.2,Excess (flood risk),South
Coastal Andhra Pradesh,1957,799.0,21.913940492569715,0.72,-0.27466666666666667,-0.09999999999999998,Excess (flood risk),South
Coastal Andhra Pradesh,1958,851.3,29.894039476000746,0.93,-0.4056666666666667,0.06666666666666665,Excess (flood risk),South
Coastal Andhra Pradesh,1959,843.1,28.642857608617682,0.33,-0.5406666666666666,0.7333333333333334,Excess (flood risk),South
Coastal Andhra Pradesh,1960,743.9,13.506608676373727,0.03,-0.6389999999999999,0.7666666666666666,Excess (flood risk),South
Coastal Andhra Pradesh,1961,692.5,5.663834532045716,0.09,-0.391,-0.2333333333333333,Normal,South
Coastal Andhra Pradesh,1962,819.6,25.05715347648328,-0.26,-0.016000000000000014,0.46666666666666673,Excess (flood risk),South
Coastal Andhra Pradesh,1963,571.4,-12.813985485038382,0.27,-0.06133333333333333,0.7666666666666667,Deficient (drought risk),South
Coastal Andhra Pradesh,1964,867.0,32.28959500257565,-0.33,-0.35200000000000004,0.8000000000000002,Excess (flood risk),South
Coastal Andhra Pradesh,1965,583.9,-10.906696053051999,0.18,-0.337,0.16666666666666666,Deficient (drought risk),South
Coastal Andhra Pradesh,1966,643.1,-1.873773303164472,0.66,-0.39966666666666667,-0.5,Normal,South
Coastal Andhra Pradesh,1967,635.9,-2.9723720159886367,-0.45,-0.060000000000000005,0.39999999999999997,Normal,South
Coastal Andhra Pradesh,1968,451.3,-31.13922234756356,-0.44,0.03433333333333333,0.43333333333333335,Deficient (drought risk),South
Coastal Andhra Pradesh,1969,540.0,-17.605096538188178,0.77,-0.05200000000000001,-0.06666666666666667,Deficient (drought risk),South
Coastal Andhra Pradesh,1970,733.4,11.904485553505165,0.19,0.15633333333333335,0.3,Excess (flood risk),South
Coastal Andhra Pradesh,1971,613.5,-6.390234678108235,-0.85,0.12466666666666665,1.6333333333333335,Normal,South
Coastal Andhra Pradesh,1972,518.8,-20.839859414837093,0.41,0.106,-0.3666666666666667,Deficient (drought risk),South
Coastal Andhra Pradesh,1973,542.9,-17.16260538996734,-0.1,-0.011000000000000001,0.39999999999999997,Deficient (drought risk),South
Coastal Andhra Pradesh,1974,573.8,-12.447785914097,-1.03,-0.014333333333333328,1.4333333333333333,Deficient (drought risk),South
Coastal Andhra Pradesh,1975,796.5,21.532482606172437,-0.73,-0.10366666666666667,1.1333333333333333,Excess (flood risk),South
Coastal Andhra Pradesh,1976,598.5,-8.678981996491897,-0.47,0.04599999999999999,0.7999999999999999,Normal,South
Coastal Andhra Pradesh,1977,551.2,-15.896165207128371,0.23,-0.06533333333333334,-0.4666666666666666,Deficient (drought risk),South
Coastal Andhra Pradesh,1978,812.5,23.97381307911501,-0.18,-0.44333333333333336,0.3,Excess (flood risk),South
Coastal Andhra Pradesh,1979,534.6,-18.42904557280629,0.28,-0.22833333333333336,0.16666666666666666,Deficient (drought risk),South
Coastal Andhra Pradesh,1980,691.5,5.511251377486806,0.38,-0.19333333333333336,-0.3333333333333333,Normal,South
Coastal Andhra Pradesh,1981,694.5,5.969000841163539,-0.37,0.033666666666666664,-0.20000000000000004,Normal,South
Coastal Andhra Pradesh,1982,529.5,-19.20721966105674,0.47,0.132,0.13333333333333333,Deficient (drought risk),South
Coastal Andhra Pradesh,1983,858.5,30.992638188824905,1.29,-0.45533333333333337,-0.8999999999999999,Excess (flood risk),South
Coastal Andhra Pradesh,1984,585.9,-10.601529743934176,-0.43,-0.12533333333333332,0.09999999999999999,Deficient (drought risk),South
Coastal Andhra Pradesh,1985,571.6,-12.783468854126593,-0.78,-0.32133333333333336,0.7999999999999999,Deficient (drought risk),South
Coastal Andhra Pradesh,1986,638.4,-2.59091412959136,-0.2,-0.21333333333333335,0.20000000000000004,Normal,South
Coastal Andhra Pradesh,1987,442.2,-32.52772905404965,0.95,-0.04333333333333334,-1.3333333333333333,Deficient (drought risk),South
Coastal Andhra Pradesh,1988,928.9,41.734492269772225,-0.31,-0.318,0.5333333333333333,Excess (flood risk),South
Coastal Andhra Pradesh,1989,883.0,34.73092547551822,-0.83,-0.46433333333333326,1.3,Excess (flood risk),South
Coastal Andhra Pradesh,1990,591.5,-9.747064078404271,0.29,-0.29233333333333333,0.3333333333333333,Normal,South
Coastal Andhra Pradesh,1991,760.9,16.100522303875213,0.26,0.21,-0.7666666666666666,Excess (flood risk),South
Coastal Andhra Pradesh,1992,637.1,-2.789272230517937,1.29,-0.5910000000000001,-0.9,Normal,South
Coastal Andhra Pradesh,1993,511.7,-21.923199812205354,0.67,-0.16766666666666666,-0.6666666666666666,Deficient (drought risk),South
Coastal Andhra Pradesh,1994,574.4,-12.35623602136165,0.31,0.36566666666666664,-0.9,Deficient (drought risk),South
Coastal Andhra Pradesh,1995,646.6,-1.3397322622082846,0.3,-0.17400000000000002,-0.09999999999999998,Normal,South
Coastal Andhra Pradesh,1996,829.4,26.5524683911606,-0.39,-0.24,0.7333333333333334,Excess (flood risk),South
Coastal Andhra Pradesh,1997,662.7,1.1168565261901826,0.28,0.041,-0.7666666666666666,Normal,South
Coastal Andhra Pradesh,1998,858.0,30.916346611545453,0.99,0.044000000000000004,-1.1666666666666667,Excess (flood risk),South
Coastal Andhra Pradesh,1999,554.7,-15.362124166172181,-0.98,-0.028333333333333335,0.9666666666666668,Deficient (drought risk),South
Coastal Andhra Pradesh,2000,768.9,17.321187540346497,-0.81,0.13166666666666665,0.9666666666666667,Excess (flood risk),South
Coastal Andhra Pradesh,2001,598.1,-8.740015258315458,-0.34,0.08766666666666667,0.20000000000000004,Normal,South
Coastal Andhra Pradesh,2002,435.0,-33.62632776687381,0.2,-0.22433333333333336,-0.3666666666666667,Deficient (drought risk),South
Coastal Andhra Pradesh,2003,634.1,-3.247021694194669,-0.04,-0.10066666666666668,-0.2333333333333333,Normal,South
Coastal Andhra Pradesh,2004,571.5,-12.798727169582488,0.17,-0.18899999999999997,0.16666666666666666,Deficient (drought risk),South
Coastal Andhra Pradesh,2005,743.6,13.460833730006062,0.43,-0.12733333333333333,-0.3666666666666667,Excess (flood risk),South
Coastal Andhra Pradesh,2006,762.6,16.359913666625367,-0.37,-0.14966666666666664,0.8000000000000002,Excess (flood risk),South
Coastal Andhra Pradesh,2007,892.5,36.18046544382788,-0.32,0.16166666666666668,0.0,Excess (flood risk),South
Coastal Andhra Pradesh,2008,771.4,17.702645426743775,-1.01,0.041,0.6666666666666665,Excess (flood risk),South
Coastal Andhra Pradesh,2009,528.8,-19.314027869247987,-0.33,0.161,0.3666666666666667,Deficient (drought risk),South
Coastal Andhra Pradesh,2010,954.0,45.56432944920088,0.35,0.26633333333333337,0.4666666666666666,Excess (flood risk),South
Coastal Andhra Pradesh,2011,628.4,-4.116745675180468,-0.62,0.14400000000000002,1.6000000000000003,Normal,South
Coastal Andhra Pradesh,2012,785.0,19.777776328744963,-0.36,-0.205,0.13333333333333333,Excess (flood risk),South
Coastal Andhra Pradesh,2013,545.0,-16.842180765393625,-0.19,-0.24,0.8333333333333334,Deficient (drought risk),South
Coastal Andhra Pradesh,2014,519.7,-20.70253457573406,0.15,-0.10033333333333333,0.13333333333333333,Deficient (drought risk),South
Coastal Andhra Pradesh,2015,793.6,21.0899914579516,0.81,-0.0030000000000000027,-0.4666666666666666,Excess (flood risk),South
Coastal Andhra Pradesh,2016,669.4,2.1391636617348744,1.05,0.008333333333333326,-0.3,Normal,South
Coastal Andhra Pradesh,2017,668.8,2.047613768999524,0.31,0.46366666666666667,0.3333333333333333,Normal,South
Telangana,1950,673.7,-13.652994647602801,-1.18,-0.49166666666666664,,Deficient (drought risk),South
Telangana,1951,728.3,-6.65500371359526,0.18,-0.131,-0.3666666666666667,Normal,South
Telangana,1952,571.9,-26.700530857895277,0.29,0.01733333333333334,0.3666666666666667,Deficient (drought risk),South
Telangana,1953,1058.9,35.7174468868241,0.66,0.15,-0.5666666666666667,Excess (flood risk),South
Telangana,1954,851.2,9.096884304527974,-0.41,-0.2406666666666667,0.4666666666666666,Normal,South
Telangana,1955,1040.0,33.29506540966763,-0.8,-0.24033333333333332,0.5,Excess (flood risk),South
Telangana,1956,904.1,15.876989073923564,-0.54,-0.29033333333333333,1.2,Excess (flood risk),South
Telangana,1957,824.1,5.623522503949132,0.72,-0.27466666666666667,-0.09999999999999998,Normal,South
Telangana,1958,967.3,23.977227664203358,0.93,-0.4056666666666667,0.06666666666666665,Excess (flood risk),South
Telangana,1959,1128.0,44.573878636639506,0.33,-0.5406666666666666,0.7333333333333334,Excess (flood risk),South
Telangana,1960,707.1,-9.372172354638476,0.03,-0.6389999999999999,0.7666666666666666,Normal,South
Telangana,1961,864.1,10.750255788936348,0.09,-0.391,-0.2333333333333333,Excess (flood risk),South
Telangana,1962,908.7,16.466563401697098,-0.26,-0.016000000000000014,0.46666666666666673,Excess (flood risk),South
Telangana,1963,870.1,11.51926578168443,0.27,-0.06133333333333333,0.7666666666666667,Excess (flood risk),South
Telangana,1964,830.1,6.392532496697213,-0.33,-0.35200000000000004,0.8000000000000002,Normal,South
Telangana,1965,761.3,-2.4254487534808074,0.18,-0.337,0.16666666666666666,Normal,South
Telangana,1966,831.9,6.623235494521633,0.66,-0.39966666666666667,-0.5,Normal,South
Telangana,1967,810.6,3.893250020265946,-0.45,-0.060000000000000005,0.39999999999999997,Normal,South
Telangana,1968,560.0,-28.22573401017897,-0.44,0.03433333333333333,0.43333333333333335,Deficient (drought risk),South
Telangana,1969,833.9,6.879572158770994,0.77,-0.05200000000000001,-0.06666666666666667,Normal,South
Telangana,1970,863.0,10.609270623599198,0.19,0.15633333333333335,0.3,Excess (flood risk),South
Telangana,1971,495.4,-36.505408265433324,-0.85,0.12466666666666665,1.6333333333333335,Deficient (drought risk),South
Telangana,1972,511.9,-34.390630785376096,0.41,0.106,-0.3666666666666667,Deficient (drought risk),South
Telangana,1973,800.4,2.5859330325942,-0.1,-0.011000000000000001,0.39999999999999997,Normal,South
Telangana,1974,521.0,-33.224298963041505,-1.03,-0.014333333333333328,1.4333333333333333,Deficient (drought risk),South
Telangana,1975,949.2,21.657380852746655,-0.73,-0.10366666666666667,1.1333333333333333,Excess (flood risk),South
Telangana,1976,958.0,22.785262175443837,-0.47,0.04599999999999999,0.7999999999999999,Excess (flood risk),South
Telangana,1977,661.5,-15.216648299523907,0.23,-0.06533333333333334,-0.4666666666666666,Deficient (drought risk),South
Telangana,1978,1130.8,44.9327499665886,-0.18,-0.44333333333333336,0.3,Excess (flood risk),South
Telangana,1979,634.0,-18.741277432952618,0.28,-0.22833333333333336,0.16666666666666666,Deficient (drought risk),South
Telangana,1980,869.9,11.493632115259489,0.38,-0.19333333333333336,-0.3333333333333333,Excess (flood risk),South
Telangana,1981,1010.0,29.450015445927217,-0.37,0.033666666666666664,-0.20000000000000004,Excess (flood risk),South
Telangana,1982,747.8,-4.155721237163993,0.47,0.132,0.13333333333333333,Normal,South
Telangana,1983,1255.4,60.9025241493238,1.29,-0.45533333333333337,-0.8999999999999999,Excess (flood risk),South
Telangana,1984,614.4,-21.25337674259636,-0.43,-0.12533333333333332,0.09999999999999999,Deficient (drought risk),South
Telangana,1985,636.1,-18.472123935490785,-0.78,-0.32133333333333336,0.7999999999999999,Deficient (drought risk),South
Telangana,1986,822.8,5.456903672187038,-0.2,-0.21333333333333335,0.20000000000000004,Normal,South
Telangana,1987,689.8,-11.589484500395457,0.95,-0.04333333333333334,-1.3333333333333333,Deficient (drought risk),South
Telangana,1988,1447.2,85.4852102508375,-0.31,-0.318,0.5333333333333333,Excess (flood risk),South
Telangana,1989,1087.6,39.39587801880241,-0.83,-0.46433333333333326,1.3,Excess (flood risk),South
Telangana,1990,1028.6,31.833946423446264,0.29,-0.29233333333333333,0.3333333333333333,Excess (flood risk),South
Telangana,1991,686.2,-12.050890496044294,0.26,0.21,-0.7666666666666666,Deficient (drought risk),South
Telangana,1992,731.8,-6.206414551158879,1.29,-0.5910000000000001,-0.9,Normal,South
Telangana,1993,709.0,-9.128652523601586,0.67,-0.16766666666666666,-0.6666666666666666,Normal,South
Telangana,1994,733.6,-5.975711553334446,0.31,0.36566666666666664,-0.9,Normal,South
Telangana,1995,767.9,-1.5795377614579138,0.3,-0.17400000000000002,-0.09999999999999998,Normal,South
Telangana,1996,836.1,7.161542489445297,-0.39,-0.24,0.7333333333333334,Normal,South
Telangana,1997,565.9,-27.46954085064336,0.28,0.041,-0.7666666666666666,Deficient (drought risk),South
Telangana,1998,913.2,17.04332089625816,0.99,0.044000000000000004,-1.1666666666666667,Excess (flood risk),South
Telangana,1999,715.4,-8.308375198003635,-0.98,-0.028333333333333335,0.9666666666666668,Normal,South
Telangana,2000,965.3,23.720890999953998,-0.81,0.13166666666666665,0.9666666666666667,Excess (flood risk),South
Telangana,2001,694.3,-11.012727005834396,-0.34,0.08766666666666667,0.20000000000000004,Deficient (drought risk),South
Telangana,2002,609.0,-21.945485736069628,0.2,-0.22433333333333336,-0.3666666666666667,Deficient (drought risk),South
Telangana,2003,794.5,1.8297398730585883,-0.04,-0.10066666666666668,-0.2333333333333333,Normal,South
Telangana,2004,509.1,-34.7495021153252,0.17,-0.18899999999999997,0.16666666666666666,Deficient (drought risk),South
Telangana,2005,888.5,13.877563092778548,0.43,-0.12733333333333333,-0.3666666666666667,Excess (flood risk),South
Telangana,2006,862.7,10.570820123961798,-0.37,-0.14966666666666664,0.8000000000000002,Excess (flood risk),South
Telangana,2007,780.2,-0.0030672763243358332,-0.32,0.16166666666666668,0.0,Normal,South
Telangana,2008,854.8,9.558290300176811,-1.01,0.041,0.6666666666666665,Normal,South
Telangana,2009,546.2,-29.99445699349955,-0.33,0.161,0.3666666666666667,Deficient (drought risk),South
Telangana,2010,1080.4,38.47306602750473,0.35,0.26633333333333337,0.4666666666666666,Excess (flood risk),South
Telangana,2011,685.6,-12.127791495319105,-0.62,0.14400000000000002,1.6000000000000003,Deficient (drought risk),South
Telangana,2012,857.0,9.840260630851114,-0.36,-0.205,0.13333333333333333,Normal,South
Telangana,2013,1059.2,35.7558973864615,-0.19,-0.24,0.8333333333333334,Excess (flood risk),South
Telangana,2014,560.2,-28.200100343754027,0.15,-0.10033333333333333,0.13333333333333333,Deficient (drought risk),South
Telangana,2015,690.1,-11.551034000758044,0.81,-0.0030000000000000027,-0.4666666666666666,Deficient (drought risk),South
Telangana,2016,899.8,15.32586524578743,1.05,0.008333333333333326,-0.3,Excess (flood risk),South
Telangana,2017,664.9,-14.780875970299997,0.31,0.46366666666666667,0.3333333333333333,Deficient (drought risk),South
Rayalseema,1950,319.8,-20.23033398854726,-1.18,-0.49166666666666664,,Deficient (drought risk),South
Rayalseema,1951,284.0,-29.160146506402196,0.18,-0.131,-0.3666666666666667,Deficient (drought risk),South
Rayalseema,1952,249.8,-37.690861258096014,0.29,0.01733333333333334,0.3666666666666667,Deficient (drought risk),South
Rayalseema,1953,389.5,-2.844637550153719,0.66,0.15,-0.5666666666666667,Normal,South
Rayalseema,1954,411.4,2.618013124176528,-0.41,-0.2406666666666667,0.4666666666666666,Normal,South
Rayalseema,1955,451.7,12.670288109359598,-0.8,-0.24033333333333332,0.5,Excess (flood risk),South
Rayalseema,1956,475.6,18.631810991391255,-0.54,-0.29033333333333333,1.2,Excess (flood risk),South
Rayalseema,1957,358.5,-10.57715676952531,0.72,-0.27466666666666667,-0.09999999999999998,Deficient (drought risk),South
Rayalseema,1958,409.5,2.1440845268602104,0.93,-0.4056666666666667,0.06666666666666665,Normal,South
Rayalseema,1959,417.5,4.139573357665782,0.33,-0.5406666666666666,0.7333333333333334,Normal,South
Rayalseema,1960,396.5,-1.0985848231988438,0.03,-0.6389999999999999,0.7666666666666666,Normal,South
Rayalseema,1961,387.7,-3.293622537084976,0.09,-0.391,-0.2333333333333333,Normal,South
Rayalseema,1962,352.5,-12.073773392629489,-0.26,-0.016000000000000014,0.46666666666666673,Deficient (drought risk),South
Rayalseema,1963,404.4,0.8719603972216527,0.27,-0.06133333333333333,0.7666666666666667,Normal,South
Rayalseema,1964,584.5,45.7954027007321,-0.33,-0.35200000000000004,0.8000000000000002,Excess (flood risk),South
Rayalseema,1965,403.9,0.7472423452963044,0.18,-0.337,0.16666666666666666,Normal,South
Rayalseema,1966,464.2,15.788239407493304,0.66,-0.39966666666666667,-0.5,Excess (flood risk),South
Rayalseema,1967,379.9,-5.239224147120411,-0.45,-0.060000000000000005,0.39999999999999997,Normal,South
Rayalseema,1968,287.0,-28.41183819485011,-0.44,0.03433333333333333,0.43333333333333335,Deficient (drought risk),South
Rayalseema,1969,355.3,-11.375352301847537,0.77,-0.05200000000000001,-0.06666666666666667,Deficient (drought risk),South
Rayalseema,1970,497.6,24.119405276106576,0.19,0.15633333333333335,0.3,Excess (flood risk),South
Rayalseema,1971,285.0,-28.910710402551505,-0.85,0.12466666666666665,1.6333333333333335,Deficient (drought risk),South
Rayalseema,1972,300.4,-25.069394403250783,0.41,0.106,-0.3666666666666667,Deficient (drought risk),South
Rayalseema,1973,423.6,5.6611335911550364,-0.1,-0.011000000000000001,0.39999999999999997,Normal,South
Rayalseema,1974,435.3,8.579536006208183,-1.03,-0.014333333333333328,1.4333333333333333,Normal,South
Rayalseema,1975,513.4,28.06049571694757,-0.73,-0.10366666666666667,1.1333333333333333,Excess (flood risk),South
Rayalseema,1976,444.5,10.874348161634588,-0.47,0.04599999999999999,0.7999999999999999,Excess (flood risk),South
Rayalseema,1977,377.4,-5.862814406747152,0.23,-0.06533333333333334,-0.4666666666666666,Normal,South
Rayalseema,1978,481.3,20.053596783340222,-0.18,-0.44333333333333336,0.3,Excess (flood risk),South
Rayalseema,1979,356.8,-11.001198146071491,0.28,-0.22833333333333336,0.16666666666666666,Deficient (drought risk),South
Rayalseema,1980,311.1,-22.40042809204832,0.38,-0.19333333333333336,-0.3333333333333333,Deficient (drought risk),South
Rayalseema,1981,487.1,21.50032618567426,-0.37,0.033666666666666664,-0.20000000000000004,Excess (flood risk),South
Rayalseema,1982,287.2,-28.361950974079974,0.47,0.132,0.13333333333333333,Deficient (drought risk),South
Rayalseema,1983,630.3,57.21957625709398,1.29,-0.45533333333333337,-0.8999999999999999,Excess (flood risk),South
Rayalseema,1984,340.0,-15.191724690763195,-0.43,-0.12533333333333332,0.09999999999999999,Deficient (drought risk),South
Rayalseema,1985,336.4,-16.08969466462571,-0.78,-0.32133333333333336,0.7999999999999999,Deficient (drought risk),South
Rayalseema,1986,276.3,-31.080804506052555,-0.2,-0.21333333333333335,0.20000000000000004,Deficient (drought risk),South
Rayalseema,1987,328.3,-18.110127105816343,0.95,-0.04333333333333334,-1.3333333333333333,Deficient (drought risk),South
Rayalseema,1988,606.5,51.28299698544742,-0.31,-0.318,0.5333333333333333,Excess (flood risk),South
Rayalseema,1989,469.1,17.01047631636173,-0.83,-0.46433333333333326,1.3,Excess (flood risk),South
Rayalseema,1990,396.0,-1.2233028751241921,0.29,-0.29233333333333333,0.3333333333333333,Normal,South
Rayalseema,1991,468.9,16.960589095591576,0.26,0.21,-0.7666666666666666,Excess (flood risk),South
Rayalseema,1992,293.2,-26.865334350975793,1.29,-0.5910000000000001,-0.9,Deficient (drought risk),South
Rayalseema,1993,403.2,0.5726370726008196,0.67,-0.16766666666666666,-0.6666666666666666,Normal,South
Rayalseema,1994,271.6,-32.25315419415083,0.31,0.36566666666666664,-0.9,Deficient (drought risk),South
Rayalseema,1995,501.6,25.11714969150936,0.3,-0.17400000000000002,-0.09999999999999998,Excess (flood risk),South
Rayalseema,1996,736.8,83.78452131719317,-0.39,-0.24,0.7333333333333334,Excess (flood risk),South
Rayalseema,1997,402.5,0.398031799905335,0.28,0.041,-0.7666666666666666,Normal,South
Rayalseema,1998,546.1,36.21705631286535,0.99,0.044000000000000004,-1.1666666666666667,Excess (flood risk),South
Rayalseema,1999,268.8,-32.95157528493278,-0.98,-0.028333333333333335,0.9666666666666668,Deficient (drought risk),South
Rayalseema,2000,531.8,32.65012002780038,-0.81,0.13166666666666665,0.9666666666666667,Excess (flood risk),South
Rayalseema,2001,385.4,-3.8673255759415803,-0.34,0.08766666666666667,0.20000000000000004,Normal,South
Rayalseema,2002,281.6,-29.758793155643865,0.2,-0.22433333333333336,-0.3666666666666667,Deficient (drought risk),South
Rayalseema,2003,482.2,20.27808927680584,-0.04,-0.10066666666666668,-0.2333333333333333,Excess (flood risk),South
Rayalseema,2004,339.5,-15.316442742688544,0.17,-0.18899999999999997,0.16666666666666666,Deficient (drought risk),South
Rayalseema,2005,418.6,4.413953071901553,0.43,-0.12733333333333333,-0.3666666666666667,Normal,South
Rayalseema,2006,345.7,-13.769938898814226,-0.37,-0.14966666666666664,0.8000000000000002,Deficient (drought risk),South
Rayalseema,2007,665.0,65.87500906071317,-0.32,0.16166666666666668,0.0,Excess (flood risk),South
Rayalseema,2008,339.8,-15.241611911533331,-1.01,0.041,0.6666666666666665,Deficient (drought risk),South
Rayalseema,2009,386.4,-3.617889472090884,-0.33,0.161,0.3666666666666667,Normal,South
Rayalseema,2010,573.8,43.12643638952963,0.35,0.26633333333333337,0.4666666666666666,Excess (flood risk),South
Rayalseema,2011,408.2,1.819817591854302,-0.62,0.14400000000000002,1.6000000000000003,Normal,South
Rayalseema,2012,376.2,-6.162137731367985,-0.36,-0.205,0.13333333333333333,Normal,South
Rayalseema,2013,443.0,10.500194005858543,-0.19,-0.24,0.8333333333333334,Excess (flood risk),South
Rayalseema,2014,331.5,-17.311931573494117,0.15,-0.10033333333333333,0.13333333333333333,Deficient (drought risk),South
Rayalseema,2015,376.0,-6.212024952138122,0.81,-0.0030000000000000027,-0.4666666666666666,Normal,South
Rayalseema,2016,391.9,-2.2459909009120533,1.05,0.008333333333333326,-0.3,Normal,South
Rayalseema,2017,507.2,26.513991873073255,0.31,0.46366666666666667,0.3333333333333333,Excess (flood risk),South
Tamil Nadu,1950,298.1,-9.913989048455413,-1.18,-0.49166666666666664,,Normal,South
Tamil Nadu,1951,322.5,-2.540293418741607,0.18,-0.131,-0.3666666666666667,Normal,South
Tamil Nadu,1952,219.2,-33.7576195888005,0.29,0.01733333333333334,0.3666666666666667,Deficient (drought risk),South
Tamil Nadu,1953,396.5,19.822553982849467,0.66,0.15,-0.5666666666666667,Excess (flood risk),South
Tamil Nadu,1954,335.1,1.2674346523401234,-0.41,-0.2406666666666667,0.4666666666666666,Normal,South
Tamil Nadu,1955,337.4,1.9624961256328053,-0.8,-0.24033333333333332,0.5,Normal,South
Tamil Nadu,1956,369.6,11.693356751730557,-0.54,-0.29033333333333333,1.2,Excess (flood risk),South
Tamil Nadu,1957,263.6,-20.339911147845847,0.72,-0.27466666666666667,-0.09999999999999998,Deficient (drought risk),South
Tamil Nadu,1958,308.0,-6.922202706891209,0.93,-0.4056666666666667,0.06666666666666665,Normal,South
Tamil Nadu,1959,305.3,-7.738144436408717,0.33,-0.5406666666666666,0.7333333333333334,Normal,South
Tamil Nadu,1960,346.7,4.772962082859795,0.03,-0.6389999999999999,0.7666666666666666,Normal,South
Tamil Nadu,1961,405.7,22.602799876020246,0.09,-0.391,-0.2333333333333333,Excess (flood risk),South
Tamil Nadu,1962,345.9,4.531201570410158,-0.26,-0.016000000000000014,0.46666666666666673,Normal,South
Tamil Nadu,1963,346.8,4.803182146916006,0.27,-0.06133333333333333,0.7666666666666667,Normal,South
Tamil Nadu,1964,399.1,20.60827564831078,-0.33,-0.35200000000000004,0.8000000000000002,Excess (flood risk),South
Tamil Nadu,1965,351.4,6.193305093501387,0.18,-0.337,0.16666666666666666,Normal,South
Tamil Nadu,1966,437.5,32.21278024589317,0.66,-0.39966666666666667,-0.5,Excess (flood risk),South
Tamil Nadu,1967,295.9,-10.578830457691918,-0.45,-0.060000000000000005,0.39999999999999997,Deficient (drought risk),South
Tamil Nadu,1968,304.3,-8.040345076970759,-0.44,0.03433333333333333,0.43333333333333335,Normal,South
Tamil Nadu,1969,267.8,-19.070668457485272,0.77,-0.05200000000000001,-0.06666666666666667,Deficient (drought risk),South
Tamil Nadu,1970,341.3,3.141078623824777,0.19,0.15633333333333335,0.3,Normal,South
Tamil Nadu,1971,370.9,12.086217584461197,-0.85,0.12466666666666665,1.6333333333333335,Excess (flood risk),South
Tamil Nadu,1972,322.3,-2.600733546854012,0.41,0.106,-0.3666666666666667,Normal,South
Tamil Nadu,1973,373.7,12.932379378034916,-0.1,-0.011000000000000001,0.39999999999999997,Excess (flood risk),South
Tamil Nadu,1974,361.9,9.366411819402822,-1.03,-0.014333333333333328,1.4333333333333333,Normal,South
Tamil Nadu,1975,445.0,34.47928505010848,-0.73,-0.10366666666666667,1.1333333333333333,Excess (flood risk),South
Tamil Nadu,1976,326.1,-1.4523711127182501,-0.47,0.04599999999999999,0.7999999999999999,Normal,South
Tamil Nadu,1977,353.0,6.67682611840066,0.23,-0.06533333333333334,-0.4666666666666666,Normal,South
Tamil Nadu,1978,300.2,-9.279367703275136,-0.18,-0.44333333333333336,0.3,Normal,South
Tamil Nadu,1979,398.7,20.487395392085954,0.28,-0.22833333333333336,0.16666666666666666,Excess (flood risk),South
Tamil Nadu,1980,243.0,-26.56524434342391,0.38,-0.19333333333333336,-0.3333333333333333,Deficient (drought risk),South
Tamil Nadu,1981,466.3,40.91615869407997,-0.37,0.033666666666666664,-0.20000000000000004,Excess (flood risk),South
Tamil Nadu,1982,240.1,-27.441626201053833,0.47,0.132,0.13333333333333333,Deficient (drought risk),South
Tamil Nadu,1983,437.3,32.15234011778077,1.29,-0.45533333333333337,-0.8999999999999999,Excess (flood risk),South
Tamil Nadu,1984,382.4,15.561524950924674,-0.43,-0.12533333333333332,0.09999999999999999,Excess (flood risk),South
Tamil Nadu,1985,481.2,45.418948238454384,-0.78,-0.32133333333333336,0.7999999999999999,Excess (flood risk),South
Tamil Nadu,1986,387.7,17.1631883459035,-0.2,-0.21333333333333335,0.20000000000000004,Excess (flood risk),South
Tamil Nadu,1987,306.4,-7.4057237317904825,0.95,-0.04333333333333334,-1.3333333333333333,Normal,South
Tamil Nadu,1988,429.7,29.855615249509242,-0.31,-0.318,0.5333333333333333,Excess (flood risk),South
Tamil Nadu,1989,389.2,17.616489306746562,-0.83,-0.46433333333333326,1.3,Excess (flood risk),South
Tamil Nadu,1990,268.7,-18.798687880979443,0.29,-0.29233333333333333,0.3333333333333333,Deficient (drought risk),South
Tamil Nadu,1991,368.5,11.360936047112304,0.26,0.21,-0.7666666666666666,Excess (flood risk),South
Tamil Nadu,1992,361.4,9.215311499121801,1.29,-0.5910000000000001,-0.9,Normal,South
Tamil Nadu,1993,314.0,-5.10899886351896,0.67,-0.16766666666666666,-0.6666666666666666,Normal,South
Tamil Nadu,1994,264.2,-20.158590763508634,0.31,0.36566666666666664,-0.9,Deficient (drought risk),South
Tamil Nadu,1995,366.4,10.72631470193201,0.3,-0.17400000000000002,-0.09999999999999998,Excess (flood risk),South
Tamil Nadu,1996,434.3,31.245738196094642,-0.39,-0.24,0.7333333333333334,Excess (flood risk),South
Tamil Nadu,1997,286.3,-13.479956607087507,0.28,0.041,-0.7666666666666666,Deficient (drought risk),South
Tamil Nadu,1998,419.6,26.80338877983263,0.99,0.044000000000000004,-1.1666666666666667,Excess (flood risk),South
Tamil Nadu,1999,249.6,-24.570720115714437,-0.98,-0.028333333333333335,0.9666666666666668,Deficient (drought risk),South
Tamil Nadu,2000,403.9,22.058838723008567,-0.81,0.13166666666666665,0.9666666666666667,Excess (flood risk),South
Tamil Nadu,2001,149.5,-54.82100423597479,-0.34,0.08766666666666667,0.20000000000000004,Deficient (drought risk),South
Tamil Nadu,2002,94.2,-71.53269965905568,0.2,-0.22433333333333336,-0.3666666666666667,Deficient (drought risk),South
Tamil Nadu,2003,136.6,-58.71939249922513,-0.04,-0.10066666666666668,-0.2333333333333333,Deficient (drought risk),South
Tamil Nadu,2004,413.2,24.869304680235558,0.17,-0.18899999999999997,0.16666666666666666,Excess (flood risk),South
Tamil Nadu,2005,334.8,1.1767744601715076,0.43,-0.12733333333333333,-0.3666666666666667,Normal,South
Tamil Nadu,2006,280.6,-15.20250025829114,-0.37,-0.14966666666666664,0.8000000000000002,Deficient (drought risk),South
Tamil Nadu,2007,399.7,20.789596032647996,-0.32,0.16166666666666668,0.0,Excess (flood risk),South
Tamil Nadu,2008,321.5,-2.8424940593036485,-1.01,0.041,0.6666666666666665,Normal,South
Tamil Nadu,2009,280.4,-15.262940386403562,-0.33,0.161,0.3666666666666667,Deficient (drought risk),South
Tamil Nadu,2010,365.4,10.424114061369968,0.35,0.26633333333333337,0.4666666666666666,Excess (flood risk),South
Tamil Nadu,2011,306.4,-7.4057237317904825,-0.62,0.14400000000000002,1.6000000000000003,Normal,South
Tamil Nadu,2012,259.5,-21.578933774150222,-0.36,-0.205,0.13333333333333333,Deficient (drought risk),South
Tamil Nadu,2013,321.5,-2.8424940593036485,-0.19,-0.24,0.8333333333333334,Normal,South
Tamil Nadu,2014,315.1,-4.7765781589007075,0.15,-0.10033333333333333,0.13333333333333333,Normal,South
Tamil Nadu,2015,285.9,-13.600836863312333,0.81,-0.0030000000000000027,-0.4666666666666666,Deficient (drought risk),South
Tamil Nadu,2016,253.9,-23.271257361297653,1.05,0.008333333333333326,-0.3,Deficient (drought risk),South
Tamil Nadu,2017,414.6,25.292385577022426,0.31,0.46366666666666667,0.3333333333333333,Excess (flood risk),South
Coastal Karnataka,1950,3481.0,17.06631852344965,-1.18,-0.49166666666666664,,Excess (flood risk),South
Coastal Karnataka,1951,2733.6,-8.068805424963529,0.18,-0.131,-0.3666666666666667,Normal,South
Coastal Karnataka,1952,2414.8,-18.790075848771547,0.29,0.01733333333333334,0.3666666666666667,Deficient (drought risk),South
Coastal Karnataka,1953,3089.9,3.913593107040244,0.66,0.15,-0.5666666666666667,Normal,South
Coastal Karnataka,1954,3502.2,17.7792762806163,-0.41,-0.2406666666666667,0.4666666666666666,Excess (flood risk),South
Coastal Karnataka,1955,2762.4,-7.100259037869196,-0.8,-0.24033333333333332,0.5,Normal,South
Coastal Karnataka,1956,2944.5,-0.9762209444706984,-0.54,-0.29033333333333333,1.2,Normal,South
Coastal Karnataka,1957,2658.7,-10.587698633066484,0.72,-0.27466666666666667,-0.09999999999999998,Deficient (drought risk),South
Coastal Karnataka,1958,3287.9,10.572349518313736,0.93,-0.4056666666666667,0.06666666666666665,Excess (flood risk),South
Coastal Karnataka,1959,3947.1,32.74130015625054,0.33,-0.5406666666666666,0.7333333333333334,Excess (flood risk),South
Coastal Karnataka,1960,2804.7,-5.6777065318244135,0.03,-0.6389999999999999,0.7666666666666666,Normal,South
Coastal Karnataka,1961,4536.9,52.57632304195309,0.09,-0.391,-0.2333333333333333,Excess (flood risk),South
Coastal Karnataka,1962,3207.7,7.875216870919111,-0.26,-0.016000000000000014,0.46666666666666673,Normal,South
Coastal Karnataka,1963,2764.7,-7.022909847233199,0.27,-0.06133333333333333,0.7666666666666667,Normal,South
Coastal Karnataka,1964,2837.8,-4.564550788323631,-0.33,-0.35200000000000004,0.8000000000000002,Normal,South
Coastal Karnataka,1965,2574.2,-13.429440636867545,0.18,-0.337,0.16666666666666666,Deficient (drought risk),South
Coastal Karnataka,1966,2278.2,-23.383945170892567,0.66,-0.39966666666666667,-0.5,Deficient (drought risk),South
Coastal Karnataka,1967,2937.8,-1.2015424998016642,-0.45,-0.060000000000000005,0.39999999999999997,Normal,South
Coastal Karnataka,1968,3138.3,5.541289118684879,-0.44,0.03433333333333333,0.43333333333333335,Normal,South
Coastal Karnataka,1969,2989.6,0.5404957936527053,0.77,-0.05200000000000001,-0.06666666666666667,Normal,South
Coastal Karnataka,1970,3562.2,19.79708125372948,0.19,0.15633333333333335,0.3,Excess (flood risk),South
Coastal Karnataka,1971,2878.4,-3.1991694231837156,-0.85,0.12466666666666665,1.6333333333333335,Normal,South
Coastal Karnataka,1972,2439.8,-17.94932377664106,0.41,0.106,-0.3666666666666667,Deficient (drought risk),South
Coastal Karnataka,1973,2842.0,-4.4233044402057144,-0.1,-0.011000000000000001,0.39999999999999997,Normal,South
Coastal Karnataka,1974,3044.1,2.3733353108971773,-1.03,-0.014333333333333328,1.4333333333333333,Normal,South
Coastal Karnataka,1975,3919.1,31.799657835464384,-0.73,-0.10366666666666667,1.1333333333333333,Excess (flood risk),South
Coastal Karnataka,1976,2670.6,-10.187500646732367,-0.47,0.04599999999999999,0.7999999999999999,Deficient (drought risk),South
Coastal Karnataka,1977,2853.6,-4.033195478737169,0.23,-0.06533333333333334,-0.4666666666666666,Normal,South
Coastal Karnataka,1978,3387.2,13.911816748816042,-0.18,-0.44333333333333336,0.3,Excess (flood risk),South
Coastal Karnataka,1979,2556.0,-14.041508145378536,0.28,-0.22833333333333336,0.16666666666666666,Deficient (drought risk),South
Coastal Karnataka,1980,3455.2,16.19866238501098,0.38,-0.19333333333333336,-0.3333333333333333,Excess (flood risk),South
Coastal Karnataka,1981,3591.0,20.765627640823816,-0.37,0.033666666666666664,-0.20000000000000004,Excess (flood risk),South
Coastal Karnataka,1982,3798.2,27.733780814641324,0.47,0.132,0.13333333333333333,Excess (flood risk),South
Coastal Karnataka,1983,3701.5,24.481751799640588,1.29,-0.45533333333333337,-0.8999999999999999,Excess (flood risk),South
Coastal Karnataka,1984,3004.6,1.0449470369310003,-0.43,-0.12533333333333332,0.09999999999999999,Normal,South
Coastal Karnataka,1985,2621.3,-11.845463732973688,-0.78,-0.32133333333333336,0.7999999999999999,Deficient (drought risk),South
Coastal Karnataka,1986,2685.0,-9.703227453185201,-0.2,-0.21333333333333335,0.20000000000000004,Normal,South
Coastal Karnataka,1987,2329.0,-21.675536960323402,0.95,-0.04333333333333334,-1.3333333333333333,Deficient (drought risk),South
Coastal Karnataka,1988,3269.5,9.953555993225692,-0.31,-0.318,0.5333333333333333,Normal,South
Coastal Karnataka,1989,2960.9,-0.4246875851530929,-0.83,-0.46433333333333326,1.3,Normal,South
Coastal Karnataka,1990,3460.2,16.366812799437078,0.29,-0.29233333333333333,0.3333333333333333,Excess (flood risk),South
Coastal Karnataka,1991,3417.5,14.930808260238202,0.26,0.21,-0.7666666666666666,Excess (flood risk),South
Coastal Karnataka,1992,3412.6,14.766020854100622,1.29,-0.5910000000000001,-0.9,Excess (flood risk),South
Coastal Karnataka,1993,2944.8,-0.9661319196051266,0.67,-0.16766666666666666,-0.6666666666666666,Normal,South
Coastal Karnataka,1994,4144.4,39.37651550950436,0.31,0.36566666666666664,-0.9,Excess (flood risk),South
Coastal Karnataka,1995,2945.0,-0.9594059030280886,0.3,-0.17400000000000002,-0.09999999999999998,Normal,South
Coastal Karnataka,1996,2816.8,-5.2707825289132435,-0.39,-0.24,0.7333333333333334,Normal,South
Coastal Karnataka,1997,3575.8,20.254450380968482,0.28,0.041,-0.7666666666666666,Excess (flood risk),South
Coastal Karnataka,1998,3265.1,9.805583628530723,0.99,0.044000000000000004,-1.1666666666666667,Normal,South
Coastal Karnataka,1999,3084.9,3.7454426926141453,-0.98,-0.028333333333333335,0.9666666666666668,Normal,South
Coastal Karnataka,2000,2903.3,-2.3617803593417426,-0.81,0.13166666666666665,0.9666666666666667,Normal,South
Coastal Karnataka,2001,2663.1,-10.439726268371514,-0.34,0.08766666666666667,0.20000000000000004,Deficient (drought risk),South
Coastal Karnataka,2002,2205.0,-25.84566723809064,0.2,-0.22433333333333336,-0.3666666666666667,Deficient (drought risk),South
Coastal Karnataka,2003,2817.9,-5.233789437739505,-0.04,-0.10066666666666668,-0.2333333333333333,Normal,South
Coastal Karnataka,2004,2552.8,-14.149124410611236,0.17,-0.18899999999999997,0.16666666666666666,Deficient (drought risk),South
Coastal Karnataka,2005,3147.2,5.840596856363321,0.43,-0.12733333333333333,-0.3666666666666667,Normal,South
Coastal Karnataka,2006,3160.6,6.291239967025268,-0.37,-0.14966666666666664,0.8000000000000002,Normal,South
Coastal Karnataka,2007,3567.2,19.96523166815558,-0.32,0.16166666666666668,0.0,Excess (flood risk),South
Coastal Karnataka,2008,2808.1,-5.563364250014664,-1.01,0.041,0.6666666666666665,Normal,South
Coastal Karnataka,2009,3246.0,9.163249045423031,-0.33,0.161,0.3666666666666667,Normal,South
Coastal Karnataka,2010,2988.9,0.5169547356330577,0.35,0.26633333333333337,0.4666666666666666,Normal,South
Coastal Karnataka,2011,3505.4,17.886892545849015,-0.62,0.14400000000000002,1.6000000000000003,Excess (flood risk),South
Coastal Karnataka,2012,2815.1,-5.327953669818126,-0.36,-0.205,0.13333333333333333,Normal,South
Coastal Karnataka,2013,3727.6,25.359496962944817,-0.19,-0.24,0.8333333333333334,Excess (flood risk),South
Coastal Karnataka,2014,3162.6,6.358500132795706,0.15,-0.10033333333333333,0.13333333333333333,Normal,South
Coastal Karnataka,2015,2501.8,-15.86425863775744,0.81,-0.0030000000000000027,-0.4666666666666666,Deficient (drought risk),South
Coastal Karnataka,2016,2423.5,-18.497494127670144,1.05,0.008333333333333326,-0.3,Deficient (drought risk),South
Coastal Karnataka,2017,2593.2,-12.790469062048373,0.31,0.46366666666666667,0.3333333333333333,Deficient (drought risk),South
North Interior Karnataka,1950,518.8,3.289459130627135,-1.18,-0.49166666666666664,,Normal,South
North Interior Karnataka,1951,510.4,1.617077756885297,0.18,-0.131,-0.3666666666666667,Normal,South
North Interior Karnataka,1952,334.8,-33.34365667514655,0.29,0.01733333333333334,0.3666666666666667,Deficient (drought risk),South
North Interior Karnataka,1953,598.0,19.05762636876452,0.66,0.15,-0.5666666666666667,Excess (flood risk),South
North Interior Karnataka,1954,527.4,5.001659108505693,-0.41,-0.2406666666666667,0.4666666666666666,Normal,South
North Interior Karnataka,1955,690.0,37.374184271651366,-0.8,-0.24033333333333332,0.5,Excess (flood risk),South
North Interior Karnataka,1956,673.7,34.12896803450947,-0.54,-0.29033333333333333,1.2,Excess (flood risk),South
North Interior Karnataka,1957,538.6,7.231500940161492,0.72,-0.27466666666666667,-0.09999999999999998,Normal,South
North Interior Karnataka,1958,480.9,-4.256166353279508,0.93,-0.4056666666666667,0.06666666666666665,Normal,South
North Interior Karnataka,1959,557.7,11.034177635217354,0.33,-0.5406666666666666,0.7333333333333334,Excess (flood risk),South
North Interior Karnataka,1960,526.5,4.8224753898905,0.03,-0.6389999999999999,0.7666666666666666,Normal,South
North Interior Karnataka,1961,456.9,-9.034398849684774,0.09,-0.391,-0.2333333333333333,Normal,South
North Interior Karnataka,1962,532.6,6.036942816060177,-0.26,-0.016000000000000014,0.46666666666666673,Normal,South
North Interior Karnataka,1963,445.4,-11.323968587545629,0.27,-0.06133333333333333,0.7666666666666667,Deficient (drought risk),South
North Interior Karnataka,1964,727.6,44.86008184935296,-0.33,-0.35200000000000004,0.8000000000000002,Excess (flood risk),South
North Interior Karnataka,1965,566.4,12.76628691516425,0.18,-0.337,0.16666666666666666,Excess (flood risk),South
North Interior Karnataka,1966,455.8,-9.253401172436673,0.66,-0.39966666666666667,-0.5,Normal,South
North Interior Karnataka,1967,475.6,-5.311359362902328,-0.45,-0.060000000000000005,0.39999999999999997,Normal,South
North Interior Karnataka,1968,504.8,0.5021568410574087,-0.44,0.03433333333333333,0.43333333333333335,Normal,South
North Interior Karnataka,1969,521.2,3.7672823802676803,0.77,-0.05200000000000001,-0.06666666666666667,Normal,South
North Interior Karnataka,1970,585.3,16.52914500608339,0.19,0.15633333333333335,0.3,Excess (flood risk),South
North Interior Karnataka,1971,385.9,-23.170003318217013,-0.85,0.12466666666666665,1.6333333333333335,Deficient (drought risk),South
North Interior Karnataka,1972,347.3,-30.85499391660214,0.41,0.106,-0.3666666666666667,Deficient (drought risk),South
North Interior Karnataka,1973,492.1,-2.0263245216237085,-0.1,-0.011000000000000001,0.39999999999999997,Normal,South
North Interior Karnataka,1974,527.0,4.922021900232276,-1.03,-0.014333333333333328,1.4333333333333333,Normal,South
North Interior Karnataka,1975,667.2,32.834863400066375,-0.73,-0.10366666666666667,1.1333333333333333,Excess (flood risk),South
North Interior Karnataka,1976,436.1,-13.17553367990266,-0.47,0.04599999999999999,0.7999999999999999,Deficient (drought risk),South
North Interior Karnataka,1977,521.2,3.7672823802676803,0.23,-0.06533333333333334,-0.4666666666666666,Normal,South
North Interior Karnataka,1978,633.0,26.025882092688864,-0.18,-0.44333333333333336,0.3,Excess (flood risk),South
North Interior Karnataka,1979,727.3,44.800353943147876,0.28,-0.22833333333333336,0.16666666666666666,Excess (flood risk),South
North Interior Karnataka,1980,572.5,13.980754341333926,0.38,-0.19333333333333336,-0.3333333333333333,Excess (flood risk),South
North Interior Karnataka,1981,724.6,44.2628027873023,-0.37,0.033666666666666664,-0.20000000000000004,Excess (flood risk),South
North Interior Karnataka,1982,479.3,-4.574715186373186,0.47,0.132,0.13333333333333333,Normal,South
North Interior Karnataka,1983,669.7,33.332595951775254,1.29,-0.45533333333333337,-0.8999999999999999,Excess (flood risk),South
North Interior Karnataka,1984,470.7,-6.2869151642517425,-0.43,-0.12533333333333332,0.09999999999999999,Normal,South
North Interior Karnataka,1985,339.8,-32.34819157172879,-0.78,-0.32133333333333336,0.7999999999999999,Deficient (drought risk),South
North Interior Karnataka,1986,444.1,-11.58278951443424,-0.2,-0.21333333333333335,0.20000000000000004,Deficient (drought risk),South
North Interior Karnataka,1987,483.1,-3.818161707775683,0.95,-0.04333333333333334,-1.3333333333333333,Normal,South
North Interior Karnataka,1988,681.4,35.66198429377281,-0.31,-0.318,0.5333333333333333,Excess (flood risk),South
North Interior Karnataka,1989,569.0,13.283928768941491,-0.83,-0.46433333333333326,1.3,Excess (flood risk),South
North Interior Karnataka,1990,460.1,-8.397301183497396,0.29,-0.29233333333333333,0.3333333333333333,Normal,South
North Interior Karnataka,1991,552.9,10.078531135936288,0.26,0.21,-0.7666666666666666,Excess (flood risk),South
North Interior Karnataka,1992,414.1,-17.555580134940822,1.29,-0.5910000000000001,-0.9,Deficient (drought risk),South
North Interior Karnataka,1993,427.1,-14.967370866054635,0.67,-0.16766666666666666,-0.6666666666666666,Deficient (drought risk),South
North Interior Karnataka,1994,381.7,-24.006194005087934,0.31,0.36566666666666664,-0.9,Deficient (drought risk),South
North Interior Karnataka,1995,416.5,-17.077756885300296,0.3,-0.17400000000000002,-0.09999999999999998,Deficient (drought risk),South
North Interior Karnataka,1996,601.4,19.73454263908859,-0.39,-0.24,0.7333333333333334,Excess (flood risk),South
North Interior Karnataka,1997,852.7,69.76661873686541,0.28,0.041,-0.7666666666666666,Excess (flood risk),South
North Interior Karnataka,1998,626.7,24.77159606238249,0.99,0.044000000000000004,-1.1666666666666667,Excess (flood risk),South
North Interior Karnataka,1999,410.7,-18.232496405264907,-0.98,-0.028333333333333335,0.9666666666666668,Deficient (drought risk),South
North Interior Karnataka,2000,533.6,6.236035836743729,-0.81,0.13166666666666665,0.9666666666666667,Normal,South
North Interior Karnataka,2001,418.9,-16.599933635659774,-0.34,0.08766666666666667,0.20000000000000004,Deficient (drought risk),South
North Interior Karnataka,2002,333.4,-33.62238690410353,0.2,-0.22433333333333336,-0.3666666666666667,Deficient (drought risk),South
North Interior Karnataka,2003,329.7,-34.359031080632676,-0.04,-0.10066666666666668,-0.2333333333333333,Deficient (drought risk),South
North Interior Karnataka,2004,445.2,-11.363787191682336,0.17,-0.18899999999999997,0.16666666666666666,Deficient (drought risk),South
North Interior Karnataka,2005,601.0,19.654905430815177,0.43,-0.12733333333333333,-0.3666666666666667,Excess (flood risk),South
North Interior Karnataka,2006,470.0,-6.426280278730228,-0.37,-0.14966666666666664,0.8000000000000002,Normal,South
North Interior Karnataka,2007,681.5,35.68189359584117,-0.32,0.16166666666666668,0.0,Excess (flood risk),South
North Interior Karnataka,2008,452.3,-9.95022674482911,-1.01,0.041,0.6666666666666665,Normal,South
North Interior Karnataka,2009,597.9,19.037717066696157,-0.33,0.161,0.3666666666666667,Excess (flood risk),South
North Interior Karnataka,2010,630.4,25.508240238911622,0.35,0.26633333333333337,0.4666666666666666,Excess (flood risk),South
North Interior Karnataka,2011,473.1,-5.80909191461121,-0.62,0.14400000000000002,1.6000000000000003,Normal,South
North Interior Karnataka,2012,359.3,-28.465877668399507,-0.36,-0.205,0.13333333333333333,Deficient (drought risk),South
North Interior Karnataka,2013,534.9,6.494856763632338,-0.19,-0.24,0.8333333333333334,Normal,South
North Interior Karnataka,2014,482.5,-3.937617520185819,0.15,-0.10033333333333333,0.13333333333333333,Normal,South
North Interior Karnataka,2015,357.2,-28.883973011834975,0.81,-0.0030000000000000027,-0.4666666666666666,Deficient (drought risk),South
North Interior Karnataka,2016,524.3,4.384470744386675,1.05,0.008333333333333326,-0.3,Normal,South
North Interior Karnataka,2017,520.5,3.6279172657891836,0.31,0.46366666666666667,0.3333333333333333,Normal,South
South Interior Karnataka,1950,663.3,-2.8484692951434423,-1.18,-0.49166666666666664,,Normal,South
South Interior Karnataka,1951,584.7,-14.360771893367048,0.18,-0.131,-0.3666666666666667,Deficient (drought risk),South
South Interior Karnataka,1952,505.8,-25.91701457784343,0.29,0.01733333333333334,0.3666666666666667,Deficient (drought risk),South
South Interior Karnataka,1953,836.8,22.563547254370526,0.66,0.15,-0.5666666666666667,Excess (flood risk),South
South Interior Karnataka,1954,670.3,-1.8232006159123313,-0.41,-0.2406666666666667,0.4666666666666666,Normal,South
South Interior Karnataka,1955,577.5,-15.415333963433339,-0.8,-0.24033333333333332,0.5,Deficient (drought risk),South
South Interior Karnataka,1956,718.1,5.177919793694408,-0.54,-0.29033333333333333,1.2,Normal,South
South Interior Karnataka,1957,611.6,-10.420810826036067,0.72,-0.27466666666666667,-0.09999999999999998,Deficient (drought risk),South
South Interior Karnataka,1958,828.2,21.30393144845803,0.93,-0.4056666666666667,0.06666666666666665,Excess (flood risk),South
South Interior Karnataka,1959,1071.8,56.98328148570068,0.33,-0.5406666666666666,0.7333333333333334,Excess (flood risk),South
South Interior Karnataka,1960,661.2,-3.156049898912762,0.03,-0.6389999999999999,0.7666666666666666,Normal,South
South Interior Karnataka,1961,996.2,45.910379750004694,0.09,-0.391,-0.2333333333333333,Excess (flood risk),South
South Interior Karnataka,1962,794.2,16.324055006478346,-0.26,-0.016000000000000014,0.46666666666666673,Excess (flood risk),South
South Interior Karnataka,1963,631.1,-7.564705219606544,0.27,-0.06133333333333333,0.7666666666666667,Normal,South
South Interior Karnataka,1964,890.3,30.399529302779733,-0.33,-0.35200000000000004,0.8000000000000002,Excess (flood risk),South
South Interior Karnataka,1965,597.5,-12.485994879915879,0.18,-0.337,0.16666666666666666,Deficient (drought risk),South
South Interior Karnataka,1966,617.8,-9.512715710145663,0.66,-0.39966666666666667,-0.5,Normal,South
South Interior Karnataka,1967,701.8,2.790508440627668,-0.45,-0.060000000000000005,0.39999999999999997,Normal,South
South Interior Karnataka,1968,739.2,8.268372526805331,-0.44,0.03433333333333333,0.43333333333333335,Normal,South
South Interior Karnataka,1969,710.6,4.079417637375361,0.77,-0.05200000000000001,-0.06666666666666667,Normal,South
South Interior Karnataka,1970,645.0,-5.528814556561912,0.19,0.15633333333333335,0.3,Normal,South
South Interior Karnataka,1971,721.7,5.705200828727555,-0.85,0.12466666666666665,1.6333333333333335,Normal,South
South Interior Karnataka,1972,642.0,-5.968215419089531,0.41,0.106,-0.3666666666666667,Normal,South
South Interior Karnataka,1973,786.5,15.196259459324118,-0.1,-0.011000000000000001,0.39999999999999997,Excess (flood risk),South
South Interior Karnataka,1974,754.5,10.509316925696183,-1.03,-0.014333333333333328,1.4333333333333333,Excess (flood risk),South
South Interior Karnataka,1975,962.2,40.93050330802501,-0.73,-0.10366666666666667,1.1333333333333333,Excess (flood risk),South
South Interior Karnataka,1976,503.1,-26.312475354118288,-0.47,0.04599999999999999,0.7999999999999999,Deficient (drought risk),South
South Interior Karnataka,1977,697.1,2.102113756001075,0.23,-0.06533333333333334,-0.4666666666666666,Normal,South
South Interior Karnataka,1978,857.9,25.653999987481445,-0.18,-0.44333333333333336,0.3,Excess (flood risk),South
South Interior Karnataka,1979,809.6,18.57964610078679,0.28,-0.22833333333333336,0.16666666666666666,Excess (flood risk),South
South Interior Karnataka,1980,857.1,25.536826424140756,0.38,-0.19333333333333336,-0.3333333333333333,Excess (flood risk),South
South Interior Karnataka,1981,880.2,28.920213065603427,-0.37,0.033666666666666664,-0.20000000000000004,Excess (flood risk),South
South Interior Karnataka,1982,735.8,7.770384882607351,0.47,0.132,0.13333333333333333,Normal,South
South Interior Karnataka,1983,870.3,27.47019021926227,1.29,-0.45533333333333337,-0.8999999999999999,Excess (flood risk),South
South Interior Karnataka,1984,742.4,8.737066780168115,-0.43,-0.12533333333333332,0.09999999999999999,Normal,South
South Interior Karnataka,1985,644.0,-5.6752815107377845,-0.78,-0.32133333333333336,0.7999999999999999,Normal,South
South Interior Karnataka,1986,743.4,8.883533734343988,-0.2,-0.21333333333333335,0.20000000000000004,Normal,South
South Interior Karnataka,1987,542.3,-20.570970750424074,0.95,-0.04333333333333334,-1.3333333333333333,Deficient (drought risk),South
South Interior Karnataka,1988,794.6,16.382641788148693,-0.31,-0.318,0.5333333333333333,Excess (flood risk),South
South Interior Karnataka,1989,715.7,4.826399103672316,-0.83,-0.46433333333333326,1.3,Normal,South
South Interior Karnataka,1990,531.3,-22.18210724635868,0.29,-0.29233333333333333,0.3333333333333333,Deficient (drought risk),South
South Interior Karnataka,1991,792.2,16.0311210981266,0.26,0.21,-0.7666666666666666,Excess (flood risk),South
South Interior Karnataka,1992,832.9,21.99232613308462,1.29,-0.5910000000000001,-0.9,Excess (flood risk),South
South Interior Karnataka,1993,648.9,-4.95759343527601,0.67,-0.16766666666666666,-0.6666666666666666,Normal,South
South Interior Karnataka,1994,750.4,9.908802413575101,0.31,0.36566666666666664,-0.9,Normal,South
South Interior Karnataka,1995,643.4,-5.763161683243312,0.3,-0.17400000000000002,-0.09999999999999998,Normal,South
South Interior Karnataka,1996,767.5,12.41338732998253,-0.39,-0.24,0.7333333333333334,Excess (flood risk),South
South Interior Karnataka,1997,785.8,15.093732591401002,0.28,0.041,-0.7666666666666666,Excess (flood risk),South
South Interior Karnataka,1998,815.4,19.429154435006847,0.99,0.044000000000000004,-1.1666666666666667,Excess (flood risk),South
South Interior Karnataka,1999,665.9,-2.4676552142861694,-0.98,-0.028333333333333335,0.9666666666666668,Normal,South
South Interior Karnataka,2000,852.1,24.80449165326139,-0.81,0.13166666666666665,0.9666666666666667,Excess (flood risk),South
South Interior Karnataka,2001,637.2,-6.6712567991337135,-0.34,0.08766666666666667,0.20000000000000004,Normal,South
South Interior Karnataka,2002,454.5,-33.43076932706572,0.2,-0.22433333333333336,-0.3666666666666667,Deficient (drought risk),South
South Interior Karnataka,2003,484.9,-28.978173920119183,-0.04,-0.10066666666666668,-0.2333333333333333,Deficient (drought risk),South
South Interior Karnataka,2004,716.8,4.987512753265763,0.17,-0.18899999999999997,0.16666666666666666,Normal,South
South Interior Karnataka,2005,851.0,24.643378003667927,0.43,-0.12733333333333333,-0.3666666666666667,Excess (flood risk),South
South Interior Karnataka,2006,695.3,1.8384732384844937,-0.37,-0.14966666666666664,0.8000000000000002,Normal,South
South Interior Karnataka,2007,927.9,35.90668677979256,-0.32,0.16166666666666668,0.0,Excess (flood risk),South
South Interior Karnataka,2008,764.4,11.959339772037323,-1.01,0.041,0.6666666666666665,Excess (flood risk),South
South Interior Karnataka,2009,827.5,21.20140458053491,-0.33,0.161,0.3666666666666667,Excess (flood risk),South
South Interior Karnataka,2010,743.1,8.839593648091233,0.35,0.26633333333333337,0.4666666666666666,Normal,South
South Interior Karnataka,2011,690.2,1.0914917721875548,-0.62,0.14400000000000002,1.6000000000000003,Normal,South
South Interior Karnataka,2012,563.5,-17.465871321895563,-0.36,-0.205,0.13333333333333333,Deficient (drought risk),South
South Interior Karnataka,2013,827.1,21.142817798864566,-0.19,-0.24,0.8333333333333334,Excess (flood risk),South
South Interior Karnataka,2014,794.5,16.367995092731103,0.15,-0.10033333333333333,0.13333333333333333,Excess (flood risk),South
South Interior Karnataka,2015,631.8,-7.462178351683442,0.81,-0.0030000000000000027,-0.4666666666666666,Normal,South
South Interior Karnataka,2016,517.4,-24.21799790940331,1.05,0.008333333333333326,-0.3,Deficient (drought risk),South
South Interior Karnataka,2017,665.2,-2.5701820822092705,0.31,0.46366666666666667,0.3333333333333333,Normal,South
Kerala,1950,2342.9,16.233264288031283,-1.18,-0.49166666666666664,,Excess (flood risk),South
Kerala,1951,1823.0,-9.559417475316481,0.18,-0.131,-0.3666666666666667,Normal,South
Kerala,1952,1477.7,-26.690044543760372,0.29,0.01733333333333334,0.3666666666666667,Deficient (drought risk),South
Kerala,1953,1825.1,-9.455234686889806,0.66,0.15,-0.5666666666666667,Normal,South
Kerala,1954,2107.4,4.549908728753733,-0.41,-0.2406666666666667,0.4666666666666666,Normal,South
Kerala,1955,1849.7,-8.234807736748706,-0.8,-0.24033333333333332,0.5,Normal,South
Kerala,1956,1720.1,-14.664374108223747,-0.54,-0.29033333333333333,1.2,Deficient (drought risk),South
Kerala,1957,2107.4,4.549908728753733,0.72,-0.27466666666666667,-0.09999999999999998,Normal,South
Kerala,1958,1948.7,-3.3233334252052784,0.93,-0.4056666666666667,0.06666666666666665,Normal,South
Kerala,1959,2831.2,40.45824313981567,0.33,-0.5406666666666666,0.7333333333333334,Excess (flood risk),South
Kerala,1960,1939.2,-3.79463651570692,0.03,-0.6389999999999999,0.7666666666666666,Normal,South
Kerala,1961,3229.3,60.20832317441608,0.09,-0.391,-0.2333333333333333,Excess (flood risk),South
Kerala,1962,2101.6,4.262165789289564,-0.26,-0.016000000000000014,0.46666666666666673,Normal,South
Kerala,1963,1848.5,-8.29434075870681,0.27,-0.06133333333333333,0.7666666666666667,Normal,South
Kerala,1964,2079.8,3.180649223717389,-0.33,-0.35200000000000004,0.8000000000000002,Normal,South
Kerala,1965,1508.9,-25.142185972849713,0.18,-0.337,0.16666666666666666,Deficient (drought risk),South
Kerala,1966,1593.3,-20.95503009512987,0.66,-0.39966666666666667,-0.5,Deficient (drought risk),South
Kerala,1967,1937.3,-3.888897133807253,-0.45,-0.060000000000000005,0.39999999999999997,Normal,South
Kerala,1968,2711.4,34.51486311433182,-0.44,0.03433333333333333,0.43333333333333335,Excess (flood risk),South
Kerala,1969,1870.6,-7.1979409376451,0.77,-0.05200000000000001,-0.06666666666666667,Normal,South
Kerala,1970,1860.7,-7.689088368799436,0.19,0.15633333333333335,0.3,Normal,South
Kerala,1971,2254.6,11.85262608894759,-0.85,0.12466666666666665,1.6333333333333335,Excess (flood risk),South
Kerala,1972,1596.8,-20.78139211441874,0.41,0.106,-0.3666666666666667,Deficient (drought risk),South
Kerala,1973,1749.2,-13.220698325739761,-0.1,-0.011000000000000001,0.39999999999999997,Deficient (drought risk),South
Kerala,1974,2188.2,8.558465540599265,-1.03,-0.014333333333333328,1.4333333333333333,Normal,South
Kerala,1975,2529.3,25.48072703218982,-0.73,-0.10366666666666667,1.1333333333333333,Excess (flood risk),South
Kerala,1976,1297.1,-35.64976434845475,-0.47,0.04599999999999999,0.7999999999999999,Deficient (drought risk),South
Kerala,1977,1788.5,-11.270991856611918,0.23,-0.06533333333333334,-0.4666666666666666,Deficient (drought risk),South
Kerala,1978,2081.1,3.2451433308386526,-0.18,-0.44333333333333336,0.3,Normal,South
Kerala,1979,1840.5,-8.691227571760825,0.28,-0.22833333333333336,0.16666666666666666,Normal,South
Kerala,1980,2077.5,3.066544264964351,0.38,-0.19333333333333336,-0.3333333333333333,Normal,South
Kerala,1981,2274.4,12.834920951256285,-0.37,0.033666666666666664,-0.20000000000000004,Excess (flood risk),South
Kerala,1982,1689.2,-16.19734942364487,0.47,0.132,0.13333333333333333,Deficient (drought risk),South
Kerala,1983,1906.9,-5.397067023412501,1.29,-0.45533333333333337,-0.8999999999999999,Normal,South
Kerala,1984,1951.6,-3.179461955473205,-0.43,-0.12533333333333332,0.09999999999999999,Normal,South
Kerala,1985,1650.4,-18.122250466956835,-0.78,-0.32133333333333336,0.7999999999999999,Deficient (drought risk),South
Kerala,1986,1498.4,-25.663099914983107,-0.2,-0.21333333333333335,0.20000000000000004,Deficient (drought risk),South
Kerala,1987,1347.2,-33.164260681703986,0.95,-0.04333333333333334,-1.3333333333333333,Deficient (drought risk),South
Kerala,1988,1845.7,-8.433251143275713,-0.31,-0.318,0.5333333333333333,Normal,South
Kerala,1989,1664.7,-17.412815288622788,-0.83,-0.46433333333333326,1.3,Deficient (drought risk),South
Kerala,1990,1638.0,-18.737425027190564,0.29,-0.29233333333333333,0.3333333333333333,Deficient (drought risk),South
Kerala,1991,2515.6,24.80105836483481,0.26,0.21,-0.7666666666666666,Excess (flood risk),South
Kerala,1992,2392.5,18.693962528966164,1.29,-0.5910000000000001,-0.9,Excess (flood risk),South
Kerala,1993,1823.1,-9.554456390153309,0.67,-0.16766666666666666,-0.6666666666666666,Normal,South
Kerala,1994,2493.0,23.67985311795722,0.31,0.36566666666666664,-0.9,Excess (flood risk),South
Kerala,1995,1933.2,-4.092301625497432,0.3,-0.17400000000000002,-0.09999999999999998,Normal,South
Kerala,1996,1938.5,-3.8293641118491486,-0.39,-0.24,0.7333333333333334,Normal,South
Kerala,1997,2342.9,16.233264288031283,0.28,0.041,-0.7666666666666666,Excess (flood risk),South
Kerala,1998,2263.4,12.289201583307014,0.99,0.044000000000000004,-1.1666666666666667,Excess (flood risk),South
Kerala,1999,1661.9,-17.55172567319169,-0.98,-0.028333333333333335,0.9666666666666668,Deficient (drought risk),South
Kerala,2000,1739.4,-13.706884671730926,-0.81,0.13166666666666665,0.9666666666666667,Deficient (drought risk),South
Kerala,2001,1892.0,-6.136268712725608,-0.34,0.08766666666666667,0.20000000000000004,Normal,South
Kerala,2002,1359.0,-32.57885263244931,0.2,-0.22433333333333336,-0.3666666666666667,Deficient (drought risk),South
Kerala,2003,1542.6,-23.47030027285969,-0.04,-0.10066666666666668,-0.2333333333333333,Deficient (drought risk),South
Kerala,2004,1669.5,-17.17468320079038,0.17,-0.18899999999999997,0.16666666666666666,Deficient (drought risk),South
Kerala,2005,2157.6,7.040373480667665,0.43,-0.12733333333333333,-0.3666666666666667,Normal,South
Kerala,2006,2193.8,8.836286309737092,-0.37,-0.14966666666666664,0.8000000000000002,Normal,South
Kerala,2007,2688.5,33.378774611964694,-0.32,0.16166666666666668,0.0,Excess (flood risk),South
Kerala,2008,1670.9,-17.105228008505925,-1.01,0.041,0.6666666666666665,Deficient (drought risk),South
Kerala,2009,1958.9,-2.8173027385614073,-0.33,0.161,0.3666666666666667,Normal,South
Kerala,2010,1928.0,-4.350278053982542,0.35,0.26633333333333337,0.4666666666666666,Normal,South
Kerala,2011,2209.1,9.595332339702882,-0.62,0.14400000000000002,1.6000000000000003,Normal,South
Kerala,2012,1535.6,-23.81757623428195,-0.36,-0.205,0.13333333333333333,Deficient (drought risk),South
Kerala,2013,2561.2,27.063313199242682,-0.19,-0.24,0.8333333333333334,Excess (flood risk),South
Kerala,2014,2164.8,7.397571612416291,0.15,-0.10033333333333333,0.13333333333333333,Normal,South
Kerala,2015,1514.7,-24.854443033385557,0.81,-0.0030000000000000027,-0.4666666666666666,Deficient (drought risk),South
Kerala,2016,1352.3,-32.91124533838205,1.05,0.008333333333333326,-0.3,Deficient (drought risk),South
Kerala,2017,1856.5,-7.897453945652797,0.31,0.46366666666666667,0.3333333333333333,Normal,South
Lakshadweep,1950,1009.9,2.7844139699594823,-1.18,-0.49166666666666664,,Normal,South
Lakshadweep,1951,1169.0,18.97710657578239,0.18,-0.131,-0.3666666666666667,Excess (flood risk),South
Lakshadweep,1952,619.3,-36.96961325715823,0.29,0.01733333333333334,0.3666666666666667,Deficient (drought risk),South
Lakshadweep,1953,937.7,-4.563872680828782,0.66,0.15,-0.5666666666666667,Normal,South
Lakshadweep,1954,991.1,0.871009689698829,-0.41,-0.2406666666666667,0.4666666666666666,Normal,South
Lakshadweep,1955,926.6,-5.693595420769918,-0.8,-0.24033333333333332,0.5,Normal,South
Lakshadweep,1956,705.5,-28.196451078516272,-0.54,-0.29033333333333333,1.2,Deficient (drought risk),South
Lakshadweep,1957,636.1,-35.259762623733806,0.72,-0.27466666666666667,-0.09999999999999998,Deficient (drought risk),South
Lakshadweep,1958,646.1,-34.2419943895526,0.93,-0.4056666666666667,0.06666666666666665,Deficient (drought risk),South
Lakshadweep,1959,877.9,-10.650126721232372,0.33,-0.5406666666666666,0.7333333333333334,Deficient (drought risk),South
Lakshadweep,1960,823.8,-16.15625286815267,0.03,-0.6389999999999999,0.7666666666666666,Deficient (drought risk),South
Lakshadweep,1961,1334.5,35.82117085148126,0.09,-0.391,-0.2333333333333333,Excess (flood risk),South
Lakshadweep,1962,842.3,-14.273381634917449,-0.26,-0.016000000000000014,0.46666666666666673,Deficient (drought risk),South
Lakshadweep,1963,971.7,-1.1034606846126984,0.27,-0.06133333333333333,0.7666666666666667,Normal,South
Lakshadweep,1964,1300.2,32.33022580823975,-0.33,-0.35200000000000004,0.8000000000000002,Excess (flood risk),South
Lakshadweep,1965,724.9,-26.221980704204746,0.18,-0.337,0.16666666666666666,Deficient (drought risk),South
Lakshadweep,1966,1182.9,20.39180442129427,0.66,-0.39966666666666667,-0.5,Excess (flood risk),South
Lakshadweep,1967,978.6,-0.40120060302767213,-0.45,-0.060000000000000005,0.39999999999999997,Normal,South
Lakshadweep,1968,1120.5,14.040930640003568,-0.44,0.03433333333333333,0.43333333333333335,Excess (flood risk),South
Lakshadweep,1969,595.8,-39.36136860748405,0.77,-0.05200000000000001,-0.06666666666666667,Deficient (drought risk),South
Lakshadweep,1970,1320.0,34.34540691191852,0.19,0.15633333333333335,0.3,Excess (flood risk),South
Lakshadweep,1971,1273.4,29.60260694063414,-0.85,0.12466666666666665,1.6333333333333335,Excess (flood risk),South
Lakshadweep,1972,871.0,-11.352386802817396,0.41,0.106,-0.3666666666666667,Deficient (drought risk),South
Lakshadweep,1973,1055.6,7.435614800167564,-0.1,-0.011000000000000001,0.39999999999999997,Normal,South
Lakshadweep,1974,1193.2,21.440105702500905,-1.03,-0.014333333333333328,1.4333333333333333,Excess (flood risk),South
Lakshadweep,1975,1175.9,19.67936665736743,-0.73,-0.10366666666666667,1.1333333333333333,Excess (flood risk),South
Lakshadweep,1976,970.6,-1.215415190372633,-0.47,0.04599999999999999,0.7999999999999999,Normal,South
Lakshadweep,1977,1014.1,3.2118766283155917,0.23,-0.06533333333333334,-0.4666666666666666,Normal,South
Lakshadweep,1978,1201.6,22.295031019213095,-0.18,-0.44333333333333336,0.3,Excess (flood risk),South
Lakshadweep,1979,1166.8,18.75319756426252,0.28,-0.22833333333333336,0.16666666666666666,Excess (flood risk),South
Lakshadweep,1980,703.2,-28.430537772377946,0.38,-0.19333333333333336,-0.3333333333333333,Deficient (drought risk),South
Lakshadweep,1981,1085.1,10.438031091002106,-0.37,0.033666666666666664,-0.20000000000000004,Excess (flood risk),South
Lakshadweep,1982,1023.5,4.168578768445918,0.47,0.132,0.13333333333333333,Normal,South
Lakshadweep,1983,1086.8,10.611051690812916,1.29,-0.45533333333333337,-0.8999999999999999,Excess (flood risk),South
Lakshadweep,1984,798.4,-18.74138418297292,-0.43,-0.12533333333333332,0.09999999999999999,Deficient (drought risk),South
Lakshadweep,1985,887.6,-9.6628915340766,-0.78,-0.32133333333333336,0.7999999999999999,Normal,South
Lakshadweep,1986,990.7,0.8302989603315833,-0.2,-0.21333333333333335,0.20000000000000004,Normal,South
Lakshadweep,1987,886.8,-9.744312992811103,0.95,-0.04333333333333334,-1.3333333333333333,Normal,South
Lakshadweep,1988,1127.9,14.794079133297666,-0.31,-0.318,0.5333333333333333,Excess (flood risk),South
Lakshadweep,1989,1244.6,26.671434426192263,-0.83,-0.46433333333333326,1.3,Excess (flood risk),South
Lakshadweep,1990,738.0,-24.88870431742737,0.29,-0.29233333333333333,0.3333333333333333,Deficient (drought risk),South
Lakshadweep,1991,1144.9,16.524285131405705,0.26,0.21,-0.7666666666666666,Excess (flood risk),South
Lakshadweep,1992,1178.0,19.89309798654547,1.29,-0.5910000000000001,-0.9,Excess (flood risk),South
Lakshadweep,1993,938.2,-4.5129842691197215,0.67,-0.16766666666666666,-0.6666666666666666,Normal,South
Lakshadweep,1994,897.2,-8.685834029262645,0.31,0.36566666666666664,-0.9,Normal,South
Lakshadweep,1995,1229.3,25.11424902789503,0.3,-0.17400000000000002,-0.09999999999999998,Excess (flood risk),South
Lakshadweep,1996,1190.1,21.124597549904717,-0.39,-0.24,0.7333333333333334,Excess (flood risk),South
Lakshadweep,1997,1127.4,14.743190721588606,0.28,0.041,-0.7666666666666666,Excess (flood risk),South
Lakshadweep,1998,1242.2,26.427170049988785,0.99,0.044000000000000004,-1.1666666666666667,Excess (flood risk),South
Lakshadweep,1999,946.2,-3.6987696817747606,-0.98,-0.028333333333333335,0.9666666666666668,Normal,South
Lakshadweep,2000,805.3,-18.03912410138789,-0.81,0.13166666666666665,0.9666666666666667,Deficient (drought risk),South
Lakshadweep,2001,840.6,-14.446402234728245,-0.34,0.08766666666666667,0.20000000000000004,Deficient (drought risk),South
Lakshadweep,2002,537.0,-45.345845824469514,0.2,-0.22433333333333336,-0.3666666666666667,Deficient (drought risk),South
Lakshadweep,2003,941.5,-4.17712075183993,-0.04,-0.10066666666666668,-0.2333333333333333,Normal,South
Lakshadweep,2004,901.5,-8.248193688564735,0.17,-0.18899999999999997,0.16666666666666666,Normal,South
Lakshadweep,2005,1007.8,2.5706826407814276,0.43,-0.12733333333333333,-0.3666666666666667,Normal,South
Lakshadweep,2006,928.4,-5.510397138617305,-0.37,-0.14966666666666664,0.8000000000000002,Normal,South
Lakshadweep,2007,1753.0,78.41477145196453,-0.32,0.16166666666666668,0.0,Excess (flood risk),South
Lakshadweep,2008,934.0,-4.940446927475831,-1.01,0.041,0.6666666666666665,Normal,South
Lakshadweep,2009,997.7,1.542736724258424,-0.33,0.161,0.3666666666666667,Normal,South
Lakshadweep,2010,1152.2,17.267255942357977,0.35,0.26633333333333337,0.4666666666666666,Excess (flood risk),South
Lakshadweep,2011,1013.0,3.0999221225556566,-0.62,0.14400000000000002,1.6000000000000003,Normal,South
Lakshadweep,2012,1119.5,13.939153816585447,-0.36,-0.205,0.13333333333333333,Excess (flood risk),South
Lakshadweep,2013,1057.0,7.578102352952941,-0.19,-0.24,0.8333333333333334,Normal,South
Lakshadweep,2014,958.5,-2.4469147537318885,0.15,-0.10033333333333333,0.13333333333333333,Normal,South
Lakshadweep,2015,860.9,-12.380332719340412,0.81,-0.0030000000000000027,-0.4666666666666666,Deficient (drought risk),South
Lakshadweep,2016,745.4,-24.135555824133284,1.05,0.008333333333333326,-0.3,Deficient (drought risk),South
Lakshadweep,2017,1108.3,12.799253394302498,0.31,0.46366666666666667,0.3333333333333333,Excess (flood risk),South
