State,Year,Population,Pop_Density,Poverty_Rate,Vulnerable_Pop_Pct,Literacy_Rate,Health_Infra_Score,Heatwave_Days,Flood_Cyclone_Index
Andhra Pradesh,2000,22081788,120.0,23.595079751659984,23.29758912915246,72.89606407753696,0.5420921674983491,4,0.5065285570806426
Andhra Pradesh,2001,22346769,121.2,26.051773629396205,18.260159266026605,56.97541083743483,0.3975254964910833,6,1.9250728875828194
Andhra Pradesh,2002,22614930,122.412,20.933703652848905,24.3327677691296,60.44503211288849,0.5250837622014806,6,1.6902271064634957
Andhra Pradesh,2003,22886309,123.63612000000002,23.719016651572396,20.8268672131323,70.91272456051594,0.3484987620034773,10,0.9053367365781686
Andhra Pradesh,2004,23160945,124.87248120000001,22.706110305670556,23.096688913232132,60.00739004816287,0.423618694992635,6,10.0
Andhra Pradesh,2005,23438876,126.12120601200002,18.93846799816425,25.835028866522602,73.15499761247976,0.6367536142939438,6,0.7641701645119572
Andhra Pradesh,2006,23720143,127.38241807212002,15.961990155963832,20.411380127757987,72.66262911197099,0.7027488034284988,10,1.0054185879796647
Andhra Pradesh,2007,24004785,128.6562422528412,22.722282409429027,23.102977948602398,69.65880388267752,0.3164917302478929,7,7.477375214701562
Andhra Pradesh,2008,24292842,129.94280467536962,24.80868998914883,27.474559958796082,71.0855843502814,0.6077415475035807,11,2.7471903983463895
Andhra Pradesh,2009,24584356,131.2422327221233,12.907775547697513,22.738064031703924,68.68642741736616,0.4887267276934057,11,3.431230177456483
Andhra Pradesh,2010,24879368,132.55465504934455,17.044906185381134,24.01181191329421,73.38877049716764,0.5689165626313332,11,3.118463124880872
Andhra Pradesh,2011,25177921,133.880201599838,14.65678204921587,22.301106811191683,72.0982568254382,0.554582921506056,7,8.220859544510768
Andhra Pradesh,2012,25480056,135.21900361583639,17.870413606140314,21.343462878513453,70.41627487115903,0.6967346158240758,11,2.132192613594758
Andhra Pradesh,2013,25785817,136.57119365199475,21.35929676549054,26.34546861533193,66.61524644560959,0.48654520642988686,12,2.000735536708529
Andhra Pradesh,2014,26095246,137.93690558851472,20.75772961699325,26.542204297729917,74.27416505995737,0.5139774129168914,13,2.314874668270061
Andhra Pradesh,2015,26408389,139.31627464439984,13.151909978636072,26.361253811227357,79.79297789503703,0.5765181217977948,13,2.045892653621026
Andhra Pradesh,2016,26725290,140.70943739084385,10.380773659702221,21.684657751520223,78.99336774095447,0.6612486590167428,13,3.666088310971926
Andhra Pradesh,2017,27045994,142.11653176475227,16.612059000572263,32.160507499768855,78.32833673882503,0.6021410932300462,9,4.632421965738185
Andhra Pradesh,2018,27370546,143.5376970823998,17.055205666710044,26.221022453843215,73.53768883827665,0.8132459753884329,11,3.112865578576793
Andhra Pradesh,2019,27698992,144.9730740532238,18.684562464781223,20.262783663864035,77.26590462925591,0.7812380855674604,13,4.666326788794294
Andhra Pradesh,2020,28031380,146.42280479375606,23.344541053174257,24.154082578438906,81.36223578830227,0.8779438252917285,15,3.2689052106677376
Andhra Pradesh,2021,28367757,147.8870328416936,19.69021160325196,25.541357852736628,80.17523843153023,0.98,17,5.546376621278792
Andhra Pradesh,2022,28708170,149.36590317011053,17.59377694905843,24.528542766156963,72.43717314169993,0.5999077928151392,8,2.731510260527142
Andhra Pradesh,2023,29052668,150.85956220181166,29.68795140004105,18.398204422224758,82.23130095187257,0.6014740954572417,3,7.08337842384534
Andhra Pradesh,2024,29401300,152.36815782382976,10.041278358224659,22.9955482578158,87.2019007056644,0.8254261200085298,11,3.103027572474743
Andhra Pradesh,2025,29754115,153.89183940206806,15.273431039422883,22.04519895718255,90.71972044662662,0.9010702826781614,15,6.964134949331716
Arunachal Pradesh,2000,23364990,374.0,20.244875569403796,23.655790675599302,67.52493639490228,0.5538906233004146,4,3.1346232194419392
Arunachal Pradesh,2001,23645369,377.74,17.03469627398973,26.753585841164327,76.21078098506317,0.5888958312661376,4,0.42845098059994013
Arunachal Pradesh,2002,23929114,381.5174,26.86291656887737,26.32390216028801,61.565347642109586,0.472856957272584,7,1.413460011637654
Arunachal Pradesh,2003,24216263,385.332574,24.151053413841066,31.043990785350967,68.82487754385262,0.604168580995178,3,2.5633684445182268
Arunachal Pradesh,2004,24506858,389.18589974,24.081104071507486,25.98639202356314,75.33008408072676,0.36146214014077815,8,0.5259747196180843
Arunachal Pradesh,2005,24800941,393.0777587374001,24.685951206410195,22.13190144053822,66.95938874821363,0.4658398878409401,5,3.0784979410830506
Arunachal Pradesh,2006,25098552,397.00853632477407,24.772083471654824,25.743942402107173,65.45149571367443,0.6452105579942791,13,6.541114202169079
Arunachal Pradesh,2007,25399735,400.97862168802175,30.032872842925975,24.063011524898275,72.60976485647483,0.5177679892087853,4,8.332430957970715
Arunachal Pradesh,2008,25704531,404.98840790490203,22.38197578995631,25.785471076310742,65.70889658383264,0.8210864730822554,8,2.953653289238482
Arunachal Pradesh,2009,26012986,409.03829198395096,27.250718400506507,23.558827855493583,66.27251401603745,0.5464336990016407,6,5.392964634521453
Arunachal Pradesh,2010,26325142,413.1286749037905,18.173770166290062,24.69614981207291,63.75957829251338,0.4311043470748134,12,2.7808859239573156
Arunachal Pradesh,2011,26641043,417.2599616528284,22.53631136202854,21.518307169343032,74.19673257120586,0.7989286695603093,8,6.864303072900022
Arunachal Pradesh,2012,26960736,421.4325612693567,21.5445548908625,24.037777202345385,72.68838049274416,0.5372388259373441,19,3.9215707259529684
Arunachal Pradesh,2013,27284265,425.6468868820503,17.20834679034977,29.57990101946079,78.80205774206699,0.8629305348292579,16,2.3846068147468964
Arunachal Pradesh,2014,27611676,429.90335575087084,32.53881759930603,21.575105143934547,69.20139078909612,0.5880728825467174,10,3.8706092650166077
Arunachal Pradesh,2015,27943016,434.2023893083795,7.523760897614686,25.087429376415905,76.85673755163394,0.7914628584015854,14,3.154256266482783
Arunachal Pradesh,2016,28278332,438.5444132014633,25.676640724327726,22.592473043685885,66.03432735454561,0.8524646848998495,16,3.2595873408183724
Arunachal Pradesh,2017,28617672,442.9298573334779,17.548228015466865,23.83354512510698,76.49694654499848,0.7412817948397972,12,9.280429207186089
Arunachal Pradesh,2018,28961084,447.3591559068127,15.09960717112454,25.868549797042498,70.46189785308702,0.7029144617974448,20,2.8090093135462095
Arunachal Pradesh,2019,29308617,451.8327474658808,23.762680884662807,28.624112990754547,72.26053460542144,0.6985362677482887,14,5.979517702401287
Arunachal Pradesh,2020,29660321,456.35107494053966,24.075783104382957,24.202555444230327,87.30373962440993,0.9606409010931846,18,2.7597198884757472
Arunachal Pradesh,2021,30016245,460.9145856899451,25.534271043306873,26.63347550544034,75.43174836614075,0.7239229633650721,14,3.958298907071078
Arunachal Pradesh,2022,30376439,465.5237315468445,14.583558993332652,26.152626767387886,85.71178526048014,0.7888913736503731,12,7.597851609210767
Arunachal Pradesh,2023,30740957,470.17896886231296,15.711690448190378,26.389216289088978,77.39307446724456,0.595236816456599,12,3.4465711692890073
Arunachal Pradesh,2024,31109848,474.8807585509361,17.599589476581087,21.180360641017934,76.83066541331654,0.6828943773733258,20,5.633222709130951
Arunachal Pradesh,2025,31483166,479.6295661364454,12.319899175855998,22.572985956094193,75.92250463355755,0.7579169408119372,8,4.544073358413447
Assam,2000,14781337,145.0,25.344844018145782,17.151592529877604,64.49025243760072,0.4550560898090315,5,0.8104421078216271
Assam,2001,14958713,146.45,28.28500020026055,26.272523130141916,62.947494261947355,0.39590181112263845,6,0.847341554705993
Assam,2002,15138217,147.9145,27.6593417783346,24.93375046363061,81.5944040422762,0.6143489893721492,5,0.29068840187578626
Assam,2003,15319876,149.39364500000002,17.43242420232046,22.036879961660954,62.93387514773588,0.4529052905792557,10,1.1944054506542598
Assam,2004,15503714,150.88758145,31.774391615571382,20.071052129964304,57.831112098658224,0.622954149367257,5,0.917912187385735
Assam,2005,15689759,152.39645726450001,19.445636454566785,21.40802769096055,68.24260813972414,0.42528598603067547,9,7.225962737399888
Assam,2006,15878036,153.92042183714503,34.85992293809383,28.858836466311935,73.26506070194175,0.4485918101126617,6,1.5714084210913544
Assam,2007,16068572,155.45962605551645,15.365149628460703,24.803227997109783,83.11888711744525,0.3616793268053735,3,10.0
Assam,2008,16261395,157.01422231607162,27.837756855286642,22.269324391430555,73.9784605603257,0.4344351774410859,12,4.338482882971555
Assam,2009,16456532,158.58436453923233,28.406692369958844,24.76326252990364,72.08801331037601,0.5355747640653039,10,2.2627989145443426
Assam,2010,16654010,160.17020818462467,9.775248473844865,22.945459547876073,71.09209189594776,0.8011724774730339,11,3.6194387689071306
Assam,2011,16853858,161.7719102664709,26.39553204775754,24.246164613458394,69.16302488039426,0.6634584670415167,9,6.0043598930292195
Assam,2012,17056105,163.3896293691356,18.58075038823977,21.06370885265308,69.97853369961945,0.6752760591653822,7,4.6227404299792365
Assam,2013,17260778,165.02352566282698,28.115419927746593,27.025808849546507,64.63890960285741,0.678715718510184,9,7.53719034830913
Assam,2014,17467907,166.67376091945528,8.727678506574327,28.48813293446755,76.67182828177029,0.6533298394907454,7,3.442486101982943
Assam,2015,17677522,168.34049852864982,17.782922681979084,24.140746304850776,82.91081809268039,0.7458329542874146,17,2.2137762728103043
Assam,2016,17889653,170.02390351393632,29.892146978850203,28.036260138464932,82.56593313319698,0.6286541188282577,11,10.0
Assam,2017,18104328,171.72414254907565,33.43214661042492,25.57185800132338,72.25956586842725,0.6889918970530148,10,2.051606960165857
Assam,2018,18321580,173.44138397456643,11.727373748438996,19.03542998440269,79.91585291980957,0.7287981560626084,11,5.503772379163914
Assam,2019,18541439,175.1757978143121,8.383409894216378,23.217794505324544,70.77290496126557,0.7171155999924564,9,3.6371905406400176
Assam,2020,18763937,176.92755579245522,15.614392818747932,26.088619094440254,86.24478047472672,0.8851878035457309,8,2.623033594126258
Assam,2021,18989104,178.6968313503798,16.60419470534305,24.4747679428601,74.21216893633147,0.7829143876166973,16,8.228287142029076
Assam,2022,19216973,180.48379966388356,12.758027958718582,22.359423176278824,78.03623364892002,0.7147890274639482,14,6.37500648399593
Assam,2023,19447577,182.2886376605224,24.131493614241727,16.02194592885188,68.40811672540528,0.6461231906774915,15,3.2620127155215637
Assam,2024,19680948,184.11152403712765,6.954929831693072,21.666549937227373,73.84712077267086,0.98,17,2.9486746447111
Assam,2025,19917119,185.95263927749892,10.773179379242821,21.815054550156344,80.49372888818667,0.809358582481535,11,3.680121555522488
Bihar,2000,104444321,1090.0,29.883183448741633,21.178758676296294,66.17326002577543,0.4803306609045464,5,0.22346784907612283
Bihar,2001,105697652,1100.9,26.55679813345271,20.24665927084409,70.2201350960345,0.44281174362684134,7,2.1276684162871113
Bihar,2002,106966024,1111.909,13.679183502496024,22.365233295123275,71.05911345086368,0.47628500992361117,4,2.7492433298363412
Bihar,2003,108249616,1123.0280900000002,20.0628729813923,22.745570897972186,60.35776310121337,0.5070980906704863,3,2.5081016721703895
Bihar,2004,109548612,1134.2583709,25.849516534286828,18.89224918728648,72.54577818662823,0.5667116978895652,2,6.236928822132954
Bihar,2005,110863195,1145.6009546090002,24.536178405883255,26.948072951836544,76.32737222231289,0.6467244078021757,6,3.9488477260599084
Bihar,2006,112193554,1157.05696415509,23.72060058686247,21.73385120294003,65.54241098504025,0.37120066837821336,10,1.4804232550139698
Bihar,2007,113539876,1168.627533796641,18.746173042573357,24.366029443936085,82.00042269134397,0.5434728120330421,8,5.11455924642799
Bihar,2008,114902355,1180.3138091346075,25.594446434333125,26.91766334888019,72.90904981108598,0.3815730336131453,9,5.066984565184393
Bihar,2009,116281183,1192.1169472259533,29.117611680427604,27.186629552741135,68.13127845731779,0.6609529960552157,10,4.068526142232214
Bihar,2010,117676557,1204.038116698213,23.679838389102514,23.360182872102627,76.64534718767571,0.5903501071549209,7,4.179194874220593
Bihar,2011,119088676,1216.078497865195,28.134536753441125,21.316178093341488,70.6656417791932,0.562232273007099,9,6.512644416510426
Bihar,2012,120517740,1228.2392828438471,24.480397541232673,24.141051639371234,78.31585475295729,0.5479881851843853,9,3.9088322690702886
Bihar,2013,121963953,1240.5216756722855,17.12698487159537,28.360153431353105,80.69786072865355,0.5822567967416078,8,2.654798328985291
Bihar,2014,123427520,1252.9268924290086,13.363304641499024,20.84726412651544,63.73160849446221,0.515112500202435,13,9.16739063434944
Bihar,2015,124908651,1265.4561613532985,24.905934390859503,23.358033467323473,73.75268145173783,0.7559783390599925,12,10.0
Bihar,2016,126407554,1278.1107229668316,25.602617486301817,28.863325673363146,66.75019831171328,0.6988755556888281,8,2.4358336588863754
Bihar,2017,127924445,1290.8918301964998,14.375677236160893,27.567049593322654,82.30252123994927,0.6365104447500629,14,6.269782507465788
Bihar,2018,129459538,1303.8007484984648,13.568735582021315,21.889139811220662,87.58688182516354,0.8325405961879973,13,7.4083120282285595
Bihar,2019,131013053,1316.8387559834496,13.723267857093681,22.83689532019205,77.82932695362453,0.7751348147984429,14,2.507512241880877
Bihar,2020,132585210,1330.007143543284,6.508718090254842,20.227979098713465,81.4205041827959,0.6359179450313608,13,3.021740652951041
Bihar,2021,134176232,1343.307214978717,13.494332205782973,24.671363854916695,77.51788551963624,0.9076071928137701,13,6.872869782361192
Bihar,2022,135786347,1356.740287128504,24.14324882272328,20.604551573601913,70.00301866167972,0.8355058263177049,15,7.689051595551325
Bihar,2023,137415783,1370.307689999789,20.722893087184183,25.521822093321894,84.13337344794577,0.9353154708534807,15,3.1917354386531973
Bihar,2024,139064772,1384.010766899787,13.178059788416219,21.4993230381622,75.95229839459817,0.8693946621073831,14,3.7258183567796377
Bihar,2025,140733550,1397.8508745687848,16.14659440811942,24.139309644468447,73.2007192951004,0.9145504279232665,16,6.783563075323664
Chhattisgarh,2000,9989138,173.0,32.11832447329173,23.29094149822692,59.07289997659844,0.4021329009295739,9,0.19407809211398114
Chhattisgarh,2001,10109007,174.73,21.080711468871943,29.732413765376357,71.11833471262902,0.6720499530066559,5,0.12257502530995375
Chhattisgarh,2002,10230315,176.4773,23.52204930879148,20.325194849433142,66.64476136304852,0.6199096458445681,8,3.525120925342766
Chhattisgarh,2003,10353079,178.24207300000003,12.719365393171591,22.299991762469684,72.61742729015629,0.3834801367077272,8,0.5989778968050372
Chhattisgarh,2004,10477316,180.02449373000002,22.44806702478848,20.440075447904857,65.54895288593376,0.5127969121063044,6,2.7602940356514742
Chhattisgarh,2005,10603044,181.82473866730004,14.443246803984218,25.81849527183437,60.56614608649832,0.5629711287658901,8,1.8585704803878693
Chhattisgarh,2006,10730280,183.64298605397303,29.890930053230523,26.226253765571396,73.29924051764843,0.6415216253605522,3,2.3661706719333804
Chhattisgarh,2007,10859044,185.47941591451274,18.543026509091646,20.560526377201295,69.51251366624739,0.46134311924095883,9,3.614578407124217
Chhattisgarh,2008,10989352,187.33421007365789,23.063407865771513,26.640888747759746,77.17926640243643,0.7528421039328727,12,1.4078151126791698
Chhattisgarh,2009,11121224,189.20755217439444,31.51388980851499,22.61911366741846,79.06107626242824,0.7140099385243155,8,1.1327045179384698
Chhattisgarh,2010,11254679,191.09962769613838,13.13267393894931,27.595334858495058,68.55150262735845,0.971285881874514,8,5.880991879375025
Chhattisgarh,2011,11389735,193.01062397309977,28.906652670113882,26.272367247951124,71.74298388359172,0.8046279104820986,11,2.5306505403576223
Chhattisgarh,2012,11526412,194.94073021283077,27.67796131478472,23.619565506290936,75.94651208698751,0.5439254460052706,9,3.942855652263701
Chhattisgarh,2013,11664729,196.8901375149591,21.18384546158619,17.025962182540592,69.28151253983697,0.6279553767870736,10,2.8580720762125322
Chhattisgarh,2014,11804706,198.8590388901087,28.653535676290993,29.41349126508483,69.97131206605829,0.6930629852962238,12,2.953091992121815
Chhattisgarh,2015,11946362,200.84762927900977,29.30059288188632,28.612834680222125,66.96857685708359,0.6086846406112558,11,3.2890421850699605
Chhattisgarh,2016,12089719,202.8561055717999,13.278011635622796,25.27242125723697,85.54875143904593,0.5388096040352213,19,3.0327927024747474
Chhattisgarh,2017,12234795,204.88466662751787,26.627260244065255,19.18336978007676,77.71907847794778,0.4465344906346113,15,3.5181406016190846
Chhattisgarh,2018,12381613,206.93351329379306,18.84344824993903,27.268310128081303,73.21775529139092,0.7253092625068528,9,4.714148721948974
Chhattisgarh,2019,12530192,209.00284842673096,13.656778823939275,22.389784379275472,84.97878004003124,0.8276258394042518,11,5.175648866764813
Chhattisgarh,2020,12680555,211.09287691099829,17.406521436572977,25.200343423944652,77.74015879079843,0.5490842735353644,11,2.7359479849282136
Chhattisgarh,2021,12832721,213.2038056801083,16.98313780800486,24.361769801672132,75.62789076460739,0.7137257249270721,16,3.1882653419083455
Chhattisgarh,2022,12986714,215.33584373690937,15.58293502118358,23.91961696009301,81.54234064764556,0.717972376453226,18,2.9400852847351135
Chhattisgarh,2023,13142554,217.48920217427846,19.50817226590172,24.423109967467692,81.32969918266862,0.9138424093245008,15,3.193763668144051
Chhattisgarh,2024,13300265,219.66409419602124,5.719188038389586,26.793028392983565,77.72746246821627,0.8347429178435193,12,5.508212612196382
Chhattisgarh,2025,13459868,221.86073513798146,20.408847779686717,23.583412238415985,78.17898758256031,0.9153450813136763,20,3.8805311269372607
Goa,2000,37291014,188.0,31.655561213337542,19.613892085494342,70.85790263441255,0.6934028630676287,5,2.2111427762609113
Goa,2001,37738506,189.88,27.306571779497872,20.85297923228854,65.61391185460789,0.6594515574124888,8,1.7389792966810753
Goa,2002,38191368,191.7788,30.334645714362864,17.442868552573973,70.47450189810355,0.5975293081000874,8,1.8708924676926242
Goa,2003,38649664,193.69658800000002,20.99911032526131,22.718025952295488,69.10848459062106,0.7766456980047277,10,5.264871584143152
Goa,2004,39113460,195.63355388,20.15806690117507,25.54062212449054,72.14469994918798,0.43054649798107086,7,0.4864683979344527
Goa,2005,39582822,197.58988941880003,24.484986781023267,30.75136430344881,74.62634525519165,0.5756415792848363,11,4.238105246924965
Goa,2006,40057816,199.56578831298802,21.131198549162193,20.61748698677821,66.36426768808043,0.46967314777552505,8,3.219286058189711
Goa,2007,40538509,201.56144619611788,26.20188242062896,19.351406191264466,66.11093660371692,0.7825793259755474,8,1.6093563530704393
Goa,2008,41024971,203.5770606580791,28.58421985168701,29.147105503183163,61.363752882734644,0.41962502541587376,10,2.4859641760557505
Goa,2009,41517271,205.61283126465986,12.402475262782401,20.011070093282076,70.33860861443841,0.5986080075927125,10,1.9747360335210185
Goa,2010,42015478,207.66895957730645,20.87988660393343,25.150835912363796,66.43400547109195,0.5661383305169702,7,5.076766979426729
Goa,2011,42519664,209.7456491730795,22.388313260643056,27.005782646865583,65.40918612597216,0.6179822805893573,6,3.101968211093089
Goa,2012,43029900,211.8431056648103,16.895637855468177,26.439583220558692,74.44505481709469,0.5663390852474212,11,2.6800180805600062
Goa,2013,43546259,213.96153672145843,4.70976928478996,24.084608134565784,83.75953677372208,0.7266789527437852,12,4.755143571753782
Goa,2014,44068814,216.10115208867305,17.231685396908972,22.649696598929328,70.66869914484552,0.7777282384409644,12,2.6212019460214875
Goa,2015,44597640,218.26216360955976,12.859484137896123,24.905167538048694,75.43458714336161,0.6611253462051054,15,2.124593875670908
Goa,2016,45132811,220.44478524565537,24.30477780201689,13.83471575203082,74.05981150105374,0.6817450984278146,15,4.17529627578933
Goa,2017,45674405,222.6492330981119,22.554600938978197,22.62312934252628,66.91783567414424,0.8557723610814227,11,2.5723100464255926
Goa,2018,46222498,224.87572542909302,17.32552751436189,19.55914770537761,79.02958912896905,0.8849171415814914,10,2.6278270325251487
Goa,2019,46777168,227.12448268338395,12.781386732714738,22.31863470516018,81.0862904478197,0.9175596193598599,14,2.9420161107349623
Goa,2020,47338494,229.3957275102178,13.443032375723064,22.478001673834363,81.75269003964222,0.8010394872571913,15,3.697137890402395
Goa,2021,47906556,231.68968478532,8.96305232763096,28.036218571835015,67.88006285257433,0.98,9,10.0
Goa,2022,48481435,234.00658163317317,12.79684548712393,22.831746367520886,85.04720488212052,0.7339161386543832,15,3.1658609290306976
Goa,2023,49063212,236.3466474495049,6.603587786625441,27.09886419968584,80.88118183463797,0.9241419985596384,10,2.8689217239412157
Goa,2024,49651970,238.71011392399998,7.0723236366007605,21.713275613611252,79.34942044265544,0.98,12,3.220121431413351
Goa,2025,50247794,241.09721506323996,12.662420358847246,25.661499995344638,85.45775712156998,0.8889616894981366,16,4.245570437705744
Gujarat,2000,14302313,496.0,27.790272766091093,24.49995848569054,66.62588398264532,0.42999311602957935,8,5.352429543384495
Gujarat,2001,14473940,500.96,20.97396557062013,23.77254781254536,71.06534293306605,0.534044355263085,3,1.66949523240228
Gujarat,2002,14647628,505.9696,17.74003439285402,18.66410750037059,72.47599242226626,0.5026099209956914,4,4.053717796264194
Gujarat,2003,14823399,511.02929600000004,18.631697785859537,21.358614105532784,71.61099677297558,0.488656805485044,6,2.7560373650927414
Gujarat,2004,15001280,516.13958896,24.779726687053273,21.275093607102583,66.20733276578667,0.41651833883595696,7,10.0
Gujarat,2005,15181295,521.3009848496001,15.725256326904635,27.40645504908831,66.25010936422791,0.5909369750998481,7,1.5643761842117256
Gujarat,2006,15363471,526.5139946980961,17.629223386193633,26.728020054316126,77.24945577259918,0.5760230595120234,6,2.053600411474989
Gujarat,2007,15547832,531.779134645077,27.020674874193492,26.5565003647555,64.90580613523453,0.5842757185535093,8,6.171067608133476
Gujarat,2008,15734406,537.0969259915278,16.66693185213048,22.13746434215207,71.49432578525871,0.668024613602449,11,4.421194874175011
Gujarat,2009,15923219,542.467895251443,26.042996461853676,27.366525086405055,73.57120571529612,0.6420342707183869,9,1.5711706306563635
Gujarat,2010,16114298,547.8925742039575,18.502835983619157,20.45765381204898,75.90242499760286,0.5692942370795362,8,1.2579996471289279
Gujarat,2011,16307670,553.371499945997,27.141647038065564,19.73704631678166,73.87546368454822,0.5169089788774606,10,5.360739885584138
Gujarat,2012,16503362,558.905214945457,24.838599649233227,26.646647347400425,67.80474557412056,0.5652078648553379,11,1.9308051711396816
Gujarat,2013,16701402,564.4942670949116,24.900563935900855,26.62714758720294,74.58083438612421,0.6508409805992191,7,3.7635770641641906
Gujarat,2014,16901819,570.1392097658608,29.478750110503746,26.204680510423017,70.48293822065936,0.5038917892183049,10,3.108122223843189
Gujarat,2015,17104641,575.8406018635194,19.938268737509667,24.99591520186045,71.56621495745358,0.6920202200571485,14,1.9474655787028752
Gujarat,2016,17309896,581.5990078821546,15.814077933015202,22.961746748482774,78.24234956236467,0.6690749963561626,11,2.7508120362225843
Gujarat,2017,17517615,587.414997960976,12.475629513522065,21.139186160940906,69.85374703023922,0.4726177518590262,16,2.465138154060423
Gujarat,2018,17727826,593.2891479405858,24.11834459809228,30.099915895810394,69.23121093156983,0.5885638061916172,15,2.8355364999525547
Gujarat,2019,17940560,599.2220394199917,19.50773285654725,29.069680369878867,82.19895622644654,0.6897702929503324,16,3.985424786008471
Gujarat,2020,18155847,605.2142598141917,11.97351211043744,25.832429501264325,70.65155006463446,0.6211838786712658,9,5.582485973269156
Gujarat,2021,18373717,611.2664024123336,11.661291631911524,23.507461765138483,79.94999130381585,0.98,12,6.4419396882060775
Gujarat,2022,18594202,617.3790664364569,29.242430240809433,26.820964861622638,80.95659862380522,0.727775480565964,13,5.368008862074344
Gujarat,2023,18817332,623.5528571008215,14.594891130256281,23.57491297185713,78.18410892594974,0.9293115533730315,17,6.625807278618246
Gujarat,2024,19043140,629.7883856718297,13.585198970755892,21.555108046303673,68.73433482464745,0.8056159980097668,19,6.431438422664935
Gujarat,2025,19271658,636.086269528548,17.145745555943364,21.488042762005826,77.5125067079743,0.7423795790487389,23,6.473041637153427
Haryana,2000,25217665,347.0,30.298658662882954,23.766488408961592,64.09760043204687,0.8331729081413832,7,0.8461684172226347
Haryana,2001,25520276,350.47,26.775424890158913,28.105265863418026,71.54072867353491,0.5294092347614954,9,10.0
Haryana,2002,25826520,353.9747,22.191348007360755,22.78905461027401,61.42438710325324,0.5308318878712153,11,5.581146560220139
Haryana,2003,26136438,357.514447,16.665932305719792,23.23424417369324,66.96362245770354,0.46297023455828146,10,1.952710716973654
Haryana,2004,26450075,361.08959147,22.407605891138928,27.91790975198157,66.94415440221907,0.24119401217765962,7,1.5490521538901403
Haryana,2005,26767476,364.70048738470007,32.69225413681665,23.03303859236598,74.08579260412748,0.7075579262306941,9,1.0805704761478037
Haryana,2006,27088686,368.34749225854705,20.187599532899977,25.572794032929508,66.05402379757268,0.6333037488977933,6,3.36724936523055
Haryana,2007,27413750,372.0309671811325,26.54166352337325,26.002382344917937,63.139550540308676,0.6551079198888193,10,2.2128267466283376
Haryana,2008,27742715,375.7512768529438,20.46883457722816,25.265053404793335,67.62388883599685,0.6600704224602932,10,4.000838750110466
Haryana,2009,28075628,379.5087896214732,15.935777061611606,24.27559423694548,60.973999739894424,0.5494479067789342,10,1.2856544008102562
Haryana,2010,28412535,383.30387751768797,25.40582805336898,22.052006064238817,71.4156123282834,0.5439475911851068,11,3.3202508426623005
Haryana,2011,28753486,387.13691629286484,4.380606242004578,26.033625958592722,68.32962158436287,0.3953240523772252,13,8.836025328079858
Haryana,2012,29098528,391.0082854557935,29.07447384043456,25.83343096394863,83.65441962039381,0.6428450858494457,4,2.562966901773726
Haryana,2013,29447710,394.91836831035147,16.129385454568286,23.888889608854765,70.6534888774137,0.5619094824151373,20,3.2046482565718777
Haryana,2014,29801082,398.86755199345504,22.11220006751461,20.279819122588247,68.92833688455791,0.5796707766200938,11,1.6992338806760008
Haryana,2015,30158695,402.8562275133895,17.14474553770082,21.743530783228252,75.5958725520959,0.8358540535227774,11,8.51158085896554
Haryana,2016,30520600,406.8847897885235,13.925090088430217,23.417005363739015,70.16889828195296,0.7222393712020526,10,7.103102505747291
Haryana,2017,30886847,410.9536376864087,29.607144114518043,23.81801755855614,71.65796616544769,0.5233542728864609,11,7.994368456779786
Haryana,2018,31257489,415.06317406327275,22.432129372020537,28.593971233738408,80.40623842455173,0.6549153214273444,20,2.1639158281201043
Haryana,2019,31632579,419.2138058039055,14.50163368989936,24.44037903595665,84.46110314127714,0.8426207179038638,7,3.803102214426973
Haryana,2020,32012170,423.40594386194454,11.67111262563574,23.07935655393788,84.60699248915961,0.6910875060154361,6,3.495376096841076
Haryana,2021,32396316,427.64000330056405,17.611928031800367,25.325821948708228,72.14800461278577,0.9343118855695525,14,5.047163274815107
Haryana,2022,32785072,431.91640333356963,17.440344283469965,26.276815800365842,80.10769281294665,0.8563915590986195,7,3.0232775255187887
Haryana,2023,33178493,436.23556736690534,15.600620056133234,23.37564942818238,78.15731244280535,0.5691781145402832,15,3.0881301097117033
Haryana,2024,33576635,440.5979230405744,4.0,26.19794808218725,83.67730004341323,0.9644789268182569,19,4.284995021510015
Haryana,2025,33979554,445.0039022709801,7.83817900946112,26.757462520830003,85.0029115902149,0.7445255749108026,14,7.320868585554682
Himachal Pradesh,2000,5902059,434.0,22.845864616865285,24.69638553557601,63.637861493778544,0.44101069864139775,5,3.5877329247070793
Himachal Pradesh,2001,5972883,438.34000000000003,23.673206886792144,25.291718016282147,53.852358465040666,0.5051399042133742,3,0.3869035039210156
Himachal Pradesh,2002,6044558,442.7234,24.84296136669346,27.590072452963913,67.55936581385009,0.618973301762916,6,0.6048459537227535
Himachal Pradesh,2003,6117093,447.1506340000001,23.11427226638869,23.52810772439729,66.05736223819183,0.5833667364221516,6,1.5342234676896314
Himachal Pradesh,2004,6190498,451.62214034,7.657270586704405,20.337989850954262,67.47161629105301,0.5287425387529053,3,9.309018727316182
Himachal Pradesh,2005,6264784,456.1383617434001,38.79754662157911,18.5831835812797,65.4187895649542,0.4438193854261037,10,2.786579276384093
Himachal Pradesh,2006,6339961,460.6997453608341,19.46858911490107,25.69444244904879,72.15166248119313,0.6426130358585626,9,2.9674443039895735
Himachal Pradesh,2007,6416041,465.3067428144424,12.068626099261893,27.426480084758587,66.47277000530129,0.5491159951879827,8,1.0858861793470576
Himachal Pradesh,2008,6493033,469.9598102425868,21.487881869251915,28.924580845932454,69.38199430704539,0.33906142067413814,15,0.9679321920874759
Himachal Pradesh,2009,6570949,474.65940834501265,13.092120275832379,26.889266994639097,66.48865489836837,0.45543711569971834,7,6.220256826263162
Himachal Pradesh,2010,6649801,479.4060024284628,34.43845823956719,25.380211819042316,76.42263523247544,0.6587928699360087,8,1.312916923965199
Himachal Pradesh,2011,6729598,484.2000624527474,27.855596665812435,19.681307839871447,72.50291603304181,0.6324286460137998,7,3.3114424380223744
Himachal Pradesh,2012,6810354,489.04206307727486,26.780520560799644,29.641305439207965,68.62041574620734,0.670339205553125,14,3.066464193792778
Himachal Pradesh,2013,6892078,493.93248370804764,22.484396078800756,21.733489996200735,67.29169042310299,0.7213551802126332,15,2.4250974495688977
Himachal Pradesh,2014,6974783,498.8718085451282,16.584359571471317,21.90679865009516,73.69776484156809,0.6189734716594458,15,2.298827435486661
Himachal Pradesh,2015,7058480,503.86052663057944,27.88743129153282,22.5642676661356,76.99028848226455,0.5730735701812915,16,6.1069643778076275
Himachal Pradesh,2016,7143182,508.89913189688525,30.912996888055947,26.454561408317723,61.98256264896061,0.9060790355956279,9,2.7761205595936245
Himachal Pradesh,2017,7228900,513.9881232158541,12.156897837163761,24.503177466153662,76.33150467410934,0.756294710999414,11,7.382510746067162
Himachal Pradesh,2018,7315647,519.1280044480126,21.137305473985016,26.43671934281766,72.51544699751263,0.5353956001238276,7,5.979836495108275
Himachal Pradesh,2019,7403435,524.3192844924927,21.56327066988392,28.788239206599446,77.34855864362763,0.8431933097482088,12,9.332284727260202
Himachal Pradesh,2020,7492276,529.5624773374177,15.983304575099794,24.44879243422066,82.34804131078991,0.7727553747966543,20,3.5842808908249464
Himachal Pradesh,2021,7582183,534.858102110792,17.708879624585112,25.381259188320143,81.29040187454825,0.7783067374665321,9,7.728849350641493
Himachal Pradesh,2022,7673170,540.2066831318998,12.720377784522444,21.509234432888427,80.1112746957246,0.6835227511631117,21,4.252829519016805
Himachal Pradesh,2023,7765248,545.6087499632188,15.778952047948758,21.089988097472872,83.7154135260295,0.7579534616065791,14,5.275703711223702
Himachal Pradesh,2024,7858431,551.064837462851,13.681648759019339,24.982259314952962,68.57642874844795,0.9706346081268542,17,7.976001920022558
Himachal Pradesh,2025,7952732,556.5754858374795,20.025047234899436,27.92062228762582,83.24068634953767,0.9157025951711927,22,6.339921065288465
Jharkhand,2000,26090373,248.0,22.939533402472193,29.894085143906725,60.95903207474789,0.4685180551963537,5,2.912236373779285
Jharkhand,2001,26403457,250.48,26.350382263520448,23.450465193284312,68.11642334408324,0.5625688357955398,6,5.372112825452895
Jharkhand,2002,26720298,252.9848,23.545348894084587,22.534207254022007,64.8550274634833,0.6678206319034652,5,1.4455157439946662
Jharkhand,2003,27040942,255.51464800000002,17.04071912629722,22.595451626072865,57.360875803748236,0.40798402877803663,12,1.2202580639915683
Jharkhand,2004,27365433,258.06979448,20.568842433399215,22.80741053713362,68.88947458239346,0.5779537055660845,9,3.0662163291719433
Jharkhand,2005,27693819,260.65049242480006,31.821924632218916,24.976295275608894,71.31240530082258,0.42105276623913,13,2.5348792448066293
Jharkhand,2006,28026144,263.25699734904805,23.593953661411195,22.85074975934231,70.84804515035914,0.5638182383206238,6,8.16331656938913
Jharkhand,2007,28362458,265.8895673225385,22.846170033880693,25.2353588731376,62.662128080544996,0.577999307008174,11,3.370205765254773
Jharkhand,2008,28702808,268.5484629957639,6.256724161279653,23.85310443293333,69.95511468499903,0.6448226523540911,5,0.9957292270591211
Jharkhand,2009,29047241,271.2339476257215,24.61084861273192,26.27816381792747,77.2060505766056,0.465600012814757,18,1.1978776977576053
Jharkhand,2010,29395808,273.9462871019787,18.06029906903679,25.405817389498775,77.93822153528829,0.6079314671586927,4,6.991281496037103
Jharkhand,2011,29748558,276.6857499729985,20.55679972525798,25.845090581316956,57.0923815865321,0.8550441013809698,4,2.125849220263959
Jharkhand,2012,30105541,279.4526074727285,27.66812827819058,18.251498461002363,77.83100043594571,0.5971564684521139,21,6.018582841844468
Jharkhand,2013,30466807,282.2471335474558,14.976165607158133,26.238264358619052,67.37271961551892,0.7300105251473499,10,3.6314131197800297
Jharkhand,2014,30832409,285.0696048829304,8.453354679941224,21.715062281585894,72.49112362058534,0.6808009708456265,10,6.354565521009037
Jharkhand,2015,31202398,287.9203009317597,27.521541594651758,22.395853176568064,66.90645731226263,0.7006375057814966,9,4.052289343036155
Jharkhand,2016,31576827,290.7995039410773,19.153077057818926,23.050324943212463,67.57122634673522,0.5782478904340482,16,2.1696973771208725
Jharkhand,2017,31955748,293.707498980488,23.596610244534332,26.233752081599036,80.4925215022559,0.6473547010823615,12,2.156165779872313
Jharkhand,2018,32339217,296.6445739702929,20.010901620021976,23.461468611775466,80.56512073572618,0.45509235296516803,13,2.3182307933126043
Jharkhand,2019,32727288,299.61101970999584,25.601018763632673,21.467162944431013,73.48944203104787,0.664435370584935,18,2.810257771948601
Jharkhand,2020,33120016,302.60712990709584,23.641942477871016,21.278219859716632,71.58094575006582,0.9676009446294659,16,8.059391903021506
Jharkhand,2021,33517456,305.6332012061668,13.175971908320049,26.202654656124587,74.51697472977251,0.7198588076661974,12,6.113788981844831
Jharkhand,2022,33919665,308.68953321822846,9.169980851596257,24.426046236765696,71.75006912087393,0.5640643282229534,17,3.4234217404965417
Jharkhand,2023,34326701,311.77642855041074,5.309710063154808,24.399281205410354,77.17613263360413,0.98,15,4.812972442673139
Jharkhand,2024,34738622,314.89419283591485,19.67836708555962,26.88041551943924,73.37118935772232,0.7882792633608464,10,6.9479625170112636
Jharkhand,2025,35155485,318.043134764274,12.49332121540932,26.826714454492084,78.15887362379455,0.7698323122350927,17,3.316387719818576
Karnataka,2000,36677259,467.0,28.801669243454988,24.26390646315849,53.04362784487925,0.44101488741522127,4,4.565835790276604
Karnataka,2001,37117386,471.67,24.23826605165033,25.364385508927143,69.47065730809682,0.3448275508193907,7,4.143638303510106
Karnataka,2002,37562794,476.3867,11.279942480772533,27.291458135261088,63.805812719957984,0.37646690831482554,9,3.04229750222384
Karnataka,2003,38013548,481.1505670000001,24.218481093046293,22.0807064176676,61.78764034197052,0.3627848162496128,7,1.7774622816523573
Karnataka,2004,38469710,485.96207267,16.700853360308045,27.707434860020815,66.62050911031668,0.44420552442112793,8,1.288511853270255
Karnataka,2005,38931347,490.8216933967001,25.062727289299314,23.854042945288647,68.16398497705794,0.4339805598359917,8,1.3672514706750984
Karnataka,2006,39398523,495.72991033066705,22.099372181257838,19.65106434090441,63.99070093437343,0.4195251153502202,7,3.0047626193970602
Karnataka,2007,39871305,500.6872094339737,31.191495432071207,27.743270502228647,75.14955698620584,0.6766410888652636,11,3.0543181681617724
Karnataka,2008,40349761,505.69408152831346,28.08390623972869,27.508769977283322,68.65304627965986,0.5647827660223366,10,2.3810608920626724
Karnataka,2009,40833958,510.75102234359656,22.751847532245648,22.891419213499923,69.74263702164167,0.6841256605729807,7,4.209869581580842
Karnataka,2010,41323966,515.8585325670325,23.15509829515248,25.703825229225394,67.50697582201973,0.4955379472982773,12,1.7587403394983676
Karnataka,2011,41819853,521.0171178927028,29.102122477889758,26.044018509556828,72.37168343532204,0.8204324634980436,12,4.37585820150996
Karnataka,2012,42321691,526.2272890716299,10.507801292339643,17.893407471546382,74.89162011198464,0.6521097496732923,8,1.4953924799736735
Karnataka,2013,42829552,531.4895619623462,19.95233052325446,18.240980531407033,72.73081126952881,0.5622326671122991,16,5.174481779347003
Karnataka,2014,43343506,536.8044575819697,29.895345215162926,20.945251067015317,69.90380891357437,0.6009170311207784,7,2.193402459194223
Karnataka,2015,43863629,542.1725021577894,23.74223137631027,25.020153883706673,76.85306498609765,0.7911821592639434,6,2.726959574289909
Karnataka,2016,44389992,547.5942271793673,19.197634539128646,19.02073324356581,63.87598648724881,0.753939996095616,10,5.813215040672695
Karnataka,2017,44922672,553.070169451161,21.493303011904185,23.235132619338906,74.5727286999855,0.7443455428991229,10,9.120669011203383
Karnataka,2018,45461744,558.6008711456726,24.189260435741428,17.579202363666063,68.79663004440718,0.7217198471812988,15,4.517528648567625
Karnataka,2019,46007285,564.1868798571293,20.241792460868727,21.220856610055385,79.17756323171125,0.6247576186216687,9,2.731660797357621
Karnataka,2020,46559372,569.8287486557006,17.672629680947104,29.233917519776043,75.59490176364207,0.8009959339497055,11,3.0287331616542073
Karnataka,2021,47118085,575.5270361422577,31.160298918073135,25.29887947608209,70.7119124962288,0.6972271194994869,15,3.863673183944938
Karnataka,2022,47683502,581.2823065036802,24.250204577651957,17.0080357093593,83.629633481614,0.9066262621597252,9,3.96739266668518
Karnataka,2023,48255704,587.095129568717,17.76692703705851,26.77281041861349,73.73052023853731,0.805282459368403,15,3.7882297859218257
Karnataka,2024,48834772,592.9660808644041,18.000938304691132,21.581797323750585,77.03574288825179,0.6558683550710881,20,4.652201073737422
Karnataka,2025,49420790,598.8957416730482,13.201940111959278,23.849386148874764,93.10396545514988,0.6915639569071004,16,3.730136992304986
Kerala,2000,21159131,172.0,32.466988456126344,24.396062767852673,66.80721018473663,0.49060160003059095,8,1.2268471750878738
Kerala,2001,21413040,173.72,22.945786842474803,26.822088431468046,68.08082452798968,0.4703121568018937,3,4.19173717280537
Kerala,2002,21669997,175.4572,12.940683763748755,25.85913433789841,63.023188055871856,0.3372400009091566,7,0.8536882715758575
Kerala,2003,21930037,177.21177200000002,22.546275068655916,30.33040674625687,68.14266993232404,0.6765611119204786,8,2.782079017338211
Kerala,2004,22193197,178.98388972,19.0761619690083,25.58649390543906,68.15435106638768,0.4958551122502085,12,1.4215630424382482
Kerala,2005,22459515,180.77372861720002,18.451488039876804,21.9378470637279,72.25323833891126,0.5061909509061269,8,3.5470537705060385
Kerala,2006,22729030,182.58146590337202,23.189861153428616,23.84151598627569,61.48996737546233,0.6726072875763491,10,0.9513436725126995
Kerala,2007,23001778,184.40728056240573,16.503454039645415,28.30420493899303,66.89961872933252,0.5470334858892034,5,3.5878865240362705
Kerala,2008,23277799,186.2513533680298,25.874856652629173,23.093863501530407,68.15276106826454,0.6578244845145955,10,5.068327794328987
Kerala,2009,23557133,188.11386690171008,15.299901228541016,23.267758578977396,70.20346356186185,0.568860385871792,9,5.616848151732251
Kerala,2010,23839818,189.9950055707272,27.42846781132495,30.060147320788943,75.83380231304473,0.6396688071150523,17,4.33904400896197
Kerala,2011,24125896,191.89495562643444,17.04586426608768,24.370643087866746,81.37078716875142,0.5543103954885676,12,4.373129284546222
Kerala,2012,24415407,193.8139051826988,32.12236667019665,22.407087306564108,70.52431109414275,0.6710805401387546,11,5.992790093375271
Kerala,2013,24708392,195.75204423452578,13.918432942214942,33.18584089621866,67.28408621345883,0.6074948715479803,11,7.915518954752503
Kerala,2014,25004893,197.70956467687108,29.93285418989294,28.719059175644567,71.07097215440919,0.6418994746119966,12,6.649378061635302
Kerala,2015,25304951,199.68666032363979,18.001185230588625,24.635636035955468,69.52221953226832,0.7945210391266404,11,1.9610638350642107
Kerala,2016,25608611,201.6835269268762,15.50142213667457,23.41060024971571,73.57070284559829,0.6004105984151713,5,2.5713535924410196
Kerala,2017,25915914,203.70036219614494,7.820613009638917,23.307269238955335,66.68893366959995,0.6494621176392588,15,2.929486092480322
Kerala,2018,26226905,205.73736581810638,14.876782472830438,22.944236046550472,71.9500196690127,0.5644660002900126,14,2.7509105881871037
Kerala,2019,26541628,207.79473947628745,15.123573006084946,24.996195747493218,80.80591671521003,0.6893710132883756,8,3.936729208843354
Kerala,2020,26860127,209.87268687105032,20.4387668794472,18.64240052419767,75.20185163773769,0.786132880703009,14,2.7889423670283935
Kerala,2021,27182449,211.97141373976086,8.041726466311555,26.34408666708753,73.36676875566819,0.7620411263122208,13,6.840289152861205
Kerala,2022,27508638,214.09112787715844,15.499404505228519,22.09332647578679,86.89425675926665,0.7414508680658506,14,6.392011359600071
Kerala,2023,27838742,216.23203915593,13.315272992326724,26.41767068564348,84.91926599286863,0.8114186195605552,13,4.440385397349939
Kerala,2024,28172807,218.39435954748933,15.085573296535182,29.112316548766472,85.6344585776736,0.8025595188760762,13,4.185579405153753
Kerala,2025,28510881,220.57830314296422,11.843025878715064,18.10712243329316,77.54219420700957,0.8663934001855541,10,5.164674190245572
Madhya Pradesh,2000,23546265,369.0,17.600387042218742,25.982170183391247,54.51662150715102,0.5536550189483594,5,0.5047941199490434
Madhya Pradesh,2001,23828820,372.69,21.31038723044954,26.500001735340923,60.07568603468739,0.49146497124166405,7,2.912688833599521
Madhya Pradesh,2002,24114766,376.4169,20.10565403428463,21.969512350838965,64.39676043966904,0.5446703022172481,1,5.353451333221805
Madhya Pradesh,2003,24404143,380.18106900000004,27.008904018075462,27.686941507467186,63.61346126485602,0.5500064044261781,5,1.2213751335096474
Madhya Pradesh,2004,24696992,383.98287969,19.46282427066934,21.801321342818323,67.05210895539388,0.616798507466052,10,0.557343372246843
Madhya Pradesh,2005,24993356,387.82270848690007,19.403801036958086,20.669989284342222,80.05024324703567,0.5515789947934073,4,2.6027217933411726
Madhya Pradesh,2006,25293277,391.70093557176904,29.797828475115487,23.34403676551229,60.83433973315584,0.5038203163774951,5,1.9140877793616695
Madhya Pradesh,2007,25596796,395.6179449274867,19.499922852025115,27.771447650587717,66.52332456491888,0.5980144341851544,7,5.224116129696063
Madhya Pradesh,2008,25903958,399.57412437676163,31.003129646193052,24.41353351464235,66.28635992043681,0.4254368060606265,12,1.7868777314217095
Madhya Pradesh,2009,26214805,403.5698656205292,27.347551949152532,27.115132964295448,64.95840256485474,0.43147554049765857,9,1.32227009155097
Madhya Pradesh,2010,26529383,407.60556427673447,22.944342169329364,20.556925830553,71.42604724816951,0.2410636834919132,10,1.7970624023258068
Madhya Pradesh,2011,26847735,411.6816199195018,14.906500875050977,29.242089593746677,76.26095782130191,0.5866133655337264,10,4.639364177468022
Madhya Pradesh,2012,27169908,415.7984361186968,9.276380196708896,24.810172075174265,62.63872512290112,0.6217639144697438,11,1.8890296655457837
Madhya Pradesh,2013,27495947,419.95642047988383,20.53706063124119,20.974007996499516,71.4134197171701,0.7308194880912822,13,8.264308809934347
Madhya Pradesh,2014,27825898,424.1559846846827,20.98412048800202,27.817060500320302,77.06246051389901,0.6946468395390029,10,1.7071748701075367
Madhya Pradesh,2015,28159809,428.3975445315295,21.80029740403109,25.519100932578763,74.88609392535842,0.5655535077415312,11,10.0
Madhya Pradesh,2016,28497727,432.68151997684487,27.69836433152144,25.80635496117745,74.96018430641872,0.6645349236118617,12,2.3934375661576457
Madhya Pradesh,2017,28839700,437.00833517661323,7.734015684330455,25.746733432691283,74.87012689554595,0.7590786666401587,10,2.1755208418626637
Madhya Pradesh,2018,29185776,441.37841852837937,15.318366799470136,29.66306297202057,78.58276562266879,0.5597422117080131,9,3.272628833547456
Madhya Pradesh,2019,29536005,445.7922027136632,19.977378001220874,25.300165847201683,65.57845066076081,0.6955680674290132,11,3.2744101540741286
Madhya Pradesh,2020,29890437,450.25012474079983,7.883923547138945,15.503533205668294,74.744205707955,0.8162088959893105,12,6.737837480377891
Madhya Pradesh,2021,30249123,454.75262598820785,11.84674656289185,17.291012915057564,79.65381094787942,0.7425835930486797,15,2.6030106787640706
Madhya Pradesh,2022,30612112,459.3001522480899,4.0,22.025254762998454,80.46754356277233,0.6621247158894384,16,3.9917820568575375
Madhya Pradesh,2023,30979457,463.8931537705708,17.400036582699922,21.278975524852022,79.69915539768952,0.8534896712285811,7,4.759957401050749
Madhya Pradesh,2024,31351211,468.5320853082765,22.354444389735384,22.991235783956785,81.52744966620116,0.9536696308374274,13,3.1597723250884022
Madhya Pradesh,2025,31727426,473.2174061613593,8.584278867487049,18.639162805980455,85.78673155861783,0.9793916843277148,8,3.5015566135944804
Maharashtra,2000,82416826,1007.0,17.80084166692241,23.12323435366848,65.76550996467162,0.5721788697178503,10,3.489830463289136
Maharashtra,2001,83405827,1017.07,36.539130440025346,25.05282751468712,73.73190202834316,0.4046856463401889,8,4.768153145854953
Maharashtra,2002,84406697,1027.2407,38.30123480003433,16.00700303677666,69.5647160224752,0.26824849088675434,3,9.82242740038381
Maharashtra,2003,85419578,1037.5131070000002,23.233247713347986,25.258829916072354,62.48058519705117,0.6485357917989301,8,3.053394302012029
Maharashtra,2004,86444613,1047.88823807,19.022385181155542,25.084251951819308,60.934292281206766,0.5786868373410811,6,6.186089815545309
Maharashtra,2005,87481948,1058.3671204507002,21.834385208128886,21.73262549952491,73.24353563208282,0.7236488535705954,5,1.2582061594459368
Maharashtra,2006,88531731,1068.9507916552072,19.036580967878187,23.681335518473965,69.01740562759925,0.4776029893910974,3,4.590527305480462
Maharashtra,2007,89594112,1079.6402995717592,21.664595074671304,23.887288065061558,60.54399348277538,0.7343925872943884,9,5.304893927011401
Maharashtra,2008,90669242,1090.4367025674767,18.255097407585172,25.96512184134537,72.9783079837548,0.5041501039902219,8,2.6558207154740683
Maharashtra,2009,91757272,1101.3410695931514,9.8069970248437,21.97355646888022,73.76566010344857,0.3005697023921025,8,3.926221332887878
Maharashtra,2010,92858360,1112.3544802890829,30.406776787178835,21.42149988059947,73.62595195168865,0.4634631408415638,12,4.548058922679731
Maharashtra,2011,93972660,1123.4780250919737,29.00857401359645,20.57498453478183,69.71649785048217,0.5902422235656806,16,8.131708373588127
Maharashtra,2012,95100332,1134.7128053428935,25.768270426034153,25.628485053812028,79.54791268680444,0.6654512743877862,7,2.1693133918678926
Maharashtra,2013,96241536,1146.0599333963225,25.202391530370384,25.353675957955524,78.71746833444963,0.5036350959148344,11,4.428449251600494
Maharashtra,2014,97396434,1157.5205327302858,9.077326338579724,29.48304294884909,77.98983835333182,0.5680967891896437,8,2.344256249059134
Maharashtra,2015,98565192,1169.0957380575887,27.22321686398028,26.085608700252,75.4187551183075,0.5564551990919101,15,5.112069437382253
Maharashtra,2016,99747974,1180.7866954381648,16.88298817987218,17.65540111494903,73.55489450174319,0.7540182092189432,11,2.1328021492371287
Maharashtra,2017,100944950,1192.594562392546,11.774885487893366,29.73425726141917,68.79772214498767,0.7277375785465298,10,10.0
Maharashtra,2018,102156289,1204.5205080164717,27.533158609296574,29.853426144893383,71.9345827221476,0.7200600078040356,7,3.2024222016305
Maharashtra,2019,103382164,1216.5657130966363,16.363189575621213,26.315760464510024,78.60653575849624,0.6470212563468004,10,5.2719368111424885
Maharashtra,2020,104622750,1228.7313702276028,17.667660608319654,24.457304300622557,82.91117014469158,0.889283880431662,21,2.4027817825794573
Maharashtra,2021,105878223,1241.018683929879,11.313589980032248,21.863337709052846,83.53367310088665,0.9373602486847175,14,5.7820445150563184
Maharashtra,2022,107148762,1253.4288707691776,23.190192629036744,20.263218265156336,68.34999772290563,0.8650462408221518,9,7.092320842405075
Maharashtra,2023,108434547,1265.9631594768694,17.188675535153433,25.93946861317731,77.72166181226183,0.6902446691455559,9,5.873176914631546
Maharashtra,2024,109735762,1278.6227910716382,7.614942160106615,21.72643141198237,79.52428751875635,0.7739454157418699,15,3.102232097727325
Maharashtra,2025,111052591,1291.4090189823544,4.0,26.629366936508806,72.1925338877907,0.98,11,3.945543472031396
Manipur,2000,13433238,195.0,33.511188070888224,16.53657403039476,71.38482693044094,0.490562817732205,6,2.5018742620878154
Manipur,2001,13594436,196.95,25.899749852427714,20.922741949079168,71.10410699211302,0.5923645157847761,6,0.9570788081887017
Manipur,2002,13757570,198.9195,36.71628229722268,20.955721520442445,64.39268616653007,0.5299735245721743,6,0.3867938439674059
Manipur,2003,13922660,200.90869500000002,24.976788754143445,21.287795130792,59.05519737473262,0.5259571177465417,6,2.737450685194497
Manipur,2004,14089732,202.91778195,32.9390338690841,25.722213662682005,74.39797322572898,0.3489446701817862,6,1.4286644153083228
Manipur,2005,14258809,204.94695976950004,16.84178475400465,27.69000171815745,63.176472871246425,0.7204162265726786,9,1.6361584307366517
Manipur,2006,14429915,206.99642936719502,15.095823622070643,24.065831424645996,58.27521306207632,0.4576802349936695,8,4.9213057775220275
Manipur,2007,14603074,209.06639366086696,23.23516069753854,25.53258896744495,81.42291376291253,0.48992611946848036,7,0.9908757407798355
Manipur,2008,14778311,211.15705759747564,34.790336406839614,27.57164578303079,70.86287015316107,0.6932383515983679,8,1.370552478062417
Manipur,2009,14955650,213.26862817345037,33.23525306073885,19.842036172803006,72.92794620917938,0.7636935729993948,11,4.28092958638353
Manipur,2010,15135118,215.4013144551849,20.3917304624148,22.52168181527119,84.16768970015802,0.663809385975079,10,2.648901855622018
Manipur,2011,15316740,217.55532759973673,13.011881409463651,28.587889652518598,72.25822283459642,0.5442519139209119,12,5.155889565571737
Manipur,2012,15500541,219.7308808757341,11.070418944203983,29.24021681252504,72.45891925599477,0.6992152588696581,11,3.8964154977557857
Manipur,2013,15686547,221.92818968449146,12.070154295218774,24.87814644642556,73.5276059888412,0.5713052921990021,13,2.2029553196922853
Manipur,2014,15874786,224.1474715813364,15.844942608722416,24.704933624448742,67.31837083602451,0.6347799710649719,7,2.9022814327293203
Manipur,2015,16065283,226.38894629714974,18.234071910890858,22.31817708945807,59.35275654998866,0.9213566429401996,10,2.192589948652641
Manipur,2016,16258067,228.65283576012126,14.233965870862656,24.028395582068043,75.23261602509027,0.6018530283761434,12,3.960399090159787
Manipur,2017,16453163,230.93936411772245,19.251720673603543,19.989823683372208,73.14088315518171,0.7208313560126349,19,2.9196182614011494
Manipur,2018,16650601,233.24875775889967,7.97437049525997,24.358800788001314,77.39580145045996,0.7357224914494438,8,4.182696222767472
Manipur,2019,16850409,235.58124533648868,24.321542059901553,28.15904819178853,74.8890970650869,0.42262354946072417,12,3.301318002146963
Manipur,2020,17052613,237.93705778985358,17.66233783464618,25.522262783499865,72.42037636368786,0.8861153752665855,12,2.6549867740954527
Manipur,2021,17257245,240.31642836775214,19.577195124179898,22.394049862297024,80.1574978768093,0.98,13,2.708789573896527
Manipur,2022,17464332,242.71959265142962,10.815050620996741,20.063452567416654,80.71357445886629,0.7382047855702252,18,3.914284689130941
Manipur,2023,17673904,245.1467885779439,17.73784702170601,23.81698808443385,81.30120234718285,0.7309679632272998,12,4.121865371363042
Manipur,2024,17885991,247.59825646372337,22.606088567031343,24.848838553522455,81.09861929687379,0.8438403150020227,7,3.2570205290294987
Manipur,2025,18100622,250.07423902836058,22.677112018560955,17.349543481937808,82.51372403745407,0.5258075015603907,17,3.3568190108751046
Meghalaya,2000,11680555,313.0,33.208590890582876,20.49377691452062,51.86467321595917,0.3874318689817497,7,3.389620389146452
Meghalaya,2001,11820721,316.13,24.305823954971782,23.518919756865508,67.25425652307788,0.6391201725757604,8,1.4779393665709537
Meghalaya,2002,11962570,319.2913,26.280259865629517,31.534669654753273,56.99961127747124,0.4761263266740635,5,0.4796863250470165
Meghalaya,2003,12106121,322.48421300000007,28.91557481977062,30.361704361291505,69.69709491449484,0.19369979983182584,7,1.7638650888419338
Meghalaya,2004,12251394,325.70905513,25.3247143555961,24.582155830817623,61.049694556439846,0.5444347025162051,6,2.8690136924561855
Meghalaya,2005,12398411,328.9661456813,23.427522499465354,20.119477124387714,64.52152561401468,0.41482476199001106,7,1.0174507120278808
Meghalaya,2006,12547192,332.255807138113,21.955871255715902,26.998257098033733,78.11646343863579,0.6304891119789707,9,1.343240999176103
Meghalaya,2007,12697758,335.57836520949417,34.498872574715556,24.002048456872448,73.1106500076573,0.4600920741998937,13,3.624636100118832
Meghalaya,2008,12850131,338.9341488615891,24.986579613707647,28.86749502270304,69.91101967271318,0.3946890073618012,10,4.43855797148466
Meghalaya,2009,13004333,342.32349035020496,12.350872873876426,20.529064574573123,70.2848757277675,0.49755863196650507,10,8.332149318314485
Meghalaya,2010,13160385,345.74672525370704,14.19362170376106,27.689322673565812,82.10341898291557,0.6010593765920873,12,6.088752945361455
Meghalaya,2011,13318309,349.20419250624406,23.01151373104354,21.834110018624614,75.82763049942605,0.7531463568942736,8,5.846471970645098
Meghalaya,2012,13478129,352.69623443130655,12.132105835183449,24.63480114176552,72.65550433303062,0.8467841605751201,11,5.850978299915219
Meghalaya,2013,13639867,356.2231967756196,23.0001554682327,26.518405513555216,78.89097355877128,0.771884196645387,9,4.790840921725735
Meghalaya,2014,13803545,359.78542874337586,18.074346430971435,21.215572085162847,73.76362313701644,0.6824754659787863,12,2.395181050723587
Meghalaya,2015,13969188,363.3832830308096,18.157749646567982,24.922838004567588,71.37716493116474,0.8372643214640574,7,3.7645674108118943
Meghalaya,2016,14136818,367.0171158611177,18.234493003375302,24.66443309302775,67.75865530637185,0.5396045247236081,12,7.218880863037042
Meghalaya,2017,14306460,370.68728701972884,37.65855781756839,30.923748751848333,74.29275465376242,0.6922395596962423,14,3.3809811098385554
Meghalaya,2018,14478137,374.39415988992613,26.195700047620306,22.854203184823906,78.35113822584803,0.6618251188371728,14,3.6913551926539494
Meghalaya,2019,14651875,378.1381014888254,22.548085171812872,21.515411181104298,66.30756067805682,0.7524076495151257,12,3.3378643837147144
Meghalaya,2020,14827697,381.9194825037137,8.545358433464138,22.77409226238999,79.39409374106538,0.8315490822192769,9,2.574996164119333
Meghalaya,2021,15005630,385.73867732875084,18.530071248259002,24.50417941790046,72.6242575907331,0.7432196205437199,13,3.694308868580763
Meghalaya,2022,15185697,389.5960641020383,24.933484910936123,26.422385506837333,77.66756058409727,0.72554490178031,17,4.108292269091005
Meghalaya,2023,15367926,393.4920247430587,16.420628775848638,30.126228120431232,80.18679230982337,0.7923265224979543,17,4.6926142177151045
Meghalaya,2024,15552341,397.42694499048935,17.13046689229637,22.311923926679302,72.29423429927189,0.7479435503461486,18,7.273738520497422
Meghalaya,2025,15738969,401.4012144403942,10.307979044933777,21.720890647559138,71.14465723455955,0.8815850856501847,14,8.216768183238836
Mizoram,2000,37859292,141.0,24.098077238368766,23.019911360440908,59.78711152664712,0.30933194958760324,4,0.18286703290328354
Mizoram,2001,38313603,142.41,25.686376456626494,27.909834111948193,68.53082900196391,0.41551034181402235,3,3.7881383360759435
Mizoram,2002,38773366,143.8341,20.36461663231921,21.327331164173824,61.93899184339209,0.30446804314666553,5,1.989649804727858
Mizoram,2003,39238647,145.27244100000001,27.72985350533014,26.43239593677513,61.830686625825734,0.545422985147399,4,1.160472180942619
Mizoram,2004,39709510,146.72516541000002,21.103096862322186,23.62881316117549,65.41160153192699,0.36791633301329285,9,0.8746217456409385
Mizoram,2005,40186025,148.19241706410003,24.673950768490844,26.58545040965647,61.75302398470236,0.3920420349548511,7,1.2778271897010876
Mizoram,2006,40668257,149.674341234741,28.473337351340675,19.884770612209483,76.64390427867187,0.6393875628221548,8,3.5990053817702288
Mizoram,2007,41156276,151.1710846470884,20.006964378088405,23.546102339302433,62.22105398903758,0.6259619090110081,4,6.882921824775622
Mizoram,2008,41650151,152.68279549355933,21.757730087116673,23.353171264295934,67.94071058860666,0.4825846053983589,10,7.166946822011922
Mizoram,2009,42149953,154.20962344849488,14.8157900861736,19.569225217404295,66.70314296270482,0.7280279201296287,11,9.226039061252203
Mizoram,2010,42655753,155.75171968297983,17.544709725250073,15.300318659175003,74.49160407878101,0.5696457960929083,15,4.0002760391279875
Mizoram,2011,43167622,157.30923687980965,30.28867274425911,23.033915536523825,78.22716054547539,0.4461821988602954,12,7.0258587626139395
Mizoram,2012,43685633,158.88232924860773,31.333019888765577,24.672704233605874,70.46786746996551,0.43661191690766066,6,1.4423596514097572
Mizoram,2013,44209861,160.47115254109383,24.316093891716342,20.437603794784685,73.70756665753777,0.7907968213550685,7,3.8522986368197776
Mizoram,2014,44740379,162.07586406650478,24.725023804484355,26.282539962934433,73.70042997307583,0.706597440650814,9,1.8572386003155377
Mizoram,2015,45277264,163.6966227071698,25.04802402575956,22.351186246005497,65.77203692979093,0.8556654230286994,11,2.8388052238225967
Mizoram,2016,45820591,165.33358893424153,21.82577941769928,25.284558743431727,73.20003349062759,0.5365163116536256,8,3.836165103768489
Mizoram,2017,46370438,166.98692482358393,11.194794708123823,25.56165917319728,78.35074388213931,0.47979375231807164,16,3.4690781282917538
Mizoram,2018,46926883,168.65679407181977,18.095849989121337,26.306519027906692,72.7588674627762,0.7635738753293427,10,4.237672422377139
Mizoram,2019,47490006,170.34336201253797,10.498967638113673,25.039908589697518,83.69012637782163,0.5554561015108798,14,5.0266731149192125
Mizoram,2020,48059886,172.04679563266336,25.17537711627471,28.92184369046486,92.76028367256042,0.6151807160112482,11,2.950232727003751
Mizoram,2021,48636604,173.76726358899,13.468559499369825,25.520632369171683,76.96559642948903,0.665881898636818,15,3.3300151204386914
Mizoram,2022,49220244,175.50493622487988,4.347073372697174,26.25329836352193,67.87458476871839,0.7834149097419791,16,4.249792811671954
Mizoram,2023,49810887,177.25998558712868,19.381173086445575,23.303086518791492,78.94625739850937,0.7625667886787801,17,2.9831794521631716
Mizoram,2024,50408617,179.032585443,15.508101232266679,25.417891037530218,72.56570818359587,0.8811080728616797,14,3.0746223614197055
Mizoram,2025,51013521,180.82291129742998,10.709620676175442,22.170297711384233,87.87694737028083,0.8284548976486178,7,3.317341374324947
Nagaland,2000,23381281,156.0,32.065268348617515,23.362264116034297,62.39568167424572,0.26030990192286707,4,0.9477877743388547
Nagaland,2001,23661856,157.56,22.942082189241315,21.551886313817185,66.68708287843356,0.42580518130973194,11,6.583756041567532
Nagaland,2002,23945798,159.1356,24.06619829769168,21.933343372273782,67.22379441200893,0.5719053935376738,6,0.28039499155735437
Nagaland,2003,24233148,160.72695600000003,23.17394324207865,25.17992115001597,63.10971458169304,0.516750139512246,11,1.2865424641862364
Nagaland,2004,24523946,162.33422556,27.98218629508828,27.382122031336667,62.8285934460168,0.4408866226291527,6,0.880299624302767
Nagaland,2005,24818233,163.95756781560002,21.259775362361765,22.915102429148522,65.96309316309095,0.7015672258018564,2,2.075689374484851
Nagaland,2006,25116052,165.59714349375602,23.077028394206188,24.19605178829329,68.99878263449608,0.4368920229484295,13,7.3469362050145115
Nagaland,2007,25417444,167.25311492869358,25.77294538583554,22.230315730611327,68.53915322177815,0.5636734758461147,13,1.827130958229172
Nagaland,2008,25722454,168.9256460779805,18.2710738580735,28.254716348718873,64.37894960110094,0.8240096185775581,6,2.23699330330614
Nagaland,2009,26031123,170.6149025387603,22.117592069304692,22.093730679492733,78.82174258062491,0.7050026058111386,7,2.2281542567752535
Nagaland,2010,26343497,172.3210515641479,20.664477308866722,25.013872584696355,75.45651843434878,0.6005075830792982,12,3.194698929174991
Nagaland,2011,26659619,174.04426207978938,26.540997433755734,23.348606775161393,74.23268341836153,0.5577107152568639,9,2.204054019544242
Nagaland,2012,26979534,175.7847047005873,19.283133297595842,28.524742209555004,69.21317617231259,0.5714791230865202,10,6.98423367300442
Nagaland,2013,27303288,177.54255174759317,30.68044619109254,22.971363415327307,74.19174317322334,0.5838943964881039,8,1.6603937670500004
Nagaland,2014,27630928,179.31797726506912,18.813015127400337,20.676174987255013,66.85610843961535,0.8921266233490236,16,3.597212908062541
Nagaland,2015,27962499,181.1111570377198,4.678420778825963,22.512365483969553,79.48650093771855,0.48712223620732853,11,2.6167306479704813
Nagaland,2016,28298049,182.922268608097,8.718816850242925,25.813777034107513,71.2209301448334,0.5014106305584987,12,2.339629368114107
Nagaland,2017,28637626,184.75149129417795,21.164383513853117,15.436120011286826,70.915740674361,0.5698735246906741,6,10.0
Nagaland,2018,28981277,186.59900620711974,16.841888875070204,25.290197061525955,80.03473250884956,0.7375811041150131,20,2.60019577430549
Nagaland,2019,29329052,188.46499626919092,17.67294885798451,25.675009269635115,85.68323718280978,0.677188083468783,10,4.185297708486164
Nagaland,2020,29681001,190.34964623188287,9.943879206483437,22.993800238863514,89.55769798435071,0.7451339261301319,10,5.368363957442758
Nagaland,2021,30037173,192.2531426942017,18.259489033546295,24.02566824247305,69.74559271437043,0.9276687522852418,17,3.7333650653575834
Nagaland,2022,30397619,194.1756741211437,11.093021158501763,18.269364213640593,77.77590162670128,0.9612132815916493,17,3.68663969255131
Nagaland,2023,30762391,196.11743086235515,12.260646093466352,26.09606644055113,78.9260543377004,0.6098258126468554,11,5.372424272038796
Nagaland,2024,31131539,198.0786051709787,4.0,25.77424652785916,79.75940467859438,0.8665727839793809,19,4.985315841085356
Nagaland,2025,31505118,200.05939122268848,16.40308815473759,27.106330249250835,75.81968923949988,0.98,9,4.254166699921205
Odisha,2000,34007610,300.0,29.557089324916646,23.124724103224388,64.70086928235048,0.509227224520115,5,0.126377327030594
Odisha,2001,34415701,303.0,15.15930143938669,20.336767607735798,65.1143444542118,0.22570453878248925,8,2.978622316273225
Odisha,2002,34828689,306.03000000000003,28.759536458284828,28.587912583460657,67.51107366118428,0.40680764466640074,5,4.881750996835433
Odisha,2003,35246634,309.0903,14.89566001045399,23.374595368378777,72.83304077431957,0.3117398572092423,5,3.4037552226488397
Odisha,2004,35669593,312.181203,19.88839919466276,20.278937243547084,68.86824386931536,0.5019324525418816,6,4.239632543140775
Odisha,2005,36097628,315.30301503000004,23.610112372683787,24.316961475078184,74.97312694105588,0.3995742765215148,3,1.9156206398503723
Odisha,2006,36530800,318.45604518030007,29.921697378506302,20.76996261758696,64.787403804267,0.6643563470486976,12,1.5228071525925473
Odisha,2007,36969169,321.640605632103,9.819581085123271,23.047948523272396,73.90590933209985,0.5780277283047643,7,2.5936180364439556
Odisha,2008,37412799,324.85701168842405,14.877603255654288,21.4646141675202,64.30176352975369,0.5570406419803359,14,3.5069372342202714
Odisha,2009,37861753,328.10558180530825,20.650121618114706,21.585121739687583,72.3809970019209,0.3679972281099104,7,2.654309120763963
Odisha,2010,38316094,331.38663762336137,22.77167964372521,21.670502578521,71.7856395949547,0.6211427787003231,4,1.5644769162585648
Odisha,2011,38775887,334.70050399959496,16.482325185469495,19.70198613078104,72.32918235107691,0.6852359323819606,11,4.302491393105293
Odisha,2012,39241198,338.0475090395909,24.780004905603256,25.533979932487064,78.8519084282903,0.7885274086024161,6,10.0
Odisha,2013,39712092,341.42798412998684,19.048953429701015,26.54064631165474,72.22387883723901,0.5988068533907903,14,3.0974285622113853
Odisha,2014,40188637,344.84226397128674,18.77420893173364,22.095804329200185,77.28323014197075,0.6532638860448499,12,3.5427768248519227
Odisha,2015,40670901,348.2906866109996,16.89490341954115,17.344956719846756,80.84850553827093,0.5446734501458297,13,2.580426132588051
Odisha,2016,41158952,351.7735934771096,14.031421473446496,22.87640322183815,72.99007816770374,0.7030564451646489,17,3.45724375949845
Odisha,2017,41652859,355.29132941188067,19.560105490967583,22.315326761008123,72.43455091542934,0.7885036606912543,11,7.2813770385886505
Odisha,2018,42152694,358.8442427059995,19.66514914476887,19.263974394291033,74.73749317654418,0.8614738079084001,11,2.3994971654699464
Odisha,2019,42658526,362.43268513305946,20.2844674786079,28.490131222337943,73.92517259815963,0.6752913002028943,9,4.495607121745071
Odisha,2020,43170428,366.0570119843901,17.57441500319938,22.220025331110197,74.30769269688729,0.8691515723154634,11,3.201246357168823
Odisha,2021,43688473,369.71758210423405,23.73158093852205,29.548086424159145,81.81552666161619,0.9045406293041983,10,2.8570023287376936
Odisha,2022,44212735,373.4147579252763,18.498492942268914,21.585721960143783,72.46799846641107,0.8358927982188988,15,6.4419894316340685
Odisha,2023,44743288,377.1489055045291,20.87481723537757,25.542187657274326,76.4941513398269,0.8857877609895768,16,10.0
Odisha,2024,45280207,380.92039455957445,15.87341698686738,22.61588335575963,82.00243922387116,0.7118486388374872,10,4.584879266245381
Odisha,2025,45823570,384.72959850517015,17.524197786110875,22.26623766950187,84.40573360406684,0.8251590826481289,10,3.6627773077011554
Punjab,2000,3192271,370.0,30.140214881455336,29.032131263416467,60.97414124128562,0.5792217773589217,7,6.171302291793362
Punjab,2001,3230578,373.7,27.582928970120637,23.117084970419395,67.06637482630157,0.3758670186565549,8,0.3640800584678229
Punjab,2002,3269345,377.437,32.351497217706964,22.937463733392896,60.482202701172504,0.544997482542071,7,3.1095416721771274
Punjab,2003,3308577,381.21137000000004,15.47278869726519,26.291581054900266,66.53446599151545,0.4288821835754101,12,4.153278626528347
Punjab,2004,3348280,385.0234837,22.086802489586244,26.29872892512153,62.19903140092052,0.743423408913232,9,1.2599275781582127
Punjab,2005,3388459,388.87371853700006,24.397227846441506,26.16231625451465,63.20511878232776,0.6297502016799944,6,3.2409023027638195
Punjab,2006,3429121,392.7624557223701,32.37362935386145,19.176315580712792,67.37859530111733,0.5921155291194432,12,1.609627939761681
Punjab,2007,3470270,396.6900802795937,20.491448229059888,22.503704438419106,66.95598099418609,0.6948392901362594,9,0.9857299980269609
Punjab,2008,3511913,400.6569810823897,23.056820501886637,21.046397848554097,69.77022645393635,0.6640803335172898,9,10.0
Punjab,2009,3554056,404.66355089321354,29.472287485766323,23.67478562137565,77.27392049485115,0.5471879596777577,8,6.249459677758167
Punjab,2010,3596705,408.71018640214567,16.60040943908188,21.990589925772415,66.62138207250072,0.7378135147840468,8,1.2504377197015024
Punjab,2011,3639865,412.79728826616713,13.572702959736382,30.821823116031602,70.40203837673145,0.6160516181862441,12,6.3637335614328645
Punjab,2012,3683544,416.92526114882884,16.614845790193264,29.84473297540433,64.96533965098571,0.6228961710709677,11,10.0
Punjab,2013,3727746,421.0945137603171,7.695967211265533,15.503022225047577,76.86990430098871,0.660434094048596,14,4.730827385197806
Punjab,2014,3772479,425.30545889792035,17.998925254490608,31.914525769861797,72.59454811369164,0.4950754314845703,11,3.637353945436353
Punjab,2015,3817749,429.5585134868995,17.108220068283252,21.176931898000863,75.23041807658204,0.5787263967432548,11,2.422661805134066
Punjab,2016,3863562,433.85409862176857,16.659123468740237,20.52476048228163,75.58824651449753,0.7380830204502847,11,2.1399287157598526
Punjab,2017,3909925,438.19263960798617,22.11383690966138,19.105994668748778,77.60130250702963,0.5783870789423462,9,5.789456961051967
Punjab,2018,3956844,442.57456600406607,23.995340874121585,28.691700434698596,69.92962934195512,0.6253593682618365,15,2.755900719210338
Punjab,2019,4004326,447.0003116641067,12.623179180881026,21.149809507601617,69.18197868915118,0.6770508192647379,22,3.313139238043422
Punjab,2020,4052378,451.4703147807478,15.235409157166199,24.812509547501865,79.16736415821187,0.6889725296069182,14,4.83577299021718
Punjab,2021,4101007,455.9850179285553,10.642803993486728,19.664384206763323,80.93134836021761,0.8343574228367469,12,4.173526706032597
Punjab,2022,4150219,460.54486810784084,19.140477769508973,25.642967315757577,81.03153269366794,0.7133863516406745,18,10.0
Punjab,2023,4200021,465.1503167889192,30.13023195722263,27.55276993558852,82.41413447492755,0.8084158989844065,16,2.7934254684882616
Punjab,2024,4250422,469.80181995680846,4.0,30.33704912845726,75.45057845416541,0.8097713240413492,17,6.50200842296945
Punjab,2025,4301427,474.49983815637654,7.866219482790228,23.850359537615645,74.76939457468748,0.8818088898854959,20,3.427575512462667
Rajasthan,2000,11462498,431.0,27.84780072408504,28.401488008953788,66.44760104658177,0.341897411228018,9,8.248461715808372
Rajasthan,2001,11600047,435.31,25.28726204666013,24.542322716177523,65.09814113861371,0.3684258026164017,1,2.513973279627563
Rajasthan,2002,11739248,439.6631,20.654675825415072,24.864687391035886,61.58263791579083,0.34092064793712057,6,0.5510271963644979
Rajasthan,2003,11880119,444.05973100000006,30.726097448593038,23.54176629656244,62.95319475635984,0.5128303474899673,8,1.3935336409302166
Rajasthan,2004,12022680,448.50032831,23.881838742416726,22.02344625060811,70.79910172914485,0.5265023487268422,11,1.07076091595985
Rajasthan,2005,12166953,452.98533159310006,27.407797128364017,25.107370963012063,65.68687689974175,0.49715705875000343,7,0.7992925738432616
Rajasthan,2006,12312956,457.51518490903106,15.55220993825456,26.202542380605408,59.403947235769415,0.5289387000021113,12,2.5507960052828826
Rajasthan,2007,12460712,462.09033675812134,19.3954277174503,23.010478270174954,70.30236160386342,0.43544734844757615,6,0.9369798763190224
Rajasthan,2008,12610240,466.7112401257026,23.087206562175282,29.24266472286979,68.71190909914259,0.5500477327535547,11,3.3826262197374772
Rajasthan,2009,12761563,471.37835252695953,29.78221231017396,26.908145360846987,60.12779889006178,0.8673710938693172,6,10.0
Rajasthan,2010,12914702,476.09213605222914,24.114373341629552,21.06757608918379,73.73064176596776,0.5047804249997626,11,2.6948842026142437
Rajasthan,2011,13069678,480.8530574127514,22.468356755845583,19.853092172589715,64.91857955707513,0.7364926124195394,7,2.3273875681601597
Rajasthan,2012,13226514,485.661587986879,20.574324378280995,29.385325345031823,67.21179050601185,0.6297262878289044,9,1.4795509766110926
Rajasthan,2013,13385232,490.5182038667478,15.505195423551367,23.26758025107201,70.8363131860577,0.6168755852166157,5,10.0
Rajasthan,2014,13545855,495.42338590541533,19.721243783693005,26.91482868975416,77.73208792727277,0.5676798499090441,17,2.6278618980226236
Rajasthan,2015,13708406,500.37761976446944,22.947617756518454,27.137337454807096,75.67230032048502,0.7560468882351588,6,3.635936725120943
Rajasthan,2016,13872906,505.3813959621142,16.836878635731786,24.119572624754916,71.57087760591203,0.837387411059823,11,3.1122016214854176
Rajasthan,2017,14039381,510.43520992173524,18.492434924172606,17.327940532916145,74.31353288405046,0.7047118139701739,12,10.0
Rajasthan,2018,14207854,515.5395620209526,15.218104932127304,20.98306204082415,66.60693611752151,0.5574745284054727,14,2.78459022366529
Rajasthan,2019,14378348,520.6949576411621,17.413432505545813,29.29893182116762,70.41906564882035,0.6981835782661686,9,2.519698093586975
Rajasthan,2020,14550888,525.9019072175738,22.735624854586188,24.415957876418556,72.1181017573996,0.6052304359249141,8,2.4948302912569438
Rajasthan,2021,14725499,531.1609262897496,18.058910287739455,25.759682304320638,87.28777150981168,0.44598282817749463,10,8.353329243423202
Rajasthan,2022,14902205,536.4725355526471,20.52948537070592,23.13818252365361,79.05414039711819,0.8328941918810612,16,7.152723161949143
Rajasthan,2023,15081031,541.8372609081734,24.19118164824298,28.790549383817527,79.49400227270755,0.9362683921881075,18,2.921197707190613
Rajasthan,2024,15262004,547.2556335172552,9.36299852550921,17.694887015670595,75.13728878470488,0.818745783956505,12,10.0
Rajasthan,2025,15445148,552.7281898524278,8.538146722016947,27.10765398466075,86.05951801552892,0.948771921395077,13,6.036740106347995
Sikkim,2000,27092326,334.0,18.620959865563897,25.243898685724016,65.8481585309281,0.7912736875830817,4,1.6533945000306711
Sikkim,2001,27417433,337.34,19.10556797771687,27.418913436042093,60.1642824988135,0.39761713713423225,6,1.5091117216341705
Sikkim,2002,27746443,340.7134,35.731597781708146,22.02881124257486,71.89308535726893,0.3418811323187312,6,0.5758461713055892
Sikkim,2003,28079400,344.120534,32.59345830618827,22.566514867877792,68.24506227766169,0.5792348989958791,10,0.38541482517613324
Sikkim,2004,28416353,347.56173934000003,25.89153497020648,22.414111525199466,57.71847096829999,0.2744718570164543,12,6.670411309751591
Sikkim,2005,28757349,351.03735673340003,15.713493957334611,25.36871639210194,76.05647883455131,0.6409131702566688,6,3.529337436205444
Sikkim,2006,29102437,354.54773030073403,27.354090453662096,24.88274493830117,68.91329683127273,0.7495669965379025,13,2.709499854090805
Sikkim,2007,29451666,358.09320760374135,24.457065307702408,28.025248451254793,69.72669522414698,0.5912830431620294,6,1.3653185843713427
Sikkim,2008,29805086,361.6741396797788,19.532459838289164,21.754065892454047,71.14511134630848,0.6153157763319492,9,4.795891796561683
Sikkim,2009,30162747,365.2908810765765,13.363101068135979,23.910549549993515,65.91513847950442,0.6869502317445466,11,1.4687216727724044
Sikkim,2010,30524700,368.9437898873423,10.741577555406412,22.328996715468033,68.26951012191478,0.6151198736993955,4,4.393370909965153
Sikkim,2011,30890997,372.63322778621574,25.026277280322468,20.77824837406267,81.08018747576969,0.6001008951039817,16,2.6213991663705842
Sikkim,2012,31261689,376.3595600640779,19.85467647756457,18.73952592774186,70.63002451846025,0.6677248241038964,8,4.500313493564468
Sikkim,2013,31636829,380.1231556647187,16.27346668500207,19.853532092173587,77.59678679752248,0.6284372069460281,10,3.4174981972404512
Sikkim,2014,32016471,383.9243872213659,20.011705804438016,25.31491111430505,73.85158345759464,0.6282498903733696,9,2.4989875580938916
Sikkim,2015,32400669,387.76363109357953,22.693425528972668,23.340468888662453,75.76711261902778,0.6417437436911736,15,5.238248945084335
Sikkim,2016,32789477,391.6412674045154,19.710750205884107,19.648135039941575,78.32073894474058,0.856384816199018,14,2.128503668921231
Sikkim,2017,33182950,395.5576800785605,23.91310246062062,22.879796936295733,73.10003011436652,0.6699498629437619,10,8.525292911080108
Sikkim,2018,33581146,399.5132568793461,17.79427977248076,27.322370792006854,76.47554033567032,0.6868538404799487,13,3.989832777220937
Sikkim,2019,33984120,403.50838944813955,10.512654528838354,26.283792873494217,80.6924258595979,0.8352729630143965,11,3.152487465214179
Sikkim,2020,34391929,407.543473342621,19.638954842186493,18.748776793657488,78.1717161942515,0.8645314891903143,14,5.221175147469266
Sikkim,2021,34804632,411.61890807604726,19.54534727284943,22.567427733186392,79.23935909116645,0.6683263508707248,11,4.514961534101189
Sikkim,2022,35222288,415.7350971568077,8.65549667652584,23.456296098363918,79.24764619851103,0.787245977675391,18,3.8199314292983035
Sikkim,2023,35644955,419.89244812837575,15.834448680826638,26.40834250774446,82.02889546451814,0.8254474824610216,19,4.199060680868216
Sikkim,2024,36072695,424.0913726096595,22.968783909197096,21.230081694448398,74.46622405414382,0.7091532352392492,13,5.849591046806737
Sikkim,2025,36505567,428.33228633575607,12.895641104949854,31.143431702645096,83.93569277001737,0.799675127110239,21,5.000108250361317
Tamil Nadu,2000,30908822,439.0,25.621359653436546,19.560454558686082,56.54994724965532,0.42878132690717946,6,2.7931569972346355
Tamil Nadu,2001,31279727,443.39,36.999608268084174,25.158726896888872,57.79696506483535,0.6834618120263498,8,1.1803087541714166
Tamil Nadu,2002,31655084,447.8239,21.744455270373557,28.8265988377321,67.21893776603405,0.6375498047659364,7,0.8828311729369397
Tamil Nadu,2003,32034945,452.30213900000007,33.40098183319037,26.47944261108083,66.77304250136567,0.38776625980127355,7,1.7605603801633802
Tamil Nadu,2004,32419364,456.82516039,27.197746995659934,31.67319275780698,69.57619068592567,0.7106456258405209,8,1.2982901726579223
Tamil Nadu,2005,32808397,461.3934119939001,28.248464498188824,25.028890597333454,77.69805954303723,0.6794871178389971,6,2.4193790853248283
Tamil Nadu,2006,33202098,466.00734611383905,8.16572354274213,26.15329622737447,73.80723608441677,0.4006657372611797,10,1.6278940246827407
Tamil Nadu,2007,33600523,470.66741957497743,19.311235340803865,19.790140210040665,71.04648238215,0.6071513002388139,7,0.8716439569147942
Tamil Nadu,2008,34003729,475.3740937707272,24.654176193275596,21.595278185763963,68.81194760989159,0.3763848710234842,7,2.9545177079087184
Tamil Nadu,2009,34411774,480.1278347084344,20.900698778596045,27.44877206909588,64.70959519521745,0.5519991922618258,16,2.9061815837668075
Tamil Nadu,2010,34824715,484.92911305551877,13.727869399173525,24.974870103175142,67.37906867029074,0.5930777276523173,11,1.3278768837205703
Tamil Nadu,2011,35242612,489.77840418607394,28.097184341910367,25.263519679745844,75.59903146410078,0.4110697265882781,12,1.6016657540339334
Tamil Nadu,2012,35665523,494.67618822793474,13.566491745916247,26.60083849773176,70.35085455727744,0.5906476173146994,5,3.9112385813953834
Tamil Nadu,2013,36093509,499.6229501102141,23.24710404370309,17.440700322796303,75.69095947527794,0.7079040250091363,18,3.640112002547528
Tamil Nadu,2014,36526631,504.6191796113163,20.33992133962244,22.742766282169065,73.59669563388732,0.8271802364600968,4,8.54240515372886
Tamil Nadu,2015,36964951,509.6653714074294,26.52570933464137,25.187044670520326,77.76461332643916,0.7735680776390113,8,3.622451311607938
Tamil Nadu,2016,37408530,514.7620251215037,23.172910281912202,22.639083453249707,66.72851325722223,0.5699277142667614,18,3.1569210366201137
Tamil Nadu,2017,37857433,519.9096453727187,20.062055719669722,21.84836196829962,78.53063234048616,0.5078231681908529,13,5.45859796778418
Tamil Nadu,2018,38311722,525.1087418264459,5.368722853580785,24.531519696660315,73.31953688170046,0.825655963325388,12,6.988905689072461
Tamil Nadu,2019,38771463,530.3598292447103,5.536650928566107,20.454484291773024,80.75456024224705,0.9286563258043383,7,5.604580808492241
Tamil Nadu,2020,39236720,535.6634275371575,9.325031507874018,22.18239466151012,78.01332082231731,0.7788242914276747,10,5.5393653313674935
Tamil Nadu,2021,39707561,541.0200618125292,9.745765054594347,20.724291912859517,75.25887709762821,0.6822257455700692,12,3.5448430869924348
Tamil Nadu,2022,40184052,546.4302624306544,8.94427294925563,21.109073094520898,71.53727113110371,0.7691266127722487,13,2.715608138949747
Tamil Nadu,2023,40666260,551.8945650549609,22.751662200450205,24.349687047725833,89.40511800766221,0.7676159304597346,14,7.263001164255537
Tamil Nadu,2024,41154255,557.4135107055106,14.765272746447307,28.892769412870894,80.08662787927615,0.9790705872326068,14,7.7746812434941495
Tamil Nadu,2025,41648106,562.9876458125657,22.883313726083877,25.932576633116525,76.61398559960149,0.9749739309381228,12,4.183739466475681
Telangana,2000,31883787,264.0,17.587750557238685,28.569680121536518,68.89917057039341,0.5885076269667329,8,1.2041272706118518
Telangana,2001,32266392,266.64,30.491393738210686,21.10439432195,67.5191802172766,0.5731798531389654,4,2.2260597464417504
Telangana,2002,32653589,269.3064,32.44584241382442,22.12006703601777,70.15989470006579,0.2813536334855803,2,1.097522631515615
Telangana,2003,33045432,271.99946400000005,19.794909847929265,26.26362234004471,71.7972892754769,0.485140693697202,12,1.697484223932347
Telangana,2004,33441977,274.71945864,34.604339410515195,27.02693759738971,65.08234184575396,0.603787866465861,7,1.4652086076491937
Telangana,2005,33843281,277.4666532264,29.317818168088568,23.770459192172776,72.95997413278818,0.48102144239063216,11,1.749946813344745
Telangana,2006,34249400,280.241319758664,17.064566365847774,28.661876726738562,73.6006336189125,0.4850135231255616,3,1.1760967157514448
Telangana,2007,34660393,283.04373295625066,31.49502189467642,26.370378637856472,68.01903891691772,0.5960998160292497,8,0.8636612585464994
Telangana,2008,35076318,285.8741702858132,18.15140144330849,26.341355721512457,66.23964101694858,0.8240632527391931,8,7.709136851012691
Telangana,2009,35497233,288.7329119886713,22.779409648147382,22.454831931029616,73.59753256306531,0.6590689040130447,10,2.6210079222627387
Telangana,2010,35923200,291.620241108558,32.962143400471795,21.16503854774511,61.06539344135834,0.5265696822689478,5,10.0
Telangana,2011,36354279,294.53644351964357,24.46521566417694,22.238509200644057,72.57205104141308,0.7378649594556005,5,3.5497722843441863
Telangana,2012,36790530,297.48180795484,9.344038042831947,24.604200279804516,80.34652441452157,0.6162424183786622,10,2.366213046054828
Telangana,2013,37232016,300.4566260343884,25.265182885615218,22.547181113409536,66.37653149462072,0.7508760455454833,20,10.0
Telangana,2014,37678800,303.46119229473237,18.517409886833477,18.0787048571527,75.16674463267876,0.9080858604404938,8,4.595097767983997
Telangana,2015,38130946,306.4958042176796,21.59914202713803,22.457069717609993,68.47752319945735,0.5303199294777452,11,3.9922336146095345
Telangana,2016,38588517,309.56076225985646,19.251741004663,23.487779098457153,74.40904615232387,0.5974308958347369,8,7.984460203248587
Telangana,2017,39051580,312.656369882455,26.016799583118548,31.79255137753335,78.55698685670643,0.8464555593342624,12,2.1587850227941687
Telangana,2018,39520199,315.78293358127956,26.524718520390564,28.28837472839647,75.8716019901783,0.8388500097408753,6,4.825092277760583
Telangana,2019,39994441,318.94076291709234,12.615932666166124,21.158174744874575,78.03198277743455,0.8838619295537952,13,5.561941026865143
Telangana,2020,40474374,322.1301705462633,23.009373678580328,21.30941465624796,62.52390844072657,0.7475505428080645,14,2.7540102287849124
Telangana,2021,40960067,325.35147225172597,11.70158591018849,26.800751311200823,83.07058729542167,0.6994108425304251,12,10.0
Telangana,2022,41451588,328.60498697424316,12.646884228217122,30.175475864468666,69.9968277985744,0.6651876801954519,11,4.265217048891033
Telangana,2023,41949007,331.8910368439856,7.967848846493798,23.654147397440344,76.61898903259345,0.7192117100965709,20,6.301111910552043
Telangana,2024,42452395,335.2099472124255,19.688894544830084,25.782930009520566,77.76653690071241,0.8739613721606869,11,3.650015262897272
Telangana,2025,42961824,338.5620466845497,19.714447738267182,28.06298969032368,78.77610071047269,0.8840002598411628,15,6.571039364375937
Tripura,2000,26998054,122.0,25.410229395805953,18.7605998232629,66.65823833562881,0.3243410917571683,10,0.2913843195836203
Tripura,2001,27322030,123.22,23.970193754618258,25.838372224749868,65.472529357074,0.43894094314357723,6,1.5431188614348232
Tripura,2002,27649895,124.4522,24.72209888235432,20.89156928407441,70.4836871073523,0.5277657859811115,8,0.35218247278582315
Tripura,2003,27981693,125.69672200000002,21.196759222124868,29.166465293424586,62.9646627229985,0.4225394043008176,1,4.45834073422468
Tripura,2004,28317474,126.95368922,21.479397141899497,16.784791350269373,60.55962945734006,0.37722305326633176,6,4.0310219585229845
Tripura,2005,28657283,128.22322611220002,30.759796971447553,29.849925122988303,61.77128774883165,0.5877012084252614,7,2.2970327446950436
Tripura,2006,29001171,129.50545837332203,22.32847418821398,20.300696084955433,75.554861790007,0.3772835586168044,7,4.613189013659082
Tripura,2007,29349185,130.80051295705522,10.770385335492684,24.772599459386953,66.26735503453682,0.5326937476712524,9,1.378524863530593
Tripura,2008,29701375,132.1085180866258,25.985521822035196,21.491724989341122,71.3400495110867,0.4136586283770306,7,3.614995452855517
Tripura,2009,30057791,133.42960326749204,25.472455610312462,24.154156231872964,78.3921322767892,0.4823752341226692,9,3.045686687211084
Tripura,2010,30418485,134.76389930016694,24.060746167500447,22.05190554115836,72.47616287520302,0.5714119589933259,12,3.516951005076038
Tripura,2011,30783507,136.11153829316862,5.988126009302672,26.052489625826865,67.52621998588225,0.636138054226523,11,5.4752399563307925
Tripura,2012,31152909,137.47265367610032,9.613310966616648,24.873020587391444,73.7682018370391,0.7099241488067832,8,4.3729245816292455
Tripura,2013,31526744,138.8473802128613,8.371951839207219,28.333236585165263,66.6616001777197,0.5740466388756353,7,2.939922368109076
Tripura,2014,31905065,140.23585401498994,9.680347210014276,22.946183888668063,73.10316274384299,0.8170963970355933,11,2.181647050591779
Tripura,2015,32287926,141.63821255513983,20.458807930830936,22.589389983644065,77.06166107001256,0.5575693932013616,10,3.383318953036843
Tripura,2016,32675381,143.05459468069125,13.866904501552195,23.216099668293314,80.01176936581155,0.5389902203322094,13,3.4609405166658864
Tripura,2017,33067485,144.48514062749814,14.799769351669681,22.200535818248817,71.91432518860971,0.6212737315322107,9,4.5890144854507575
Tripura,2018,33464295,145.92999203377315,9.640184859284954,27.683399963555058,78.2404769068959,0.9321002874918408,9,2.4690196434245557
Tripura,2019,33865867,147.38929195411086,4.0,28.177367824449203,79.76146704020202,0.5549428141004398,14,2.91789877856366
Tripura,2020,34272257,148.863184873652,16.142800487948122,18.932662638087464,80.56586182624307,0.7225517968489498,11,3.6093823479599063
Tripura,2021,34683524,150.35181672238852,19.30577580865886,27.020190213681193,69.74423824441058,0.894781690355969,17,7.6359295048630305
Tripura,2022,35099726,151.85533488961238,4.0,24.938988913604486,88.65788184889274,0.775753190619141,13,3.0119623195749337
Tripura,2023,35520923,153.3738882385085,14.74319897869413,15.301458360394555,87.15673787718738,0.686834918412339,15,3.0495259340807754
Tripura,2024,35947174,154.9076271208936,5.486204269827137,20.879501084336134,84.84307350659677,0.8351354363676237,8,7.628100713798517
Tripura,2025,36378540,156.45670339210253,18.875342521655355,20.70286574533538,86.2614183097832,0.8443559451195234,9,5.034438927569748
Uttar Pradesh,2000,118133529,1184.0,14.48573742915402,21.417812509813984,68.36194668805692,0.4699986980831813,3,2.350611902278726
Uttar Pradesh,2001,119551131,1195.84,21.20020845228335,26.537518872730175,69.33124269715948,0.38362170465629297,5,2.4912881789395698
Uttar Pradesh,2002,120985744,1207.7984,31.667390962131535,30.694496733083245,59.595608223113416,0.5725682153884519,3,4.828381226028783
Uttar Pradesh,2003,122437573,1219.8763840000001,29.628531188897238,26.02954966434297,61.30672518438958,0.28893879961652597,5,0.47952426467507975
Uttar Pradesh,2004,123906824,1232.07514784,19.100559069455368,26.42878330791566,70.05447157107976,0.612976688512082,12,3.6679228493553673
Uttar Pradesh,2005,125393706,1244.3958993184,28.8542802660155,24.002266522363787,71.4292890930421,0.2665523311450247,3,2.773498959078663
Uttar Pradesh,2006,126898431,1256.839858311584,25.318981624363456,24.699538571384576,73.66722879941881,0.6854841741482285,2,2.6319009092174124
Uttar Pradesh,2007,128421212,1269.4082568947,17.21627051673213,29.286382989237275,70.02744696561281,0.7645384535461269,7,0.869624521922927
Uttar Pradesh,2008,129962266,1282.102339463647,15.81015934825367,25.556379052355165,74.11764121260761,0.590576318110847,7,6.764830310090915
Uttar Pradesh,2009,131521814,1294.9233628582833,12.787864504053514,22.261938501487023,60.86194096521601,0.5191921033070004,17,1.1920929565688345
Uttar Pradesh,2010,133100075,1307.872596486866,27.429095613486233,19.480397909428802,61.172220542617474,0.5295461675255823,8,1.598817375620466
Uttar Pradesh,2011,134697276,1320.9513224517348,25.521394389835905,26.45191861121498,76.37042551078314,0.7612176257846024,11,4.99171622966308
Uttar Pradesh,2012,136313644,1334.1608356762522,26.175360493535468,24.478824742202494,81.03025152026144,0.964325992537599,11,9.799006574594662
Uttar Pradesh,2013,137949407,1347.5024440330149,20.095968994769063,26.167340955662937,70.97359570898057,0.9315561246629679,13,2.474070279170441
Uttar Pradesh,2014,139604800,1360.9774684733452,17.352140922740908,25.60363084036857,76.7128127493996,0.6769566148925773,13,4.604203893216459
Uttar Pradesh,2015,141280058,1374.5872431580783,11.329884227186053,21.313716117224875,67.3171574984254,0.835398882931078,4,3.8196070297936413
Uttar Pradesh,2016,142975418,1388.3331155896594,19.95155072097059,28.737268368213623,68.11583076416014,0.6111345950146692,11,9.624949396198996
Uttar Pradesh,2017,144691124,1402.2164467455557,19.785528581644034,23.87899826935787,78.92680362038938,0.7162228195726332,17,2.2926628619983656
Uttar Pradesh,2018,146427417,1416.2386112130114,22.01987836874555,23.633029853601766,84.03184198037499,0.98,8,6.313671996221176
Uttar Pradesh,2019,148184546,1430.4009973251414,18.7982577091769,21.845805649145206,73.46071847546,0.7626733018519457,14,5.6090757104154765
Uttar Pradesh,2020,149962761,1444.705007298393,14.931335327846623,18.384087283430844,71.13377155026166,0.7925848563523256,16,5.114525415987578
Uttar Pradesh,2021,151762314,1459.152057371377,19.483520550566276,21.381033099331944,76.56507705450815,0.6412769669823232,10,3.279647217719271
Uttar Pradesh,2022,153583461,1473.7435779450907,18.973574786725223,20.302271836153555,77.1840963168956,0.6873218588732599,16,5.0900783912502865
Uttar Pradesh,2023,155426463,1488.4810137245415,10.903070065831734,19.634836184728343,80.30980450085882,0.7293110972679752,14,3.4756860751030416
Uttar Pradesh,2024,157291581,1503.365823861787,8.370973550982292,20.278219245477796,79.54231724209578,0.8126075389187668,15,2.9582742285353576
Uttar Pradesh,2025,159179080,1518.3994821004048,14.90058954106488,26.049973534548275,82.95372167755163,0.7985863522494205,15,4.40042236440469
Uttarakhand,2000,36996979,326.0,19.090973631505758,25.705442315418814,69.17771378522978,0.37308628805336036,8,1.3412722364131784
Uttarakhand,2001,37440942,329.26,22.26449445859822,31.144336163028335,54.8775624811944,0.389200991876094,10,0.629026111918243
Uttarakhand,2002,37890234,332.5526,12.005667123641206,20.42276173993055,61.27561075346988,0.4500856971268793,7,1.563954958922942
Uttarakhand,2003,38344916,335.87812600000007,28.518940959810347,21.29748471989089,68.75837709899248,0.3989689085356242,5,2.9544457720723063
Uttarakhand,2004,38805055,339.23690726,27.444833610046796,22.498190986010037,61.79245219849814,0.5145383322998502,6,2.618218618280386
Uttarakhand,2005,39270716,342.62927633260006,12.868610207315164,20.050712983391577,66.58452801543211,0.3710052721699401,8,2.0305753496607095
Uttarakhand,2006,39741965,346.05556909592605,19.36036775331006,19.98962424237644,76.24164377548999,0.47753841374745404,10,0.9154499369945858
Uttarakhand,2007,40218868,349.51612478688526,21.28542911012197,29.59311167074624,61.77937111419805,0.34251276506486494,7,5.006174976522611
Uttarakhand,2008,40701495,353.01128603475416,29.01757537569224,26.62667375830944,78.95166597654168,0.48715883480673616,8,1.9095106653971354
Uttarakhand,2009,41189913,356.5413988951016,27.58730280243014,19.691130905150786,71.7414492876714,0.486269846896435,5,2.5524484264630902
Uttarakhand,2010,41684192,360.10681288405266,19.135561360341285,21.573411076607357,71.42052344891408,0.52793449614482,10,4.154692385174383
Uttarakhand,2011,42184402,363.7078810128932,24.02547190284693,25.49379866245181,73.99647678095532,0.7901600679965117,9,2.0701132370016504
Uttarakhand,2012,42690615,367.3449598230221,18.764438771983265,26.012231476298663,70.78955358662377,0.6237313095883992,8,3.829469945981833
Uttarakhand,2013,43202902,371.0184094212524,17.81931046018358,28.761282477097794,71.91743783459265,0.41054736226643895,9,2.4433929758404136
Uttarakhand,2014,43721337,374.728593515465,14.113889906267996,25.16320500580347,76.24423804734218,0.6908633822673618,12,9.798076884033911
Uttarakhand,2015,44245993,378.4758794506196,10.729245362726662,26.191032541655296,79.157152189978,0.5498403571012149,14,2.8591133460740696
Uttarakhand,2016,44776945,382.2606382451258,14.707579171916464,23.57586609169767,72.55436795758378,0.7092617841998703,13,3.19215857084491
Uttarakhand,2017,45314268,386.083244627577,4.0,25.664252263305734,79.92725389133247,0.6303607030586814,9,2.61730014798308
Uttarakhand,2018,45858039,389.9440770738528,13.089365567162211,20.397347137821555,70.02775170478104,0.98,15,2.186824112917556
Uttarakhand,2019,46408336,393.8435178445913,21.089472924944133,25.58612376409119,77.1561589410326,0.6629176726226929,11,7.46692227255709
Uttarakhand,2020,46965236,397.78195302303726,19.482963938859914,25.571999173336053,81.0453362942244,0.6781083098149167,13,3.926333375250378
Uttarakhand,2021,47528819,401.7597725532677,18.248460838143394,22.65714853173779,74.49038744347146,0.8648265832387049,13,3.965270828280415
Uttarakhand,2022,48099165,405.7773702788003,18.240357904234198,22.081349606189722,79.4532578880395,0.8611972881993363,17,3.1458971591505787
Uttarakhand,2023,48676355,409.8351439815883,7.514995280148046,27.434038036890563,68.84056367364299,0.6410001203253224,21,2.784739064029145
Uttarakhand,2024,49260471,413.9334954214042,19.442541727003654,22.347052832803293,76.07298356064962,0.72042755140827,9,3.0592077991150104
Uttarakhand,2025,49851597,418.0728303756182,7.676930788379989,21.15846885585586,88.40461849397946,0.8732878916636413,23,6.759097965104104
West Bengal,2000,130524451,1091.0,27.374412774790287,24.423466244073584,75.49366177025212,0.2837508729818245,6,4.2351465351821025
West Bengal,2001,132090744,1101.91,16.998619722440438,25.31600388767478,74.10783035026428,0.4606420879900896,8,0.5909798276477429
West Bengal,2002,133675833,1112.9291,13.19861471607746,24.781415247212642,61.805264983760736,0.5155861585717566,2,0.5793662036632369
West Bengal,2003,135279943,1124.0583910000003,28.225755580783016,21.882362957819353,68.59824578941058,0.5049504671171496,7,3.3995091187810274
West Bengal,2004,136903302,1135.29897491,15.693677783564913,28.427637451511895,69.85722755447202,0.48251027628939486,7,3.592056105693608
West Bengal,2005,138546142,1146.6519646591003,14.498381549146087,18.99496533567382,66.9194781440834,0.4030170765380877,6,4.832504039199865
West Bengal,2006,140208696,1158.1184843056913,22.218238975315828,28.243928002486044,73.38311405867745,0.37245458227499617,4,0.7370282961884642
West Bengal,2007,141891200,1169.699669148748,19.561800294385147,22.21373039137187,69.3700462743054,0.6432865573222666,8,2.9921385630720274
West Bengal,2008,143593894,1181.3966658402355,25.743206607776322,23.58219387999724,77.36265351151275,0.4342124872144405,4,1.4379328861777245
West Bengal,2009,145317021,1193.2106324986378,8.9729207045172,26.980003504823305,84.70568283816843,0.6207925325521185,9,1.4161219227743609
West Bengal,2010,147060825,1205.142738823624,25.218841183416295,31.495291451164483,69.85997136595141,0.43116270454752137,10,2.5264982159626603
West Bengal,2011,148825555,1217.1941662118604,27.963642932487577,20.369518491057345,73.79289645460503,0.4505968047162685,12,1.8266919692305867
West Bengal,2012,150611462,1229.366107873979,12.86067861962842,28.27388319623173,79.95622633213866,0.7358743791119059,9,1.6204749448712235
West Bengal,2013,152418799,1241.6597689527189,23.340028566626827,31.6211732930443,73.14175221826565,0.8490515155750912,10,1.627007282177801
West Bengal,2014,154247825,1254.0763666422463,17.1882838052858,26.42113924982006,78.99843889276691,0.6939663794710385,10,1.8735811274910745
West Bengal,2015,156098799,1266.6171303086685,22.00702758693201,24.03328566095874,71.75446265585343,0.6992671049510358,8,6.404051736257619
West Bengal,2016,157971984,1279.2833016117554,27.84264743866004,27.766049340865425,71.17162541204934,0.7884358049410757,14,2.022914928588811
West Bengal,2017,159867648,1292.0761346278728,15.026464985688138,22.524363923851038,70.68043917418662,0.4891903294370623,12,2.8290882246510862
West Bengal,2018,161786060,1304.9968959741516,18.294650599809057,22.892043689525433,67.902818506412,0.6218529789433793,17,2.510832613423068
West Bengal,2019,163727493,1318.046864933893,11.520967364751046,25.962384006513275,72.82389524100307,0.7234044556563993,17,8.115125083427609
West Bengal,2020,165692223,1331.227333583232,16.3511660576515,27.336301857664015,80.42645042355484,0.9182411191102946,17,6.252211826842096
West Bengal,2021,167680529,1344.5396069190645,20.77681745181741,23.822195932198976,62.653034894183925,0.634218769797543,14,4.0966435994644135
West Bengal,2022,169692696,1357.985002988255,29.058042327509458,22.59070660698859,78.99378025468772,0.9187208003341353,10,3.4679689935236118
West Bengal,2023,171729008,1371.5648530181375,11.888539787686177,24.134619706979105,80.67242788795643,0.7459269732910473,9,4.269960575349115
West Bengal,2024,173789756,1385.280501548319,24.96506773722407,24.310614461847525,86.55576058880871,0.7787956499783467,16,3.3049889025760226
West Bengal,2025,175875233,1399.133306563802,4.0,20.27325230559263,82.57024070343233,0.98,13,3.6431637955442078
Andaman and Nicobar Islands,2000,19696614,171.0,17.321690290188197,20.525219808447343,61.557249762081916,0.4666146810233207,11,2.1548700098700015
Andaman and Nicobar Islands,2001,19932973,172.71,16.540469435422963,21.448232937488598,63.083510721813866,0.604498474102977,7,0.12396475335840021
Andaman and Nicobar Islands,2002,20172169,174.43710000000002,11.449430591674192,24.952358840751078,64.52885610684032,0.5655311734744491,8,3.2330871460794413
Andaman and Nicobar Islands,2003,20414235,176.18147100000002,7.57126121284621,23.716458178896698,63.96659122473487,0.36890142890583355,5,1.1129747275770008
Andaman and Nicobar Islands,2004,20659205,177.94328571,14.137559483405386,25.701552628385357,63.356109588813034,0.3969541031742222,15,1.403486147648474
Andaman and Nicobar Islands,2005,20907116,179.72271856710003,25.519302356370233,24.30227291093995,69.30412800317195,0.5826894993067551,7,1.551328064963899
Andaman and Nicobar Islands,2006,21158001,181.51994575277104,23.13713230456391,24.201610358130633,63.75303123314585,0.3919364027449636,7,3.654850046111819
Andaman and Nicobar Islands,2007,21411897,183.33514521029872,20.214512833625637,24.74256518501121,70.6523011131822,0.5445899245508917,8,1.941992497660769
Andaman and Nicobar Islands,2008,21668840,185.1684966624017,21.55762309240139,20.238932248611736,72.8434237083445,0.7030125129856847,9,3.1107645567630104
Andaman and Nicobar Islands,2009,21928866,187.0201816290257,19.546233515129565,23.00297948524238,74.66720901198597,0.7332792774460493,12,1.5369711728577633
Andaman and Nicobar Islands,2010,22192013,188.89038344531596,21.12112657125735,24.47367179734346,64.2199684414375,0.4898446353517645,10,8.825055702476948
Andaman and Nicobar Islands,2011,22458317,190.77928727976914,12.979107544374859,23.343880925974332,68.41040883022065,0.5098044957732623,8,1.3670565644940782
Andaman and Nicobar Islands,2012,22727817,192.68708015256684,18.045109046162246,24.906462950456593,75.54929379014483,0.7045569548892303,10,1.8317302396646458
Andaman and Nicobar Islands,2013,23000550,194.6139509540925,23.646361616470852,28.491888501545777,66.588448610619,0.44090351701826014,15,4.049932967827141
Andaman and Nicobar Islands,2014,23276557,196.56009046363346,19.258148139207098,21.506812011003422,71.45250278868181,0.5362329366856202,9,3.7994585504798266
Andaman and Nicobar Islands,2015,23555876,198.52569136826978,17.70008982751144,26.481645368174004,85.10677790844714,0.6962490050119258,15,2.5514476226297713
Andaman and Nicobar Islands,2016,23838546,200.5109482819525,11.598669575618445,16.572384607535835,76.58599668053819,0.6586045392110383,15,9.265559048344262
Andaman and Nicobar Islands,2017,24124609,202.516057764772,24.26906294859411,24.038213719892852,68.74756983610027,0.5239857213626933,11,4.055735219087445
Andaman and Nicobar Islands,2018,24414104,204.5412183424197,6.126913021321727,23.891660022071168,76.5495817153932,0.8067565898362066,11,5.812186580694054
Andaman and Nicobar Islands,2019,24707073,206.5866305258439,17.396641602139113,25.71603674082413,75.65689470698075,0.6182086907418802,12,3.5354939170892097
Andaman and Nicobar Islands,2020,25003558,208.65249683110235,16.877195686768086,25.872135777449408,79.40503101977126,0.6267617249529638,10,4.373608692010705
Andaman and Nicobar Islands,2021,25303601,210.7390217994134,32.11634750139714,23.97569275797545,76.0547101531774,0.6360963529949429,12,3.867172248403215
Andaman and Nicobar Islands,2022,25607244,212.84641201740752,8.128363772101508,27.145488994466383,80.8958392207653,0.98,13,3.7163813415444347
Andaman and Nicobar Islands,2023,25914531,214.9748761375816,23.327818086625737,25.687439769949783,85.15643131063507,0.8860547225727221,16,5.298226375992487
Andaman and Nicobar Islands,2024,26225505,217.12462489895742,26.3499983310951,24.153324104630705,81.99170793239753,0.8953186821032235,19,2.960326865600994
Andaman and Nicobar Islands,2025,26540211,219.29587114794697,17.65080676647644,23.201119891809245,82.6773644351,0.9388160016327234,17,10.0
Chandigarh,2000,10686763,9818.0,16.90044617283236,22.63440328555152,58.26373041209325,0.3421440227707395,6,0.20840642170501972
Chandigarh,2001,10815004,9916.18,25.681769283020667,21.555395553271968,58.2186872799911,0.6816689319224178,4,0.39408906374780195
Chandigarh,2002,10944784,10015.3418,16.733081300666804,25.34948164117953,62.66223857352947,0.4153451634507947,6,3.0220418058907716
Chandigarh,2003,11076121,10115.495218000002,29.480845399071224,24.165008808100122,68.9121748645072,0.4390573665664532,5,2.3911581932804746
Chandigarh,2004,11209035,10216.65017018,26.955202317523465,23.648281231691925,71.0667411634452,0.42313101730148717,9,3.237911551749046
Chandigarh,2005,11343543,10318.816671881801,25.59411628520204,21.848454297832586,57.838231178508074,0.3664133056186739,6,10.0
Chandigarh,2006,11479666,10422.00483860062,27.873783838423908,25.44182578004204,75.83281645625684,0.4848168885221832,5,3.3777836862261514
Chandigarh,2007,11617422,10526.224886986625,26.26712384904618,28.93898762308637,74.23928448727457,0.3309271738037671,6,3.466677455072974
Chandigarh,2008,11756831,10631.487135856492,15.686379977644114,19.184545709460025,65.67099874956092,0.4198072011633225,8,3.0903548471565943
Chandigarh,2009,11897913,10737.802007215056,18.821344443081873,25.766733352726273,71.55027805772751,0.5998166777410248,7,1.4119586593895468
Chandigarh,2010,12040688,10845.180027287206,32.47203281431619,27.49218045775781,77.74589524444353,0.6029318208213641,9,3.983135961800736
Chandigarh,2011,12185176,10953.631827560079,13.843316145327561,19.537920249822772,73.65336986637399,0.44959506332151744,8,2.1152404327388274
Chandigarh,2012,12331398,11063.16814583568,18.52388034752005,23.98948281972398,70.12477699781184,0.5292370007566503,11,8.617480346162184
Chandigarh,2013,12479375,11173.799827294037,24.08847389933367,23.298827826444825,76.3372885543219,0.7382318030825794,12,4.100300010644402
Chandigarh,2014,12629127,11285.537825566978,24.622695018447843,30.256231866276448,75.58911883121787,0.6990654978386487,8,3.328770601969272
Chandigarh,2015,12780677,11398.393203822647,26.7427644482581,24.165597727590267,84.24354128849426,0.47994092757602014,11,4.187675683774698
Chandigarh,2016,12934045,11512.377135860876,16.607491519954827,24.95420448858374,82.7082379797566,0.8860969210662589,8,10.0
Chandigarh,2017,13089253,11627.500907219483,10.01536403708985,22.404366749132013,77.70458664542929,0.5871210873267869,13,2.270304745107701
Chandigarh,2018,13246324,11743.775916291677,16.34153166352475,26.59161497865602,73.85741988821772,0.4888254072648542,11,8.781894702410296
Chandigarh,2019,13405280,11861.213675454594,21.998330859434397,22.75831517317543,78.70398621807985,0.5523198818061907,10,2.293346036459291
Chandigarh,2020,13566144,11979.825812209141,5.545661897893192,26.308695431343022,82.5919064105529,0.585777582872974,17,7.196250276440891
Chandigarh,2021,13728937,12099.624070331232,17.4579438088553,18.8219681439997,76.24816651619415,0.7617138815515507,14,4.760695833727384
Chandigarh,2022,13893685,12220.620311034543,19.11429504812398,28.826141649146685,70.4335837373651,0.8599138605400879,7,4.6603997569220805
Chandigarh,2023,14060409,12342.82651414489,23.034910524296258,21.189614295121853,71.93960406365193,0.9365930556046156,17,5.296450341598792
Chandigarh,2024,14229134,12466.254779286339,13.840096448483767,24.085284791135155,74.7292289647523,0.98,22,5.094976564147036
Chandigarh,2025,14399883,12590.917327079202,10.323748048439299,22.044334252405857,78.45519992701047,0.57245006414816,12,3.4519181898258124
Dadra and Nagar Haveli and Daman and Diu,2000,39494992,267.0,25.318355877595714,26.59586926840575,62.615617696780824,0.6512539044224245,7,0.21906880954706806
Dadra and Nagar Haveli and Daman and Diu,2001,39968931,269.67,17.051880532401977,26.63741497211862,65.38037433522439,0.5954944260832999,6,1.1901613037984249
Dadra and Nagar Haveli and Daman and Diu,2002,40448559,272.3667,18.776866748285983,28.188064096144444,65.34421806624819,0.6296862350369595,6,9.571617166963062
Dadra and Nagar Haveli and Daman and Diu,2003,40933941,275.090367,22.011216524404936,19.042762829109588,66.38049068365851,0.4489578893908464,9,1.0080786880316448
Dadra and Nagar Haveli and Daman and Diu,2004,41425149,277.84127067000003,19.484830240700127,22.166468543942017,64.76002989117194,0.6723682992199689,5,5.921855368387099
Dadra and Nagar Haveli and Daman and Diu,2005,41922250,280.61968337670004,20.183611025387147,28.594927398447112,56.53029207576739,0.5613153157835777,10,1.8730691365322008
Dadra and Nagar Haveli and Daman and Diu,2006,42425317,283.425880210467,15.468787276233398,29.966460161351385,68.48956842504211,0.44621946440712684,10,1.0837752719123155
Dadra and Nagar Haveli and Daman and Diu,2007,42934421,286.2601390125717,17.64911040525114,22.66334428946422,66.36318097196447,0.6314004184434999,18,3.933002950315716
Dadra and Nagar Haveli and Daman and Diu,2008,43449634,289.12274040269745,22.649192792898198,29.02058052515278,74.18343737937549,0.4819748204283183,11,2.267094953889604
Dadra and Nagar Haveli and Daman and Diu,2009,43971030,292.01396780672434,28.040262545723902,17.1761369063814,69.37935115563643,0.9591217355049657,10,2.2293906593593724
Dadra and Nagar Haveli and Daman and Diu,2010,44498682,294.9341074847916,19.457685547121613,24.832657540480596,66.33446961406446,0.48036820483174475,5,1.859456920289888
Dadra and Nagar Haveli and Daman and Diu,2011,45032666,297.88344855963953,22.3512801566979,28.132822341522917,71.54542159463274,0.6058403039951077,6,9.013484268342461
Dadra and Nagar Haveli and Daman and Diu,2012,45573058,300.8622830452359,22.82039533338901,25.203621490448988,73.42375163342388,0.5799737663936984,18,3.5531912886818997
Dadra and Nagar Haveli and Daman and Diu,2013,46119935,303.8709058756883,19.301464033540903,25.946645777711517,69.87799511701984,0.9392843895442469,17,3.2984727335507253
Dadra and Nagar Haveli and Daman and Diu,2014,46673374,306.90961493444524,25.51605960349211,25.95852460296347,77.56818698401847,0.6803094485782758,18,2.966960871056082
Dadra and Nagar Haveli and Daman and Diu,2015,47233455,309.9787110837896,24.243938506041296,24.23531773825101,74.9149722482263,0.5748874388318442,12,7.54282710012471
Dadra and Nagar Haveli and Daman and Diu,2016,47800256,313.07849819462757,17.632588471924386,26.122627052802507,73.3085566834244,0.7942410325607012,14,2.246932733457443
Dadra and Nagar Haveli and Daman and Diu,2017,48373859,316.2092831765738,17.70444454789226,26.309906194005666,71.32518587968008,0.8691713084177879,12,3.058925780913449
Dadra and Nagar Haveli and Daman and Diu,2018,48954346,319.37137600833955,24.338722085225,27.217562142531815,75.45310816529835,0.9470414123987634,18,3.6557982175770984
Dadra and Nagar Haveli and Daman and Diu,2019,49541798,322.5650897684229,13.644503893892386,21.06523518581857,77.01121502273534,0.6847243865374518,10,5.963059135488837
Dadra and Nagar Haveli and Daman and Diu,2020,50136299,325.7907406661072,10.115950902072026,21.693175125318234,79.4774933457009,0.6784075974109974,8,4.167760906516125
Dadra and Nagar Haveli and Daman and Diu,2021,50737935,329.0486480727683,22.72981128296565,28.30910410273126,72.34906731319165,0.6483242106318199,9,3.4468090369736473
Dadra and Nagar Haveli and Daman and Diu,2022,51346790,332.33913455349597,28.718252505308108,24.83673709524583,85.5285862085203,0.6847125291556774,12,4.587787151560629
Dadra and Nagar Haveli and Daman and Diu,2023,51962952,335.6625258990309,19.611975171297235,23.64699809342144,76.5226647187513,0.8243948511806404,18,5.1200961968781655
Dadra and Nagar Haveli and Daman and Diu,2024,52586507,339.01915115802126,13.21663726294646,27.646441780903896,79.72968796713994,0.6267217215098663,15,4.961447244674114
Dadra and Nagar Haveli and Daman and Diu,2025,53217545,342.4093426696014,16.45081242933449,24.90422120934335,79.81709980061576,0.61646344609842,19,6.446160138759092
Delhi,2000,19625695,9281.0,31.26368058389914,23.946776766330437,57.45940340852014,0.3695996785478006,9,2.394197557231657
Delhi,2001,19861203,9373.81,26.374353757624505,23.997955771670416,61.65240580444843,0.45662275317867757,8,1.2713460523584836
Delhi,2002,20099537,9467.5481,19.368207286472,25.646833553299658,74.53692608971299,0.5724547429712756,9,1.5448239358125953
Delhi,2003,20340732,9562.223581000002,14.837031302534923,25.003455634834538,64.01500735568548,0.6003658351755737,6,2.3378897447476272
Delhi,2004,20584821,9657.84581681,22.457086523346742,24.219294231634954,64.40345530002388,0.5972600657980293,10,0.5547987749423485
Delhi,2005,20831838,9754.4242749781,27.784806159246948,28.488349101199862,70.74474688305679,0.6500152674378239,6,4.2123971136145455
Delhi,2006,21081820,9851.968517727882,16.143004865379368,24.344777253086765,56.58753733235654,0.613329205964517,4,0.9723340070192652
Delhi,2007,21334802,9950.48820290516,20.627291048639776,23.642037286000804,65.25436311226329,0.5771487152997952,7,5.331308495557822
Delhi,2008,21590820,10049.993084934213,12.685941648028264,28.240648214021768,66.3961146079135,0.5808878561282664,10,2.1786376457181387
Delhi,2009,21849910,10150.493015783553,19.27657746992174,24.528314928092723,76.69790622226114,0.8295054749794741,7,3.8760497719628257
Delhi,2010,22112109,10251.99794594139,17.753825617623292,26.705077638588506,67.83337858981159,0.8375013901336588,10,2.1487466016056223
Delhi,2011,22377454,10354.517925400804,30.983608145208308,27.349386529079478,67.9667965853366,0.5935924755822674,6,1.5348457295541214
Delhi,2012,22645983,10458.063104654811,33.82296736156732,24.161494655602347,77.4490561974335,0.5079072292453599,7,3.56069443605971
Delhi,2013,22917735,10562.64373570136,11.61725106955286,25.182617522883756,72.47292770932278,0.5502270791190064,12,9.076198267898743
Delhi,2014,23192748,10668.270173058376,19.61298924443565,25.125500772972185,70.11766181837058,0.6757266239672883,19,2.5886116818035463
Delhi,2015,23471061,10774.952874788958,15.88839008982983,25.78402677550499,77.53202812216924,0.5218949261032635,9,2.5331698252195034
Delhi,2016,23752714,10882.702403536849,21.774419011036443,23.968151937352456,71.97234819947451,0.7872754572799202,10,10.0
Delhi,2017,24037746,10991.529427572215,15.424714847345783,20.810168157695937,72.96451774355403,0.6372369461090495,9,4.356582731594763
Delhi,2018,24326199,11101.444721847938,23.728426677148832,28.935341977531213,72.40400260783817,0.6074391091161899,16,2.2727345781255996
Delhi,2019,24618114,11212.459169066417,8.897335554160378,18.60942443720213,82.76133459957305,0.7120725142236098,7,3.3110187686502623
Delhi,2020,24913531,11324.583760757083,19.61595663838518,23.4253940317874,80.64893398278694,0.5954540213878297,10,6.257872146046742
Delhi,2021,25212493,11437.829598364653,7.493205440797608,25.489752572506823,83.9249233249627,0.8816000120980072,18,3.4526476632135226
Delhi,2022,25515043,11552.2078943483,20.082774540854068,20.958444309162143,84.86429121853595,0.6692020129017405,9,3.0659252867116416
Delhi,2023,25821224,11667.729973291782,15.116715399662171,25.635727274502624,77.5038805910726,0.6582953794059201,7,4.277494530444563
Delhi,2024,26131079,11784.4072730247,19.640042208662024,27.544383736768133,71.941722609583,0.7748602296201798,17,3.296010759245927
Delhi,2025,26444652,11902.251345754947,15.260857806209392,26.670526628161422,76.68661849504208,0.9091330949758172,15,7.398162069426241
Jammu and Kashmir,2000,30976451,150.0,21.29692512393561,22.63486013799774,64.4856267693696,0.5866204367512435,8,0.8169437551246841
Jammu and Kashmir,2001,31348168,151.5,29.63746424887099,23.82471437023694,71.2435336042516,0.2208125419860596,12,4.1820924024397526
Jammu and Kashmir,2002,31724346,153.01500000000001,20.6525026437838,25.686188256375686,62.891000773594975,0.5128040223342465,9,3.2424947958901447
Jammu and Kashmir,2003,32105038,154.54515,22.57061981682811,26.04759684758822,66.0675364271078,0.5279799368759907,5,1.6875452729591665
Jammu and Kashmir,2004,32490299,156.0906015,12.281758021480398,28.088564097362358,69.9859526519169,0.8298345393251112,8,3.6771768361154518
Jammu and Kashmir,2005,32880182,157.65150751500002,8.803276918580746,20.94018798568785,65.21402778530638,0.4864483596887909,8,1.1568760282852295
Jammu and Kashmir,2006,33274744,159.22802259015003,34.9873033094574,24.229515815517864,68.62316407351938,0.6458431848850259,9,0.7639606153407079
Jammu and Kashmir,2007,33674041,160.8203028160515,20.449812325776318,24.479998637391564,75.3090900972468,0.6196066066316829,8,2.3692352744395753
Jammu and Kashmir,2008,34078130,162.42850584421203,26.140153083637685,22.529796005012628,74.24266381406024,0.5113135907084848,16,2.004503890406022
Jammu and Kashmir,2009,34487067,164.05279090265412,23.704251854053254,28.28286911192273,73.11365582272191,0.6057618675417165,6,4.600645531794047
Jammu and Kashmir,2010,34900912,165.69331881168068,19.965543756033128,18.798559223260007,68.19937965466703,0.6948472246366764,7,7.110862711867103
Jammu and Kashmir,2011,35319723,167.35025199979748,20.11530834962831,22.37340953445277,77.81577705931204,0.776099256800007,1,1.5252443370227895
Jammu and Kashmir,2012,35743560,169.02375451979546,23.029611796045316,28.399478714956018,72.12760570667625,0.562579723777241,16,1.8049714509698038
Jammu and Kashmir,2013,36172483,170.71399206499342,24.32081977061328,21.846789887857184,72.63146952668738,0.7017459762195287,8,2.4689365323177555
Jammu and Kashmir,2014,36606552,172.42113198564337,22.87688441958393,19.4844909784932,72.45077527916818,0.6678568401320759,5,6.935338753754084
Jammu and Kashmir,2015,37045831,174.1453433054998,8.286716206708913,24.040720978152613,80.58133775749984,0.780973746199018,16,10.0
Jammu and Kashmir,2016,37490381,175.8867967385548,7.260187206525911,28.162057086035183,78.79335524442595,0.5746331788926833,4,5.81263303317024
Jammu and Kashmir,2017,37940265,177.64566470594033,13.096904848560262,23.054054509215575,81.26818495858383,0.6638967554055127,16,4.478595445433145
Jammu and Kashmir,2018,38395549,179.42212135299974,18.17515433406885,26.749172532123502,79.39629855792808,0.7801504157832357,12,2.57954777729797
Jammu and Kashmir,2019,38856295,181.21634256652973,7.319971526820909,20.237026322856014,86.01685939864906,0.818077748836884,14,2.3677829803450487
Jammu and Kashmir,2020,39322571,183.02850599219505,22.80535541416003,21.709036039727003,80.30388238386229,0.6398622782788281,14,3.1582579775272044
Jammu and Kashmir,2021,39794442,184.85879105211703,4.0,23.634680619920484,81.22664915992115,0.8684368602323368,14,4.587665424636219
Jammu and Kashmir,2022,40271975,186.70737896263816,11.021675721930105,28.262956061490144,74.07067752008439,0.7114630214846183,14,3.1989555295554277
Jammu and Kashmir,2023,40755239,188.57445275226456,20.490927265792735,25.98028638159114,79.15243046129459,0.8491277857965067,11,6.154079993185304
Jammu and Kashmir,2024,41244302,190.46019727978722,10.763627280588992,16.4840888074674,82.93239452001691,0.7925004438116472,21,5.047690769884732
Jammu and Kashmir,2025,41739233,192.36479925258507,14.449735902779217,23.9257931259305,81.8130503030759,0.7612654874005294,14,3.766179935867072
Ladakh,2000,39237456,351.0,24.62263679860085,22.656367065204126,68.29071518001281,0.40256597423805834,9,0.6451407185606195
Ladakh,2001,39708305,354.51,24.190229116259164,21.05253563130216,69.52028019125177,0.5094996251203451,3,2.8268826381738865
Ladakh,2002,40184805,358.0551,18.196223765100555,21.434713576772385,60.16988814295941,0.3736835119322668,7,3.625114698242034
Ladakh,2003,40667022,361.63565100000005,28.38062908833686,27.522564495177964,69.19265157074952,0.32161232124428885,8,0.5323786051764076
Ladakh,2004,41155027,365.25200751,22.866524454579224,21.93382753042718,67.08186798090199,0.3465366130340817,11,4.70961589829224
Ladakh,2005,41648887,368.9045275851,11.387420241717162,22.352523174708672,74.65216172189409,0.5105295373831836,8,2.9365611182714937
Ladakh,2006,42148674,372.59357286095104,29.275805831219813,23.78663912750899,69.02797351972262,0.5065952438870528,8,1.4065086635983022
Ladakh,2007,42654458,376.31950858956054,20.552137503802214,22.628344382042414,65.75444101139105,0.6111228124630663,11,2.9079055444024355
Ladakh,2008,43166311,380.0827036754562,19.494048638847367,22.4944452316011,77.45663401157115,0.6104504751280417,2,4.498284249411849
Ladakh,2009,43684307,383.8835307122107,26.858700070606975,23.731008235381097,73.85127964561403,0.2855151139461042,8,1.480814874932474
Ladakh,2010,44208519,387.7223660193328,28.888730949114105,27.348402866214364,71.11734661146308,0.7985376328703573,12,3.8663039682545044
Ladakh,2011,44739021,391.5995896795261,17.51124980300206,23.99017686283253,79.12471094557603,0.7088255811124946,11,1.7802310673325406
Ladakh,2012,45275889,395.51558557632137,20.679491582440225,24.962790185776974,67.26067044930114,0.7167645527495836,8,2.4027526457597714
Ladakh,2013,45819200,399.4707414320846,16.662884477782278,21.801297574524668,68.23287436841349,0.6428703969097928,7,3.930697410256903
Ladakh,2014,46369030,403.46544884640554,20.723784825842976,22.94373675763836,75.02379119766772,0.7296681224442738,11,3.9753547007966805
Ladakh,2015,46925458,407.50010333486955,22.663066014154083,20.04474557962083,71.20867562097176,0.6692283092348811,13,3.8153953333900468
Ladakh,2016,47488564,411.57510436821826,18.40184841768264,22.489049218873213,73.73812521273169,0.7757678073021239,13,5.750327503048139
Ladakh,2017,48058427,415.69085541190043,25.112232189882377,24.186154046468985,79.65760609202916,0.6751032904512527,9,2.1764589224677393
Ladakh,2018,48635128,419.84776396601944,15.535680895226742,28.034562093542085,72.13536980945732,0.6311721296941549,13,3.767683033238038
Ladakh,2019,49218749,424.0462416056796,21.931457993943432,23.409222832274295,75.30198952887214,0.614024405186778,11,3.8095257745927613
Ladakh,2020,49809374,428.28670402173645,10.14834908503213,24.179715770389315,68.87439370558738,0.7599494223806448,9,5.99557553640434
Ladakh,2021,50407087,432.5695710619538,28.153756764771664,20.69024788358898,82.17129772397061,0.904248219512081,13,3.69885166326438
Ladakh,2022,51011972,436.89526677257334,15.697301400665612,30.76211432676336,77.18830546564956,0.7580105708148862,15,2.6868632989585657
Ladakh,2023,51624116,441.26421944029903,14.237482801084766,25.111795241940634,79.68442919715004,0.8369070675053359,17,3.427067402005562
Ladakh,2024,52243605,445.6768616347021,7.641266497570176,24.251617505282802,73.9979633536075,0.6687100193700855,10,6.764438566049732
Ladakh,2025,52870528,450.13363025104906,16.350347311547637,24.183487703552746,76.10473797846655,0.7836221843199246,15,6.831907324833203
Lakshadweep,2000,10885820,328.0,28.105626765944148,21.477094918106822,59.860151615356955,0.33154836954573275,9,2.2237167476554394
Lakshadweep,2001,11016449,331.28000000000003,20.569894974902006,30.16602402188357,60.78267634847654,0.246480305674173,2,1.8832329650070618
Lakshadweep,2002,11148647,334.5928,31.6235004378375,21.31542375153092,60.7238048554404,0.4835258823196802,11,0.8390099313896723
Lakshadweep,2003,11282431,337.938728,18.248372292267646,20.753642148676423,75.99231965431237,0.5099652181975267,7,4.135044377533202
Lakshadweep,2004,11417820,341.31811528000003,23.239264953340566,29.450087776518114,67.87606365423392,0.4477959206846819,10,8.261660165021535
Lakshadweep,2005,11554834,344.73129643280004,20.284188408705056,24.51700801861089,72.01131153723375,0.5645942707292445,10,0.8020271958208967
Lakshadweep,2006,11693492,348.17860939712807,16.39228804535653,29.4598157019575,71.20311382584279,0.5093526027952601,9,2.0925251042461763
Lakshadweep,2007,11833813,351.6603954910993,24.990491094856555,18.51971401801928,73.28951822298959,0.3733963121949887,7,2.1272729522177114
Lakshadweep,2008,11975819,355.1769994460103,29.395162625792302,23.486827474922123,85.84384303354014,0.47277818363285184,10,1.1082390305631609
Lakshadweep,2009,12119529,358.7287694404704,18.08102402783034,27.9378959522674,67.42022161937172,0.3513882752606057,8,3.5859797888131224
Lakshadweep,2010,12264963,362.3160571348751,23.449802891427385,26.75001142703168,61.36892417253151,0.5012953657301471,6,5.3431959464691845
Lakshadweep,2011,12412143,365.9392177062238,24.48909227380392,23.87239813803731,69.39180595161629,0.7253035870821267,11,1.8062592490123193
Lakshadweep,2012,12561089,369.5986098832861,21.316398016571505,27.239107094186274,67.60775588709616,0.5563676683172,11,1.867782126483171
Lakshadweep,2013,12711822,373.29459598211895,23.069250358137534,30.428550371174573,72.00337182058198,0.43209224503970844,13,2.426478268866078
Lakshadweep,2014,12864364,377.02754194194017,26.89609224659793,21.662256526769177,71.5441044999116,0.7850081889502536,9,10.0
Lakshadweep,2015,13018736,380.79781736135953,26.46802106090497,26.558532810283022,68.01314242099411,0.4363332774105858,17,2.8526424873736893
Lakshadweep,2016,13174961,384.6057955349732,15.750684744701966,21.901122603853032,77.90831232692364,0.5189381554437431,19,1.922557056247714
Lakshadweep,2017,13333060,388.4518534903229,8.822349379335579,26.175310925749535,73.44964962710901,0.7975398488193507,10,2.4312042325208925
Lakshadweep,2018,13493057,392.3363720252261,10.608843556952719,24.88354796870414,69.67639008022165,0.43618530562340535,12,9.284429704619459
Lakshadweep,2019,13654974,396.2597357454784,16.86380001757918,22.122448401866688,81.74121874789255,0.7813544649879113,15,3.8286749540647946
Lakshadweep,2020,13818833,400.2223331029332,15.413113194666233,25.87919079928872,79.94110224950349,0.7498045665050331,10,2.6148267113159616
Lakshadweep,2021,13984659,404.22455643396256,11.448279219605402,24.69244675449519,79.56871277571446,0.8154569594082219,14,2.5847795332215884
Lakshadweep,2022,14152475,408.2668019983021,18.824952095226585,27.88876712766519,73.14260099491715,0.910494688641683,14,4.192360772066663
Lakshadweep,2023,14322305,412.34947001828516,23.71164101607859,25.384254974359386,75.20334793952605,0.801273477893454,17,8.096596566781992
Lakshadweep,2024,14494173,416.47296471846806,11.882339940806506,24.567154878133117,83.19512760315463,0.7369849456201786,10,6.668268012112503
Lakshadweep,2025,14668103,420.6376943656527,7.691781111887343,20.50657705448137,85.51819941756233,0.846188737654133,8,7.380988315617001
Puducherry,2000,24110754,486.0,35.509837009441384,22.661145545532243,70.58317067838071,0.47803284291842,4,8.020618000188403
Puducherry,2001,24400083,490.86,31.963786840755464,25.061561552335018,62.986133601593515,0.3556822660739715,7,0.4603871718838514
Puducherry,2002,24692884,495.7686,20.616568063650703,24.627430503436646,73.55241013841845,0.377664284698412,3,0.7679857936180363
Puducherry,2003,24989198,500.7262860000001,24.00287693436885,26.114951336153815,66.83275243412922,0.510749428295826,6,0.9968277268799032
Puducherry,2004,25289069,505.73354886,21.132999186403964,18.896461448278863,72.03854441780653,0.5577667893834687,4,3.3119894799794234
Puducherry,2005,25592537,510.79088434860006,15.556785024777579,23.749224389745375,62.560784841042185,0.4400552191053033,7,1.1079639845717533
Puducherry,2006,25899648,515.898793192086,20.269325022385992,24.47356059303137,61.53659937012968,0.5773781604403551,7,3.462980445754063
Puducherry,2007,26210444,521.0577811240069,20.380447905473478,25.45977203920517,69.95929297875806,0.6383455640456275,6,1.1307249342687948
Puducherry,2008,26524969,526.268358935247,19.515357712357385,24.175172830615523,61.81987074285762,0.46958936759496356,13,2.3198344348366193
Puducherry,2009,26843269,531.5310425245993,11.259608432841116,23.689083824288698,61.200491678781205,0.615119606841049,12,4.359237685929102
Puducherry,2010,27165388,536.8463529498454,24.146472491464124,26.435379942511886,71.47596629534013,0.8108365122764764,9,1.8299776855327416
Puducherry,2011,27491372,542.2148164793439,18.195025956302327,28.753755794312085,74.46042537736405,0.8238253745682033,6,2.5463595067303912
Puducherry,2012,27821269,547.6369646441373,23.51075772481187,22.69229637050853,75.42260983121862,0.5615437178414138,15,1.5224966444546133
Puducherry,2013,28155124,553.1133342905787,16.25375597211027,25.182685177556394,71.90676401160972,0.5738804039213993,14,4.813359255190269
Puducherry,2014,28492986,558.6444676334845,21.01914555001764,21.937198117233635,78.97872911119856,0.5617603805357376,7,2.3745841620242123
Puducherry,2015,28834901,564.2309123098194,21.660641322188155,23.566010219369687,64.67017725852865,0.8059218131289889,19,2.049193716407804
Puducherry,2016,29180920,569.8732214329176,17.156822862388783,24.757831282266,75.51926405236611,0.8987662889501218,16,5.7421974648952645
Puducherry,2017,29531091,575.5719536472467,18.04326396723257,20.489191796634902,83.06234745771452,0.5252227925838593,6,2.0865742137804255
Puducherry,2018,29885464,581.3276731837192,15.528002283832294,25.159004097347534,67.22678999256556,0.7333694755296515,15,5.383910189796062
Puducherry,2019,30244090,587.1409499155563,23.25127451462643,21.507105370832956,73.32695144367413,0.7347784693963055,10,4.874665828792098
Puducherry,2020,30607019,593.012359414712,26.37713435385551,23.92630737897035,81.42422827100481,0.6045790380548219,17,3.8607744566526345
Puducherry,2021,30974303,598.9424830088592,4.737515801895533,23.805405448880716,67.63404293554223,0.7410833599997313,12,5.023214459614559
Puducherry,2022,31345995,604.9319078389477,18.249383590504856,23.309793894083416,78.34169389741798,0.9158225802019313,13,5.7112437161527065
Puducherry,2023,31722147,610.9812269173372,9.534561517292698,25.77006989279859,72.94628111286889,0.8922982468481352,16,4.62471461811639
Puducherry,2024,32102813,617.0910391865106,16.14756885349586,25.755720192875447,76.82191334838868,0.8324012308917108,10,4.817950975908456
Puducherry,2025,32488046,623.2619495783756,10.79103575358368,27.25622876661152,73.499369783962,0.7331132072036753,16,6.202571827667242
